plot_id,tier,date,flux_id,annual_mean_temperature,diurnal_temperature_range,temperature_seasonality,annual_precipitation,precipitation_seasonality,KG_climate_classification
CH_A7,China_2016,2016-08-12,CH_A71,0.66,9.21,6.77,1859.5,76.6,28
CH_A2,China_2016,2016-08-12,CH_A22,0.66,9.21,6.77,1859.5,76.6,28
CH_A6,China_2016,2016-08-12,CH_A63,0.66,9.21,6.77,1859.5,76.6,28
CH_A1,China_2016,2016-08-12,CH_A14,0.66,9.21,6.77,1859.5,76.6,28
CH_A3,China_2016,2016-08-12,CH_A35,0.66,9.21,6.77,1859.5,76.6,28
CH_A4,China_2016,2016-08-12,CH_A46,0.66,9.21,6.77,1859.5,76.6,28
CH_A5,China_2016,2016-08-12,CH_A57,0.66,9.21,6.77,1859.5,76.6,28
CH_H5,China_2016,2016-08-13,CH_H58,-0.89,9.34,7,1766.7,76.2,30
CH_H4,China_2016,2016-08-13,CH_H49,-0.89,9.34,7,1766.7,76.2,30
CH_H1,China_2016,2016-08-13,CH_H110,-0.89,9.34,7,1766.7,76.2,30
CH_H3,China_2016,2016-08-13,CH_H311,-0.89,9.34,7,1766.7,76.2,30
CH_M3,China_2016,2016-08-11,CH_M312,2.15,9,6.61,2003.8,76.2,28
CH_M4,China_2016,2016-08-11,CH_M413,2.15,9,6.61,2003.8,76.2,28
CH_M1,China_2016,2016-08-11,CH_M114,2.15,9,6.61,2003.8,76.2,28
CH_M6,China_2016,2016-08-11,CH_M615,2.15,9,6.61,2003.8,76.2,28
CH_M5,China_2016,2016-08-11,CH_M516,2.15,9,6.61,2003.8,76.2,28
CH_M2,China_2016,2016-08-11,CH_M217,2.15,9,6.61,2003.8,76.2,28
CH_M7,China_2016,2016-08-11,CH_M718,2.15,9,6.61,2003.8,76.2,28
CH_L5,China_2016,2016-08-10,CH_L519,4.14,8.93,6.32,1984.7,76.3,28
CH_L7,China_2016,2016-08-10,CH_L720,4.14,8.93,6.32,1984.7,76.3,28
CH_L4,China_2016,2016-08-10,CH_L421,4.14,8.93,6.32,1984.7,76.3,28
CH_L2,China_2016,2016-08-10,CH_L222,4.14,8.93,6.32,1984.7,76.3,28
CH_L3,China_2016,2016-08-10,CH_L323,4.14,8.93,6.32,1984.7,76.3,28
CH_L6,China_2016,2016-08-10,CH_L624,4.14,8.93,6.32,1984.7,76.3,28
CH_L1,China_2016,2016-08-10,CH_L125,4.14,8.93,6.32,1984.7,76.3,28
PE_ACJ_B_1,Peru_2018,NA,PE_ACJ_B_126,8.53,7.14,1.05,2509.3,70.5,30
PE_ACJ_B_2,Peru_2018,NA,PE_ACJ_B_227,8.53,7.14,1.05,2509.2,70.5,30
PE_ACJ_B_3,Peru_2018,NA,PE_ACJ_B_328,8.53,7.14,1.05,2508.5,70.5,30
PE_ACJ_B_4,Peru_2018,NA,PE_ACJ_B_429,8.54,7.14,1.05,2508.1,70.5,30
PE_ACJ_B_5,Peru_2018,NA,PE_ACJ_B_530,8.54,7.14,1.05,2507.8,70.5,30
PE_ACJ_C_1,Peru_2018,NA,PE_ACJ_C_131,8.08,7.2,1.06,2553.3,70.5,30
PE_ACJ_C_2,Peru_2018,NA,PE_ACJ_C_232,8.07,7.2,1.06,2553.5,70.5,30
PE_ACJ_C_3,Peru_2018,NA,PE_ACJ_C_333,8.07,7.2,1.06,2553.5,70.5,30
PE_ACJ_C_4,Peru_2018,NA,PE_ACJ_C_434,8.06,7.2,1.06,2553.7,70.5,30
PE_ACJ_C_5,Peru_2018,NA,PE_ACJ_C_535,8.06,7.2,1.06,2553.9,70.5,30
PE_PIL_B_1,Peru_2018,NA,PE_PIL_B_136,7.13,7,1.08,2612.4,70.3,30
PE_PIL_B_2,Peru_2018,NA,PE_PIL_B_237,7.13,7,1.08,2612.4,70.3,30
PE_PIL_B_3,Peru_2018,NA,PE_PIL_B_338,7.13,7,1.08,2612.4,70.3,30
PE_PIL_B_4,Peru_2018,NA,PE_PIL_B_439,7.13,7,1.08,2612.3,70.3,30
PE_PIL_B_5,Peru_2018,NA,PE_PIL_B_540,7.12,7,1.08,2611.8,70.3,30
PE_PIL_C_2,Peru_2018,NA,PE_PIL_C_241,7.17,7,1.08,2613.4,70.3,30
PE_PIL_C_3,Peru_2018,NA,PE_PIL_C_342,7.16,7,1.08,2613.2,70.3,30
PE_PIL_C_4,Peru_2018,NA,PE_PIL_C_443,7.14,7,1.08,2612.6,70.3,30
PE_PIL_C_5,Peru_2018,NA,PE_PIL_C_544,7.13,7,1.08,2612.5,70.3,30
PE_PIL_C_1,Peru_2018,NA,PE_PIL_C_145,7.17,7,1.08,2613.5,70.3,30
PE_QUE_B_1,Peru_2018,NA,PE_QUE_B_146,6.31,7.41,1.11,2491.7,71.1,30
PE_QUE_B_2,Peru_2018,NA,PE_QUE_B_247,6.32,7.41,1.11,2490.9,71.1,30
PE_QUE_B_3,Peru_2018,NA,PE_QUE_B_348,6.34,7.42,1.11,2487.8,71.1,30
PE_QUE_B_4,Peru_2018,NA,PE_QUE_B_449,6.33,7.41,1.11,2488.2,71.1,30
PE_QUE_B_5,Peru_2018,NA,PE_QUE_B_550,6.34,7.42,1.11,2487.4,71.1,30
PE_WAY_B_1,Peru_2018,NA,PE_WAY_B_151,10.34,7.29,1.02,2700.2,69.8,10
PE_WAY_B_2,Peru_2018,NA,PE_WAY_B_252,10.34,7.29,1.02,2699.9,69.8,10
PE_WAY_B_3,Peru_2018,NA,PE_WAY_B_353,10.34,7.29,1.02,2699.6,69.8,10
PE_WAY_B_4,Peru_2018,NA,PE_WAY_B_454,10.34,7.29,1.02,2699.1,69.8,10
PE_WAY_B_5,Peru_2018,NA,PE_WAY_B_555,10.34,7.29,1.02,2699.1,69.8,10
PE_WAY_C_1,Peru_2018,NA,PE_WAY_C_156,10.31,7.28,1.03,2694.2,69.8,10
PE_WAY_C_2,Peru_2018,NA,PE_WAY_C_257,10.31,7.28,1.03,2694.1,69.8,10
PE_WAY_C_3,Peru_2018,NA,PE_WAY_C_358,10.3,7.28,1.03,2693.9,69.8,10
PE_WAY_C_4,Peru_2018,NA,PE_WAY_C_459,10.3,7.28,1.03,2693.8,69.8,10
PE_WAY_C_5,Peru_2018,NA,PE_WAY_C_560,10.29,7.28,1.03,2693.6,69.8,10
PE_ACJ_B_1,Peru_2019,NA,PE_ACJ_B_161,8.53,7.14,1.05,2509.3,70.5,30
PE_ACJ_B_2,Peru_2019,NA,PE_ACJ_B_262,8.53,7.14,1.05,2509.2,70.5,30
PE_ACJ_B_3,Peru_2019,NA,PE_ACJ_B_363,8.53,7.14,1.05,2508.5,70.5,30
PE_ACJ_B_4,Peru_2019,NA,PE_ACJ_B_464,8.54,7.14,1.05,2508.1,70.5,30
PE_ACJ_B_5,Peru_2019,NA,PE_ACJ_B_565,8.54,7.14,1.05,2507.8,70.5,30
PE_ACJ_C_1,Peru_2019,NA,PE_ACJ_C_166,8.08,7.2,1.06,2553.3,70.5,30
PE_ACJ_C_2,Peru_2019,NA,PE_ACJ_C_267,8.07,7.2,1.06,2553.5,70.5,30
PE_ACJ_C_3,Peru_2019,NA,PE_ACJ_C_368,8.07,7.2,1.06,2553.5,70.5,30
PE_ACJ_C_4,Peru_2019,NA,PE_ACJ_C_469,8.06,7.2,1.06,2553.7,70.5,30
PE_ACJ_C_5,Peru_2019,NA,PE_ACJ_C_570,8.06,7.2,1.06,2553.9,70.5,30
PE_ACJ_NB_1,Peru_2019,NA,PE_ACJ_NB_171,8.48,7.14,1.05,2530.2,70.4,30
PE_ACJ_NB_2,Peru_2019,NA,PE_ACJ_NB_272,8.48,7.14,1.05,2530.2,70.4,30
PE_ACJ_NB_3,Peru_2019,NA,PE_ACJ_NB_373,8.48,7.14,1.05,2530.2,70.4,30
PE_ACJ_NB_4,Peru_2019,NA,PE_ACJ_NB_474,8.48,7.14,1.05,2530.2,70.4,30
PE_ACJ_NB_5,Peru_2019,NA,PE_ACJ_NB_575,8.48,7.14,1.05,2530.2,70.4,30
PE_PIL_B_1,Peru_2019,NA,PE_PIL_B_176,7.13,7,1.08,2612.4,70.3,30
PE_PIL_B_2,Peru_2019,NA,PE_PIL_B_277,7.13,7,1.08,2612.4,70.3,30
PE_PIL_B_3,Peru_2019,NA,PE_PIL_B_378,7.13,7,1.08,2612.4,70.3,30
PE_PIL_B_4,Peru_2019,NA,PE_PIL_B_479,7.13,7,1.08,2612.3,70.3,30
PE_PIL_B_5,Peru_2019,NA,PE_PIL_B_580,7.12,7,1.08,2611.8,70.3,30
PE_PIL_C_1,Peru_2019,NA,PE_PIL_C_181,7.17,7,1.08,2613.5,70.3,30
PE_PIL_C_2,Peru_2019,NA,PE_PIL_C_282,7.17,7,1.08,2613.4,70.3,30
PE_PIL_C_3,Peru_2019,NA,PE_PIL_C_383,7.16,7,1.08,2613.2,70.3,30
PE_PIL_C_4,Peru_2019,NA,PE_PIL_C_484,7.14,7,1.08,2612.6,70.3,30
PE_PIL_C_5,Peru_2019,NA,PE_PIL_C_585,7.13,7,1.08,2612.5,70.3,30
PE_QUE_B_1,Peru_2019,NA,PE_QUE_B_186,6.31,7.41,1.11,2491.7,71.1,30
PE_QUE_B_2,Peru_2019,NA,PE_QUE_B_287,6.32,7.41,1.11,2490.9,71.1,30
PE_QUE_B_3,Peru_2019,NA,PE_QUE_B_388,6.34,7.42,1.11,2487.8,71.1,30
PE_QUE_B_4,Peru_2019,NA,PE_QUE_B_489,6.33,7.41,1.11,2488.2,71.1,30
PE_QUE_B_5,Peru_2019,NA,PE_QUE_B_590,6.34,7.42,1.11,2487.4,71.1,30
PE_TRE_NB_1,Peru_2019,NA,PE_TRE_NB_191,7.6,6.91,1.06,2713.8,69.8,30
PE_TRE_NB_2,Peru_2019,NA,PE_TRE_NB_292,7.6,6.91,1.06,2714.3,69.8,30
PE_TRE_NB_3,Peru_2019,NA,PE_TRE_NB_393,7.59,6.91,1.06,2714.8,69.8,30
PE_TRE_NB_4,Peru_2019,NA,PE_TRE_NB_494,7.59,6.91,1.06,2715.2,69.8,30
PE_TRE_NB_5,Peru_2019,NA,PE_TRE_NB_595,7.59,6.91,1.06,2715.7,69.8,30
PE_TRE_C_1,Peru_2019,NA,PE_TRE_C_196,6.66,6.89,1.09,2963,69.4,30
PE_TRE_C_2,Peru_2019,NA,PE_TRE_C_297,6.66,6.89,1.09,2962.6,69.4,30
PE_TRE_C_3,Peru_2019,NA,PE_TRE_C_398,6.66,6.89,1.09,2961.9,69.4,30
PE_TRE_C_4,Peru_2019,NA,PE_TRE_C_499,6.66,6.89,1.09,2961.4,69.4,30
PE_TRE_C_5,Peru_2019,NA,PE_TRE_C_5100,6.66,6.89,1.09,2961.3,69.4,30
PE_WAY_B_1,Peru_2019,NA,PE_WAY_B_1101,10.34,7.29,1.02,2700.2,69.8,10
PE_WAY_B_2,Peru_2019,NA,PE_WAY_B_2102,10.34,7.29,1.02,2699.9,69.8,10
PE_WAY_B_3,Peru_2019,NA,PE_WAY_B_3103,10.34,7.29,1.02,2699.6,69.8,10
PE_WAY_B_4,Peru_2019,NA,PE_WAY_B_4104,10.34,7.29,1.02,2699.1,69.8,10
PE_WAY_B_5,Peru_2019,NA,PE_WAY_B_5105,10.34,7.29,1.02,2699.1,69.8,10
PE_WAY_C_1,Peru_2019,NA,PE_WAY_C_1106,10.31,7.28,1.03,2694.2,69.8,10
PE_WAY_C_2,Peru_2019,NA,PE_WAY_C_2107,10.31,7.28,1.03,2694.1,69.8,10
PE_WAY_C_3,Peru_2019,NA,PE_WAY_C_3108,10.3,7.28,1.03,2693.9,69.8,10
PE_WAY_C_4,Peru_2019,NA,PE_WAY_C_4109,10.3,7.28,1.03,2693.8,69.8,10
PE_WAY_C_5,Peru_2019,NA,PE_WAY_C_5110,10.29,7.28,1.03,2693.6,69.8,10
PE_ACJ_B_1,Peru_2020,NA,PE_ACJ_B_1111,8.53,7.14,1.05,2509.3,70.5,30
PE_ACJ_B_2,Peru_2020,NA,PE_ACJ_B_2112,8.53,7.14,1.05,2509.2,70.5,30
PE_ACJ_B_3,Peru_2020,NA,PE_ACJ_B_3113,8.53,7.14,1.05,2508.5,70.5,30
PE_ACJ_B_4,Peru_2020,NA,PE_ACJ_B_4114,8.54,7.14,1.05,2508.1,70.5,30
PE_ACJ_B_5,Peru_2020,NA,PE_ACJ_B_5115,8.54,7.14,1.05,2507.8,70.5,30
PE_ACJ_C_1,Peru_2020,NA,PE_ACJ_C_1116,8.08,7.2,1.06,2553.3,70.5,30
PE_ACJ_C_2,Peru_2020,NA,PE_ACJ_C_2117,8.07,7.2,1.06,2553.5,70.5,30
PE_ACJ_C_3,Peru_2020,NA,PE_ACJ_C_3118,8.07,7.2,1.06,2553.5,70.5,30
PE_ACJ_C_4,Peru_2020,NA,PE_ACJ_C_4119,8.06,7.2,1.06,2553.7,70.5,30
PE_ACJ_C_5,Peru_2020,NA,PE_ACJ_C_5120,8.06,7.2,1.06,2553.9,70.5,30
PE_ACJ_NB_1,Peru_2020,NA,PE_ACJ_NB_1121,8.48,7.14,1.05,2530.2,70.4,30
PE_ACJ_NB_2,Peru_2020,NA,PE_ACJ_NB_2122,8.48,7.14,1.05,2530.2,70.4,30
PE_ACJ_NB_3,Peru_2020,NA,PE_ACJ_NB_3123,8.48,7.14,1.05,2530.2,70.4,30
PE_ACJ_NB_4,Peru_2020,NA,PE_ACJ_NB_4124,8.48,7.14,1.05,2530.2,70.4,30
PE_ACJ_NB_5,Peru_2020,NA,PE_ACJ_NB_5125,8.48,7.14,1.05,2530.2,70.4,30
PE_QUE_B_1,Peru_2020,NA,PE_QUE_B_1126,6.31,7.41,1.11,2491.7,71.1,30
PE_QUE_B_2,Peru_2020,NA,PE_QUE_B_2127,6.32,7.41,1.11,2490.9,71.1,30
PE_QUE_B_3,Peru_2020,NA,PE_QUE_B_3128,6.34,7.42,1.11,2487.8,71.1,30
PE_QUE_B_4,Peru_2020,NA,PE_QUE_B_4129,6.33,7.41,1.11,2488.2,71.1,30
PE_QUE_B_5,Peru_2020,NA,PE_QUE_B_5130,6.34,7.42,1.11,2487.4,71.1,30
PE_TRE_NB_1,Peru_2020,NA,PE_TRE_NB_1131,7.6,6.91,1.06,2713.8,69.8,30
PE_TRE_NB_2,Peru_2020,NA,PE_TRE_NB_2132,7.6,6.91,1.06,2714.3,69.8,30
PE_TRE_NB_3,Peru_2020,NA,PE_TRE_NB_3133,7.59,6.91,1.06,2714.8,69.8,30
PE_TRE_NB_4,Peru_2020,NA,PE_TRE_NB_4134,7.59,6.91,1.06,2715.2,69.8,30
PE_TRE_NB_5,Peru_2020,NA,PE_TRE_NB_5135,7.59,6.91,1.06,2715.7,69.8,30
PE_TRE_C_1,Peru_2020,NA,PE_TRE_C_1136,6.66,6.89,1.09,2963,69.4,30
PE_TRE_C_2,Peru_2020,NA,PE_TRE_C_2137,6.66,6.89,1.09,2962.6,69.4,30
PE_TRE_C_3,Peru_2020,NA,PE_TRE_C_3138,6.66,6.89,1.09,2961.9,69.4,30
PE_TRE_C_4,Peru_2020,NA,PE_TRE_C_4139,6.66,6.89,1.09,2961.4,69.4,30
PE_TRE_C_5,Peru_2020,NA,PE_TRE_C_5140,6.66,6.89,1.09,2961.3,69.4,30
PE_WAY_B_1,Peru_2020,NA,PE_WAY_B_1141,10.34,7.29,1.02,2700.2,69.8,10
PE_WAY_B_2,Peru_2020,NA,PE_WAY_B_2142,10.34,7.29,1.02,2699.9,69.8,10
PE_WAY_B_3,Peru_2020,NA,PE_WAY_B_3143,10.34,7.29,1.02,2699.6,69.8,10
PE_WAY_B_4,Peru_2020,NA,PE_WAY_B_4144,10.34,7.29,1.02,2699.1,69.8,10
PE_WAY_B_5,Peru_2020,NA,PE_WAY_B_5145,10.34,7.29,1.02,2699.1,69.8,10
PE_WAY_C_1,Peru_2020,NA,PE_WAY_C_1146,10.31,7.28,1.03,2694.2,69.8,10
PE_WAY_C_2,Peru_2020,NA,PE_WAY_C_2147,10.31,7.28,1.03,2694.1,69.8,10
PE_WAY_C_3,Peru_2020,NA,PE_WAY_C_3148,10.3,7.28,1.03,2693.9,69.8,10
PE_WAY_C_4,Peru_2020,NA,PE_WAY_C_4149,10.3,7.28,1.03,2693.8,69.8,10
PE_WAY_C_5,Peru_2020,NA,PE_WAY_C_5150,10.29,7.28,1.03,2693.6,69.8,10
SV_ITEXBIS_L10,Svalbard_2018,2018-07-17,SV_ITEXBIS_L10151,-7.26,3.76,7.68,447.1,28,30
SV_ITEXBIS_L2,Svalbard_2018,2018-07-17,SV_ITEXBIS_L2152,-7.26,3.76,7.68,447.1,28,30
SV_ITEXBIS_L3,Svalbard_2018,2018-07-17,SV_ITEXBIS_L3153,-7.26,3.76,7.68,447.1,28,30
SV_ITEXBIS_L6,Svalbard_2018,2018-07-17,SV_ITEXBIS_L6154,-7.26,3.76,7.68,447.1,28,30
SV_ITEXBIS_L8,Svalbard_2018,2018-07-17,SV_ITEXBIS_L8155,-7.26,3.76,7.68,447.1,28,30
SV_ITEXCAS_L1,Svalbard_2018,2018-07-17,SV_ITEXCAS_L1156,-7.26,3.76,7.68,447.1,28,30
SV_ITEXCAS_L10,Svalbard_2018,2018-07-17,SV_ITEXCAS_L10157,-7.26,3.76,7.68,447.1,28,30
SV_ITEXCAS_L3,Svalbard_2018,2018-07-17,SV_ITEXCAS_L3158,-7.26,3.76,7.68,447.1,28,30
SV_ITEXCAS_L7,Svalbard_2018,2018-07-17,SV_ITEXCAS_L7159,-7.26,3.76,7.68,447.1,28,30
SV_ITEXCAS_L9,Svalbard_2018,2018-07-17,SV_ITEXCAS_L9160,-7.26,3.76,7.68,447.1,28,30
SV_ITEXDRY_L1,Svalbard_2018,2018-07-17,SV_ITEXDRY_L1161,-7.26,3.76,7.68,447.1,28,30
SV_ITEXDRY_L2,Svalbard_2018,2018-07-17,SV_ITEXDRY_L2162,-7.26,3.76,7.68,447.1,28,30
SV_ITEXDRY_L5,Svalbard_2018,2018-07-17,SV_ITEXDRY_L5163,-7.26,3.76,7.68,447.1,28,30
SV_ITEXDRY_L7,Svalbard_2018,2018-07-17,SV_ITEXDRY_L7164,-7.26,3.76,7.68,447.1,28,30
SV_ITEXDRY_L8,Svalbard_2018,2018-07-17,SV_ITEXDRY_L8165,-7.26,3.76,7.68,447.1,28,30
SV_C2A,Svalbard_2018,2018-07-19,SV_C2A166,-6.69,3.68,7.63,386.1,27.9,30
SV_C2B,Svalbard_2018,2018-07-19,SV_C2B167,-6.69,3.68,7.63,386.1,27.9,30
SV_C2C,Svalbard_2018,2018-07-19,SV_C2C168,-6.69,3.68,7.63,386.1,27.9,30
SV_C2D,Svalbard_2018,2018-07-19,SV_C2D169,-6.69,3.68,7.63,386.1,27.9,30
SV_C2E,Svalbard_2018,2018-07-19,SV_C2E170,-6.69,3.68,7.63,386.1,27.9,30
SV_C3A,Svalbard_2018,2018-07-19,SV_C3A171,-6.78,3.68,7.61,398.7,27.9,30
SV_C3B,Svalbard_2018,2018-07-19,SV_C3B172,-6.78,3.68,7.61,398.7,27.9,30
SV_C3C,Svalbard_2018,2018-07-19,SV_C3C173,-6.78,3.68,7.61,398.7,27.9,30
SV_C3D,Svalbard_2018,2018-07-19,SV_C3D174,-6.78,3.68,7.61,398.7,27.9,30
SV_C3E,Svalbard_2018,2018-07-19,SV_C3E175,-6.78,3.68,7.61,398.6,27.9,30
SV_C4A,Svalbard_2018,2018-07-19,SV_C4A176,-6.88,3.68,7.6,408.5,28,30
SV_C4B,Svalbard_2018,2018-07-19,SV_C4B177,-6.88,3.68,7.6,408.6,28,30
SV_C4C,Svalbard_2018,2018-07-19,SV_C4C178,-6.88,3.68,7.6,408.6,28,30
SV_C4D,Svalbard_2018,2018-07-19,SV_C4D179,-6.88,3.68,7.6,408.7,28,30
SV_C4E,Svalbard_2018,2018-07-19,SV_C4E180,-6.88,3.68,7.6,408.7,28,30
SV_B5A,Svalbard_2018,2018-07-21,SV_B5A181,-7.09,3.4,7.17,426.3,26.9,30
SV_B5B,Svalbard_2018,2018-07-21,SV_B5B182,-7.09,3.4,7.17,426.1,26.9,30
SV_B5C,Svalbard_2018,2018-07-21,SV_B5C183,-7.09,3.4,7.17,425.9,26.9,30
SV_B5D,Svalbard_2018,2018-07-21,SV_B5D184,-7.09,3.4,7.17,425.8,26.9,30
SV_B5E,Svalbard_2018,2018-07-21,SV_B5E185,-7.09,3.4,7.17,425.8,26.9,30
SV_C5A,Svalbard_2018,2018-07-18,SV_C5A186,-6.96,3.69,7.6,415.4,28,30
SV_C5B,Svalbard_2018,2018-07-18,SV_C5B187,-6.96,3.69,7.6,415.4,28,30
SV_C5C,Svalbard_2018,2018-07-18,SV_C5C188,-6.96,3.69,7.6,415.5,28,30
SV_C5D,Svalbard_2018,2018-07-18,SV_C5D189,-6.96,3.69,7.6,415.4,28,30
SV_C5E,Svalbard_2018,2018-07-18,SV_C5E190,-6.96,3.68,7.6,415.5,28,30
SV_C6A,Svalbard_2018,2018-07-18,SV_C6A191,-7.04,3.69,7.59,421.2,28,30
SV_C6B,Svalbard_2018,2018-07-18,SV_C6B192,-7.04,3.69,7.59,421.3,28,30
SV_C6C,Svalbard_2018,2018-07-18,SV_C6C193,-7.04,3.69,7.59,421.3,28,30
SV_C6D,Svalbard_2018,2018-07-18,SV_C6D194,-7.04,3.69,7.59,421.4,28,30
SV_C6E,Svalbard_2018,2018-07-18,SV_C6E195,-7.04,3.69,7.59,421.6,28,30
SV_C6F,Svalbard_2018,2018-07-18,SV_C6F196,-7.04,3.69,7.59,421.7,28,30
SV_C6G,Svalbard_2018,2018-07-18,SV_C6G197,-7.04,3.69,7.59,422,28,30
SV_C7A,Svalbard_2018,2018-07-18,SV_C7A198,-7.07,3.69,7.59,423.9,28,30
SV_C7B,Svalbard_2018,2018-07-18,SV_C7B199,-7.07,3.69,7.59,424.1,28,30
SV_C7C,Svalbard_2018,2018-07-18,SV_C7C200,-7.07,3.69,7.59,424.4,28,30
SV_C7D,Svalbard_2018,2018-07-18,SV_C7D201,-7.07,3.69,7.59,424.7,28,30
NO_Hog_TTC 101,Norway_2022,2022-07-31,NO_Hog_TTC 101202,3.03,5.5,6.8,1565.5,29.7,20
NO_Hog_TTC 101,Norway_2022,2022-07-30,NO_Hog_TTC 101203,3.03,5.5,6.8,1565.5,29.7,20
NO_Hog_TTC 110,Norway_2022,2022-07-31,NO_Hog_TTC 110204,3.03,5.5,6.8,1565.5,29.7,20
NO_Hog_TTC 110,Norway_2022,2022-07-30,NO_Hog_TTC 110205,3.03,5.5,6.8,1565.5,29.7,20
NO_Hog_TTC 115,Norway_2022,2022-07-31,NO_Hog_TTC 115206,3.03,5.5,6.8,1565.5,29.7,20
NO_Hog_TTC 115,Norway_2022,2022-07-30,NO_Hog_TTC 115207,3.03,5.5,6.8,1565.5,29.7,20
NO_Joa_109 AN3C 109,Norway_2022,2022-07-29,NO_Joa_109 AN3C 109208,1.88,5.46,6.63,1682.1,29.7,20
NO_Joa_109 AN3C 109,Norway_2022,2022-07-28,NO_Joa_109 AN3C 109209,1.88,5.46,6.63,1682.1,29.7,20
NO_Joa_156 AN2C 156,Norway_2022,2022-07-29,NO_Joa_156 AN2C 156210,1.88,5.46,6.63,1682.1,29.7,20
NO_Joa_156 AN2C 156,Norway_2022,2022-07-28,NO_Joa_156 AN2C 156211,1.88,5.46,6.63,1682.1,29.7,20
NO_Joa_81 AN1C 81,Norway_2022,2022-07-29,NO_Joa_81 AN1C 81212,1.88,5.46,6.63,1682.1,29.7,20
NO_Joa_81 AN1C 81,Norway_2022,2022-07-28,NO_Joa_81 AN1C 81213,1.88,5.46,6.63,1682.1,29.7,20
NO_Lia_27 AN3C 27,Norway_2022,2022-07-27,NO_Lia_27 AN3C 27214,-0.36,5.49,6.39,2080.1,29.5,30
NO_Lia_4 AN1C 4,Norway_2022,2022-07-27,NO_Lia_4 AN1C 4215,-0.36,5.49,6.39,2080.1,29.5,30
NO_Lia_77 AN2C 77,Norway_2022,2022-07-27,NO_Lia_77 AN2C 77216,-0.36,5.49,6.39,2080.1,29.5,30
NO_Vik_TTC 140,Norway_2022,2022-07-24,NO_Vik_TTC 140217,4.4,5.5,6.98,1444.3,29.8,20
NO_Vik_TTC 141,Norway_2022,2022-07-24,NO_Vik_TTC 141218,4.4,5.5,6.98,1444.3,29.8,20
NO_Vik_TTC 146,Norway_2022,2022-07-24,NO_Vik_TTC 146219,4.4,5.5,6.98,1444.3,29.8,20
US_almont1,Colorado_2014,2014-07-07,US_almont1220,3.48,14.21,8.06,643.8,15.7,20
US_almont2,Colorado_2014,2014-07-07,US_almont2221,3.48,14.21,8.06,643.8,15.7,20
US_almont3,Colorado_2014,2014-07-07,US_almont3222,3.48,14.21,8.06,643.8,15.7,20
US_almont4,Colorado_2014,2014-07-07,US_almont4223,3.48,14.21,8.06,643.8,15.7,20
US_almont5,Colorado_2014,2014-07-07,US_almont5224,3.48,14.21,8.06,643.8,15.7,20
US_cbt1,Colorado_2014,2014-07-15,US_cbt1225,2.17,13.37,7.87,798.4,16.7,20
US_cbt2,Colorado_2014,2014-07-15,US_cbt2226,2.17,13.37,7.87,798.4,16.7,20
US_cbt3,Colorado_2014,2014-07-15,US_cbt3227,2.17,13.37,7.87,798.4,16.7,20
US_cbt4,Colorado_2014,2014-07-15,US_cbt4228,2.17,13.37,7.87,798.4,16.7,20
US_cbt5,Colorado_2014,2014-07-15,US_cbt5229,2.17,13.37,7.87,798.4,16.7,20
US_road1,Colorado_2014,2014-07-17,US_road1230,1.62,13.3,7.94,823.8,16.8,20
US_road2,Colorado_2014,2014-07-17,US_road2231,1.62,13.3,7.94,823.8,16.8,20
US_road3,Colorado_2014,2014-07-17,US_road3232,1.62,13.3,7.94,823.8,16.8,20
US_road4,Colorado_2014,2014-07-17,US_road4233,1.62,13.3,7.94,823.8,16.8,20
US_road5,Colorado_2014,2014-07-17,US_road5234,1.62,13.3,7.94,823.8,16.8,20
US_pfeiler1,Colorado_2014,2014-07-21,US_pfeiler1235,-0.48,13.14,8.28,1152.6,16.4,20
US_pfeiler2,Colorado_2014,2014-07-21,US_pfeiler2236,-0.48,13.14,8.28,1152.6,16.4,20
US_pfeiler3,Colorado_2014,2014-07-21,US_pfeiler3237,-0.48,13.14,8.28,1152.6,16.4,20
US_pfeiler4,Colorado_2014,2014-07-21,US_pfeiler4238,-0.48,13.14,8.28,1152.6,16.4,20
US_pfeiler5,Colorado_2014,2014-07-21,US_pfeiler5239,-0.48,13.14,8.28,1152.6,16.4,20
US_pbm1,Colorado_2014,2014-07-23,US_pbm1240,-1.26,13.11,8.45,1236.2,16.2,20
US_pbm2,Colorado_2014,2014-07-23,US_pbm2241,-1.26,13.11,8.45,1236.2,16.2,20
US_pbm3,Colorado_2014,2014-07-23,US_pbm3242,-1.26,13.11,8.45,1236.2,16.2,20
US_pbm4,Colorado_2014,2014-07-23,US_pbm4243,-1.26,13.11,8.45,1236.2,16.2,20
US_pbm5,Colorado_2014,2014-07-23,US_pbm5244,-1.26,13.11,8.45,1236.2,16.2,20
US_cinnamon1,Colorado_2014,2014-08-07,US_cinnamon1245,-1.64,13.13,8.55,1380.6,15.3,20
US_cinnamon2,Colorado_2014,2014-08-07,US_cinnamon2246,-1.64,13.13,8.55,1380.6,15.3,20
US_cinnamon3,Colorado_2014,2014-08-07,US_cinnamon3247,-1.64,13.13,8.55,1380.6,15.3,20
US_cinnamon4,Colorado_2014,2014-08-07,US_cinnamon4248,-1.64,13.13,8.55,1380.6,15.3,20
US_cinnamon5,Colorado_2014,2014-08-07,US_cinnamon5249,-1.64,13.13,8.55,1380.6,15.3,20
US_almont1,Colorado_2015,2015-06-23,US_almont1250,3.48,14.21,8.06,643.8,15.7,20
US_almont2,Colorado_2015,2015-06-23,US_almont2251,3.48,14.21,8.06,643.8,15.7,20
US_almont3,Colorado_2015,2015-06-23,US_almont3252,3.48,14.21,8.06,643.8,15.7,20
US_almont4,Colorado_2015,2015-06-23,US_almont4253,3.48,14.21,8.06,643.8,15.7,20
US_cbt1,Colorado_2015,2015-06-26,US_cbt1254,2.17,13.37,7.87,798.4,16.7,20
US_cbt2,Colorado_2015,2015-06-26,US_cbt2255,2.17,13.37,7.87,798.4,16.7,20
US_cbt3,Colorado_2015,2015-06-26,US_cbt3256,2.17,13.37,7.87,798.4,16.7,20
US_cbt4,Colorado_2015,2015-06-26,US_cbt4257,2.17,13.37,7.87,798.4,16.7,20
US_cbt5,Colorado_2015,2015-06-26,US_cbt5258,2.17,13.37,7.87,798.4,16.7,20
US_road1,Colorado_2015,2015-07-03,US_road1259,1.62,13.3,7.94,823.8,16.8,20
US_road2,Colorado_2015,2015-07-03,US_road2260,1.62,13.3,7.94,823.8,16.8,20
US_road3,Colorado_2015,2015-07-03,US_road3261,1.62,13.3,7.94,823.8,16.8,20
US_road4,Colorado_2015,2015-07-03,US_road4262,1.62,13.3,7.94,823.8,16.8,20
US_road5,Colorado_2015,2015-07-03,US_road5263,1.62,13.3,7.94,823.8,16.8,20
US_pfeiler1,Colorado_2015,2015-07-16,US_pfeiler1264,-0.48,13.14,8.28,1152.6,16.4,20
US_pfeiler2,Colorado_2015,2015-07-16,US_pfeiler2265,-0.48,13.14,8.28,1152.6,16.4,20
US_pfeiler3,Colorado_2015,2015-07-16,US_pfeiler3266,-0.48,13.14,8.28,1152.6,16.4,20
US_pfeiler4,Colorado_2015,2015-07-16,US_pfeiler4267,-0.48,13.14,8.28,1152.6,16.4,20
US_pfeiler5,Colorado_2015,2015-07-16,US_pfeiler5268,-0.48,13.14,8.28,1152.6,16.4,20
US_pbm1,Colorado_2015,2015-07-23,US_pbm1269,-1.26,13.11,8.45,1236.2,16.2,20
US_pbm2,Colorado_2015,2015-07-23,US_pbm2270,-1.26,13.11,8.45,1236.2,16.2,20
US_pbm3,Colorado_2015,2015-07-23,US_pbm3271,-1.26,13.11,8.45,1236.2,16.2,20
US_pbm4,Colorado_2015,2015-07-23,US_pbm4272,-1.26,13.11,8.45,1236.2,16.2,20
US_pbm5,Colorado_2015,2015-07-23,US_pbm5273,-1.26,13.11,8.45,1236.2,16.2,20
US_cinnamon1,Colorado_2015,2015-08-06,US_cinnamon1274,-1.64,13.13,8.55,1380.6,15.3,20
US_cinnamon2,Colorado_2015,2015-08-06,US_cinnamon2275,-1.64,13.13,8.55,1380.6,15.3,20
US_cinnamon3,Colorado_2015,2015-08-06,US_cinnamon3276,-1.64,13.13,8.55,1380.6,15.3,20
US_cinnamon4,Colorado_2015,2015-08-06,US_cinnamon4277,-1.64,13.13,8.55,1380.6,15.3,20
US_cinnamon5,Colorado_2015,2015-08-06,US_cinnamon5278,-1.64,13.13,8.55,1380.6,15.3,20
US_cbt1,Colorado_2016,2016-07-05,US_cbt1279,2.17,13.37,7.87,798.4,16.7,20
US_cbt2,Colorado_2016,2016-07-05,US_cbt2280,2.17,13.37,7.87,798.4,16.7,20
US_cbt3,Colorado_2016,2016-07-05,US_cbt3281,2.17,13.37,7.87,798.4,16.7,20
US_cbt4,Colorado_2016,2016-07-05,US_cbt4282,2.17,13.37,7.87,798.4,16.7,20
US_cbt5,Colorado_2016,2016-07-05,US_cbt5283,2.17,13.37,7.87,798.4,16.7,20
US_road1,Colorado_2016,2016-07-07,US_road1284,1.62,13.3,7.94,823.8,16.8,20
US_road2,Colorado_2016,2016-07-07,US_road2285,1.62,13.3,7.94,823.8,16.8,20
US_road3,Colorado_2016,2016-07-07,US_road3286,1.62,13.3,7.94,823.8,16.8,20
US_road4,Colorado_2016,2016-07-07,US_road4287,1.62,13.3,7.94,823.8,16.8,20
US_road5,Colorado_2016,2016-07-07,US_road5288,1.62,13.3,7.94,823.8,16.8,20
US_pfeiler1,Colorado_2016,2016-07-14,US_pfeiler1289,-0.48,13.14,8.28,1152.6,16.4,20
US_pfeiler2,Colorado_2016,2016-07-14,US_pfeiler2290,-0.48,13.14,8.28,1152.6,16.4,20
US_pfeiler3,Colorado_2016,2016-07-14,US_pfeiler3291,-0.48,13.14,8.28,1152.6,16.4,20
US_pfeiler4,Colorado_2016,2016-07-14,US_pfeiler4292,-0.48,13.14,8.28,1152.6,16.4,20
US_pfeiler5,Colorado_2016,2016-07-14,US_pfeiler5293,-0.48,13.14,8.28,1152.6,16.4,20
US_cinnamon1,Colorado_2016,2016-07-18,US_cinnamon1294,-1.64,13.13,8.55,1380.6,15.3,20
US_cinnamon2,Colorado_2016,2016-07-18,US_cinnamon2295,-1.64,13.13,8.55,1380.6,15.3,20
US_cinnamon3,Colorado_2016,2016-07-18,US_cinnamon3296,-1.64,13.13,8.55,1380.6,15.3,20
US_cinnamon4,Colorado_2016,2016-07-18,US_cinnamon4297,-1.64,13.13,8.55,1380.6,15.3,20
US_cinnamon5,Colorado_2016,2016-07-18,US_cinnamon5298,-1.64,13.13,8.55,1380.6,15.3,20
US_cinnamon1,Colorado_2016,2016-07-27,US_cinnamon1299,-1.64,13.13,8.55,1380.6,15.3,20
US_cinnamon2,Colorado_2016,2016-07-27,US_cinnamon2300,-1.64,13.13,8.55,1380.6,15.3,20
US_cinnamon3,Colorado_2016,2016-07-27,US_cinnamon3301,-1.64,13.13,8.55,1380.6,15.3,20
US_cinnamon4,Colorado_2016,2016-07-27,US_cinnamon4302,-1.64,13.13,8.55,1380.6,15.3,20
US_cinnamon5,Colorado_2016,2016-07-27,US_cinnamon5303,-1.64,13.13,8.55,1380.6,15.3,20
US_pfeiler1,Colorado_2016,2016-07-15,US_pfeiler1304,-0.48,13.14,8.28,1152.6,16.4,20
US_pfeiler2,Colorado_2016,2016-07-15,US_pfeiler2305,-0.48,13.14,8.28,1152.6,16.4,20
US_almont1,Colorado_2017,2017-05-29,US_almont1306,3.48,14.21,8.06,643.8,15.7,20
US_almont2,Colorado_2017,2017-05-29,US_almont2307,3.48,14.21,8.06,643.8,15.7,20
US_almont3,Colorado_2017,2017-05-29,US_almont3308,3.48,14.21,8.06,643.8,15.7,20
US_almont4,Colorado_2017,2017-05-29,US_almont4309,3.48,14.21,8.06,643.8,15.7,20
US_almont5,Colorado_2017,2017-05-29,US_almont5310,3.48,14.21,8.06,643.8,15.7,20
US_cbt1,Colorado_2017,2017-06-29,US_cbt1311,2.17,13.37,7.87,798.4,16.7,20
US_cbt2,Colorado_2017,2017-06-29,US_cbt2312,2.17,13.37,7.87,798.4,16.7,20
US_cbt3,Colorado_2017,2017-06-29,US_cbt3313,2.17,13.37,7.87,798.4,16.7,20
US_cbt4,Colorado_2017,2017-06-29,US_cbt4314,2.17,13.37,7.87,798.4,16.7,20
US_cbt5,Colorado_2017,2017-06-29,US_cbt5315,2.17,13.37,7.87,798.4,16.7,20
US_road1,Colorado_2017,2017-07-03,US_road1316,1.62,13.3,7.94,823.8,16.8,20
US_road2,Colorado_2017,2017-07-03,US_road2317,1.62,13.3,7.94,823.8,16.8,20
US_road3,Colorado_2017,2017-07-03,US_road3318,1.62,13.3,7.94,823.8,16.8,20
US_road4,Colorado_2017,2017-07-03,US_road4319,1.62,13.3,7.94,823.8,16.8,20
US_road5,Colorado_2017,2017-07-03,US_road5320,1.62,13.3,7.94,823.8,16.8,20
US_pfeiler1,Colorado_2017,2017-07-13,US_pfeiler1321,-0.48,13.14,8.28,1152.6,16.4,20
US_pfeiler2,Colorado_2017,2017-07-13,US_pfeiler2322,-0.48,13.14,8.28,1152.6,16.4,20
US_pfeiler3,Colorado_2017,2017-07-13,US_pfeiler3323,-0.48,13.14,8.28,1152.6,16.4,20
US_pfeiler4,Colorado_2017,2017-07-13,US_pfeiler4324,-0.48,13.14,8.28,1152.6,16.4,20
US_pfeiler5,Colorado_2017,2017-07-13,US_pfeiler5325,-0.48,13.14,8.28,1152.6,16.4,20
US_pbm1,Colorado_2017,2017-07-18,US_pbm1326,-1.26,13.11,8.45,1236.2,16.2,20
US_pbm2,Colorado_2017,2017-07-18,US_pbm2327,-1.26,13.11,8.45,1236.2,16.2,20
US_pbm3,Colorado_2017,2017-07-18,US_pbm3328,-1.26,13.11,8.45,1236.2,16.2,20
US_pbm4,Colorado_2017,2017-07-18,US_pbm4329,-1.26,13.11,8.45,1236.2,16.2,20
US_pbm5,Colorado_2017,2017-07-18,US_pbm5330,-1.26,13.11,8.45,1236.2,16.2,20
US_cbt1,Colorado_2018,2018-06-19,US_cbt1331,2.17,13.37,7.87,798.4,16.7,20
US_cbt2,Colorado_2018,2018-06-19,US_cbt2332,2.17,13.37,7.87,798.4,16.7,20
US_cbt3,Colorado_2018,2018-06-19,US_cbt3333,2.17,13.37,7.87,798.4,16.7,20
US_cbt4,Colorado_2018,2018-06-19,US_cbt4334,2.17,13.37,7.87,798.4,16.7,20
US_cbt5,Colorado_2018,2018-06-19,US_cbt5335,2.17,13.37,7.87,798.4,16.7,20
US_cinnamon1,Colorado_2018,2018-07-19,US_cinnamon1336,-1.64,13.13,8.55,1380.6,15.3,20
US_cinnamon2,Colorado_2018,2018-07-19,US_cinnamon2337,-1.64,13.13,8.55,1380.6,15.3,20
US_cinnamon3,Colorado_2018,2018-07-19,US_cinnamon3338,-1.64,13.13,8.55,1380.6,15.3,20
US_cinnamon4,Colorado_2018,2018-07-19,US_cinnamon4339,-1.64,13.13,8.55,1380.6,15.3,20
US_cinnamon5,Colorado_2018,2018-07-19,US_cinnamon5340,-1.64,13.13,8.55,1380.6,15.3,20
US_pbm1,Colorado_2018,2018-07-02,US_pbm1341,-1.26,13.11,8.45,1236.2,16.2,20
US_pbm2,Colorado_2018,2018-07-02,US_pbm2342,-1.26,13.11,8.45,1236.2,16.2,20
US_pbm3,Colorado_2018,2018-07-02,US_pbm3343,-1.26,13.11,8.45,1236.2,16.2,20
US_pbm4,Colorado_2018,2018-07-02,US_pbm4344,-1.26,13.11,8.45,1236.2,16.2,20
US_pbm5,Colorado_2018,2018-07-02,US_pbm5345,-1.26,13.11,8.45,1236.2,16.2,20
US_pfeiler1,Colorado_2018,2018-07-02,US_pfeiler1346,-0.48,13.14,8.28,1152.6,16.4,20
US_pfeiler2,Colorado_2018,2018-07-02,US_pfeiler2347,-0.48,13.14,8.28,1152.6,16.4,20
US_pfeiler3,Colorado_2018,2018-07-02,US_pfeiler3348,-0.48,13.14,8.28,1152.6,16.4,20
US_pfeiler4,Colorado_2018,2018-07-02,US_pfeiler4349,-0.48,13.14,8.28,1152.6,16.4,20
US_pfeiler5,Colorado_2018,2018-07-02,US_pfeiler5350,-0.48,13.14,8.28,1152.6,16.4,20
US_road1,Colorado_2018,2018-06-20,US_road1351,1.62,13.3,7.94,823.8,16.8,20
US_road2,Colorado_2018,2018-06-20,US_road2352,1.62,13.3,7.94,823.8,16.8,20
US_road3,Colorado_2018,2018-06-20,US_road3353,1.62,13.3,7.94,823.8,16.8,20
US_road4,Colorado_2018,2018-06-20,US_road4354,1.62,13.3,7.94,823.8,16.8,20
US_road5,Colorado_2018,2018-06-20,US_road5355,1.62,13.3,7.94,823.8,16.8,20
SA_2000east1,South_Africa_2023,2023-12-16,SA_2000east1356,12.09,11.35,3.95,1065.3,72.3,16
SA_2000east2,South_Africa_2023,2023-12-16,SA_2000east2357,12.09,11.35,3.95,1065.1,72.3,16
SA_2000east3,South_Africa_2023,2023-12-16,SA_2000east3358,12.09,11.35,3.95,1065,72.3,16
SA_2000east4,South_Africa_2023,2023-12-16,SA_2000east4359,12.1,11.35,3.95,1064.8,72.3,16
SA_2000east5,South_Africa_2023,2023-12-16,SA_2000east5360,12.1,11.35,3.95,1064.7,72.3,16
SA_2000west1,South_Africa_2023,2023-12-16,SA_2000west1361,12.03,11.34,3.95,1069.5,72.3,16
SA_2000west3,South_Africa_2023,2023-12-16,SA_2000west3362,12.03,11.34,3.95,1069.6,72.3,16
SA_2000west4,South_Africa_2023,2023-12-16,SA_2000west4363,12.03,11.34,3.95,1069.6,72.3,16
SA_2000west5,South_Africa_2023,2023-12-16,SA_2000west5364,12.03,11.34,3.95,1069.6,72.3,16
SA_2200east1,South_Africa_2023,2023-12-07,SA_2200east1365,11.06,11.39,4,1161.2,72.9,16
SA_2200east2,South_Africa_2023,2023-12-07,SA_2200east2366,11.06,11.39,4,1161.1,72.9,16
SA_2200east3,South_Africa_2023,2023-12-07,SA_2200east3367,11.06,11.39,4,1161.1,72.9,16
SA_2200east4,South_Africa_2023,2023-12-07,SA_2200east4368,11.06,11.39,4,1161,72.9,16
SA_2200east5,South_Africa_2023,2023-12-07,SA_2200east5369,11.06,11.39,4,1160.9,72.9,16
SA_2200west1,South_Africa_2023,2023-12-07,SA_2200west1370,11.08,11.38,4,1158.1,72.9,16
SA_2200west2,South_Africa_2023,2023-12-07,SA_2200west2371,11.08,11.38,4,1158.1,72.9,16
SA_2200west3,South_Africa_2023,2023-12-07,SA_2200west3372,11.08,11.38,4,1158,72.9,16
SA_2200west4,South_Africa_2023,2023-12-07,SA_2200west4373,11.08,11.38,4,1157.9,72.9,16
SA_2200west5,South_Africa_2023,2023-12-07,SA_2200west5374,11.08,11.38,4,1157.8,72.9,16
SA_2400east1,South_Africa_2023,2023-12-11,SA_2400east1375,9.9,11.31,4.07,1290.2,73.5,16
SA_2400east2,South_Africa_2023,2023-12-11,SA_2400east2376,9.9,11.31,4.07,1290.1,73.5,16
SA_2400east3,South_Africa_2023,2023-12-11,SA_2400east3377,9.9,11.31,4.07,1290,73.5,16
SA_2400east4,South_Africa_2023,2023-12-11,SA_2400east4378,9.9,11.31,4.07,1289.9,73.5,16
SA_2400east5,South_Africa_2023,2023-12-11,SA_2400east5379,9.9,11.31,4.07,1289.8,73.5,16
SA_2400west1,South_Africa_2023,2023-12-11,SA_2400west1380,9.8,11.3,4.07,1292.5,73.5,16
SA_2400west2,South_Africa_2023,2023-12-11,SA_2400west2381,9.8,11.3,4.07,1292.3,73.5,16
SA_2400west3,South_Africa_2023,2023-12-11,SA_2400west3382,9.8,11.3,4.07,1292.1,73.5,16
SA_2400west4,South_Africa_2023,2023-12-11,SA_2400west4383,9.8,11.3,4.07,1291.8,73.5,16
SA_2400west5,South_Africa_2023,2023-12-11,SA_2400west5384,9.81,11.3,4.07,1291.6,73.5,16
SA_2600east1,South_Africa_2023,2023-12-10,SA_2600east1385,9.37,11.3,4.09,1345.4,73.4,16
SA_2600east2,South_Africa_2023,2023-12-10,SA_2600east2386,9.37,11.3,4.09,1345.3,73.4,16
SA_2600east3,South_Africa_2023,2023-12-10,SA_2600east3387,9.37,11.3,4.09,1345.2,73.4,16
SA_2600east4,South_Africa_2023,2023-12-10,SA_2600east4388,9.37,11.3,4.09,1345.1,73.4,16
SA_2600east5,South_Africa_2023,2023-12-10,SA_2600east5389,9.38,11.3,4.09,1345,73.4,16
SA_2600west1,South_Africa_2023,2023-12-10,SA_2600west1390,9.38,11.3,4.09,1344.9,73.4,16
SA_2600west2,South_Africa_2023,2023-12-10,SA_2600west2391,9.38,11.3,4.09,1344.8,73.4,16
SA_2600west3,South_Africa_2023,2023-12-10,SA_2600west3392,9.38,11.3,4.09,1344.6,73.4,16
SA_2600west4,South_Africa_2023,2023-12-10,SA_2600west4393,9.38,11.3,4.09,1344.4,73.4,16
SA_2600west5,South_Africa_2023,2023-12-10,SA_2600west5394,9.38,11.3,4.09,1344.3,73.4,16
SA_2800east1,South_Africa_2023,2023-12-10,SA_2800east1395,7.76,11.3,4.16,1457.3,73.5,16
SA_2800east3,South_Africa_2023,2023-12-10,SA_2800east3396,7.76,11.3,4.16,1456.9,73.5,16
SA_2800east5,South_Africa_2023,2023-12-10,SA_2800east5397,7.77,11.3,4.16,1456.3,73.5,16
SA_2800west1,South_Africa_2023,2023-12-10,SA_2800west1398,7.64,11.3,4.17,1461.9,73.4,16
SA_2800west2,South_Africa_2023,2023-12-10,SA_2800west2399,7.64,11.3,4.17,1462.1,73.4,16
SA_2800west3,South_Africa_2023,2023-12-10,SA_2800west3400,7.63,11.3,4.17,1462.3,73.4,16
SA_2800west4,South_Africa_2023,2023-12-10,SA_2800west4401,7.63,11.3,4.17,1462.5,73.4,16
SA_2800west5,South_Africa_2023,2023-12-10,SA_2800west5402,7.63,11.3,4.17,1462.7,73.4,16
SA_2000west2,South_Africa_2023,2023-12-16,SA_2000west2403,12.03,11.34,3.95,1069.6,72.3,16
SA_2800east2,South_Africa_2023,2023-12-10,SA_2800east2404,7.76,11.3,4.16,1457.1,73.5,16
SA_2800east4,South_Africa_2023,2023-12-10,SA_2800east4405,7.76,11.3,4.16,1456.7,73.5,16
SA_2800east4,South_Africa_2023,2023-12-10,SA_2800east4406,7.76,11.3,4.16,1456.6,73.5,16
