elevation,treatment,plot,tier,site,latitude,longitude,plot_id,area,ndvi_max,ndvi_min,ndvi_avg
3850,c,7,China_2016,A,29.88911,102.0173,CH_A7,China,0.38845193428801644,0.029764796437337135,0.22013582702615628
3850,otc,7,China_2016,A,29.88911,102.0173,CH_A7,China,0.38845193428801644,0.029764796437337135,0.22013582702615628
3850,c,2,China_2016,A,29.88911,102.0173,CH_A2,China,0.38845193428801644,0.029764796437337135,0.22013582702615628
3850,otc,1,China_2016,A,29.88911,102.0173,CH_A1,China,0.38845193428801644,0.029764796437337135,0.22013582702615628
3850,otc,5,China_2016,A,29.88911,102.0173,CH_A5,China,0.38845193428801644,0.029764796437337135,0.22013582702615628
3850,c,6,China_2016,A,29.88911,102.0173,CH_A6,China,0.38845193428801644,0.029764796437337135,0.22013582702615628
3850,otc,6,China_2016,A,29.88911,102.0173,CH_A6,China,0.38845193428801644,0.029764796437337135,0.22013582702615628
3850,otc,2,China_2016,A,29.88911,102.0173,CH_A2,China,0.38845193428801644,0.029764796437337135,0.22013582702615628
3850,otc,3,China_2016,A,29.88911,102.0173,CH_A3,China,0.38845193428801644,0.029764796437337135,0.22013582702615628
3850,otc,4,China_2016,A,29.88911,102.0173,CH_A4,China,0.38845193428801644,0.029764796437337135,0.22013582702615628
3850,c,1,China_2016,A,29.88911,102.0173,CH_A1,China,0.38845193428801644,0.029764796437337135,0.22013582702615628
3850,c,3,China_2016,A,29.88911,102.0173,CH_A3,China,0.38845193428801644,0.029764796437337135,0.22013582702615628
3850,c,4,China_2016,A,29.88911,102.0173,CH_A4,China,0.38845193428801644,0.029764796437337135,0.22013582702615628
3850,c,5,China_2016,A,29.88911,102.0173,CH_A5,China,0.38845193428801644,0.029764796437337135,0.22013582702615628
4100,c,5,China_2016,H,29.90742,102.0118,CH_H5,China,0.37778100711732715,0.015275521749450348,0.14339398760150546
4100,otc,4,China_2016,H,29.90742,102.0118,CH_H4,China,0.37778100711732715,0.015275521749450348,0.14339398760150546
4100,otc,5,China_2016,H,29.90742,102.0118,CH_H5,China,0.37778100711732715,0.015275521749450348,0.14339398760150546
4100,c,4,China_2016,H,29.90742,102.0118,CH_H4,China,0.37778100711732715,0.015275521749450348,0.14339398760150546
4100,c,1,China_2016,H,29.90742,102.0118,CH_H1,China,0.37778100711732715,0.015275521749450348,0.14339398760150546
4100,c,3,China_2016,H,29.90742,102.0118,CH_H3,China,0.37778100711732715,0.015275521749450348,0.14339398760150546
4100,otc,3,China_2016,H,29.90742,102.0118,CH_H3,China,0.37778100711732715,0.015275521749450348,0.14339398760150546
4100,otc,1,China_2016,H,29.90742,102.0118,CH_H1,China,0.37778100711732715,0.015275521749450348,0.14339398760150546
4100,otc,2,China_2016,H,29.90742,102.0118,CH_H2,China,0.37778100711732715,0.015275521749450348,0.14339398760150546
3500,c,3,China_2016,M,29.86192,102.036,CH_M3,China,0.7999878819488145,0.4440236770761745,0.6453313445845466
3500,c,4,China_2016,M,29.86192,102.036,CH_M4,China,0.7999878819488145,0.4440236770761745,0.6453313445845466
3500,c,1,China_2016,M,29.86192,102.036,CH_M1,China,0.7999878819488145,0.4440236770761745,0.6453313445845466
3500,c,6,China_2016,M,29.86192,102.036,CH_M6,China,0.7999878819488145,0.4440236770761745,0.6453313445845466
3500,otc,3,China_2016,M,29.86192,102.036,CH_M3,China,0.7999878819488145,0.4440236770761745,0.6453313445845466
3500,otc,4,China_2016,M,29.86192,102.036,CH_M4,China,0.7999878819488145,0.4440236770761745,0.6453313445845466
3500,otc,1,China_2016,M,29.86192,102.036,CH_M1,China,0.7999878819488145,0.4440236770761745,0.6453313445845466
3500,otc,2,China_2016,M,29.86192,102.036,CH_M2,China,0.7999878819488145,0.4440236770761745,0.6453313445845466
3500,otc,5,China_2016,M,29.86192,102.036,CH_M5,China,0.7999878819488145,0.4440236770761745,0.6453313445845466
3500,c,5,China_2016,M,29.86192,102.036,CH_M5,China,0.7999878819488145,0.4440236770761745,0.6453313445845466
3500,c,2,China_2016,M,29.86192,102.036,CH_M2,China,0.7999878819488145,0.4440236770761745,0.6453313445845466
3500,c,7,China_2016,M,29.86192,102.036,CH_M7,China,0.7999878819488145,0.4440236770761745,0.6453313445845466
3500,otc,6,China_2016,M,29.86192,102.036,CH_M6,China,0.7999878819488145,0.4440236770761745,0.6453313445845466
3500,otc,7,China_2016,M,29.86192,102.036,CH_M7,China,0.7999878819488145,0.4440236770761745,0.6453313445845466
3000,c,5,China_2016,L,29.84347,102.0343,CH_L5,China,0.46036406656264994,0.0746054113676227,0.24776933759103603
3000,otc,6,China_2016,L,29.84347,102.0343,CH_L6,China,0.46036406656264994,0.0746054113676227,0.24776933759103603
3000,c,7,China_2016,L,29.84347,102.0343,CH_L7,China,0.46036406656264994,0.0746054113676227,0.24776933759103603
3000,c,4,China_2016,L,29.84347,102.0343,CH_L4,China,0.46036406656264994,0.0746054113676227,0.24776933759103603
3000,otc,5,China_2016,L,29.84347,102.0343,CH_L5,China,0.46036406656264994,0.0746054113676227,0.24776933759103603
3000,otc,7,China_2016,L,29.84347,102.0343,CH_L7,China,0.46036406656264994,0.0746054113676227,0.24776933759103603
3000,otc,4,China_2016,L,29.84347,102.0343,CH_L4,China,0.46036406656264994,0.0746054113676227,0.24776933759103603
3000,c,2,China_2016,L,29.84347,102.0343,CH_L2,China,0.46036406656264994,0.0746054113676227,0.24776933759103603
3000,c,3,China_2016,L,29.84347,102.0343,CH_L3,China,0.46036406656264994,0.0746054113676227,0.24776933759103603
3000,c,6,China_2016,L,29.84347,102.0343,CH_L6,China,0.46036406656264994,0.0746054113676227,0.24776933759103603
3000,otc,2,China_2016,L,29.84347,102.0343,CH_L2,China,0.46036406656264994,0.0746054113676227,0.24776933759103603
3000,c,1,China_2016,L,29.84347,102.0343,CH_L1,China,0.46036406656264994,0.0746054113676227,0.24776933759103603
3000,otc,1,China_2016,L,29.84347,102.0343,CH_L1,China,0.46036406656264994,0.0746054113676227,0.24776933759103603
3000,otc,3,China_2016,L,29.84347,102.0343,CH_L3,China,0.46036406656264994,0.0746054113676227,0.24776933759103603
NA,b,1,Peru_2018,ACJ,NA,NA,PE_ACJ_B_1,Peru,0.5108059544462404,0.4600275313383146,0.4844750087194304
NA,b,2,Peru_2018,ACJ,NA,NA,PE_ACJ_B_2,Peru,0.5108059544462404,0.4600275313383146,0.4844750087194304
NA,b,3,Peru_2018,ACJ,NA,NA,PE_ACJ_B_3,Peru,0.5125899625206592,0.4537344255867076,0.484166863454757
NA,b,4,Peru_2018,ACJ,NA,NA,PE_ACJ_B_4,Peru,0.5162760397727326,0.445452705886379,0.4826188609785898
NA,b,5,Peru_2018,ACJ,NA,NA,PE_ACJ_B_5,Peru,0.5187373071414249,0.44545150871921857,0.4753301133785767
NA,c,1,Peru_2018,ACJ,NA,NA,PE_ACJ_C_1,Peru,0.5543097389326541,0.39449222200807593,0.4761068494647648
NA,c,2,Peru_2018,ACJ,NA,NA,PE_ACJ_C_2,Peru,0.6127488220062571,0.21110462749561634,0.3950008721907263
NA,c,3,Peru_2018,ACJ,NA,NA,PE_ACJ_C_3,Peru,0.59444884594494,0.19640707993727355,0.37781010008866844
NA,c,4,Peru_2018,ACJ,NA,NA,PE_ACJ_C_4,Peru,0.5536215937021491,0.3508647413030389,0.42012563037807726
NA,c,5,Peru_2018,ACJ,NA,NA,PE_ACJ_C_5,Peru,0.5619788402767654,0.14338680625317332,0.3355738115940622
NA,b,1,Peru_2018,PIL,NA,NA,PE_PIL_B_1,Peru,0.6031141863475324,0.06203098539948017,0.2614294049064229
NA,b,2,Peru_2018,PIL,NA,NA,PE_PIL_B_2,Peru,0.6031141863475324,0.06203098539948017,0.2614294049064229
NA,b,3,Peru_2018,PIL,NA,NA,PE_PIL_B_3,Peru,0.6031141863475324,0.06203098539948017,0.2614294049064229
NA,b,4,Peru_2018,PIL,NA,NA,PE_PIL_B_4,Peru,0.5669295653969991,0.006566946629559648,0.22255603804743007
NA,b,5,Peru_2018,PIL,NA,NA,PE_PIL_B_5,Peru,0.6172606868646251,0.0661894399715125,0.2593922930239091
NA,bb,1,Peru_2018,PIL,NA,NA,PE_PIL_BB_1,Peru,0.5774846490123187,0.006200900969921402,0.23398758239311931
NA,bb,2,Peru_2018,PIL,NA,NA,PE_PIL_BB_2,Peru,0.5309469036949824,0.014753457333200432,0.2426808536498086
NA,bb,3,Peru_2018,PIL,NA,NA,PE_PIL_BB_3,Peru,0.5266917334080509,0.017971348059707737,0.2457064178512237
NA,c,2,Peru_2018,PIL,NA,NA,PE_PIL_C_2,Peru,0.5359348750433932,0.011334767628742928,0.23987185951871656
NA,c,3,Peru_2018,PIL,NA,NA,PE_PIL_C_3,Peru,0.5341967456843664,0.012424597905092406,0.24326645538425162
NA,c,4,Peru_2018,PIL,NA,NA,PE_PIL_C_4,Peru,0.5380791318020998,0.015186761436366826,0.2493342207030081
NA,c,5,Peru_2018,PIL,NA,NA,PE_PIL_C_5,Peru,0.6031141863475324,0.06203098539948017,0.2614294049064229
NA,c,1,Peru_2018,PIL,NA,NA,PE_PIL_C_1,Peru,0.5318933976567196,0.016845070695797264,0.24650657735974293
NA,b,1,Peru_2018,QUE,NA,NA,PE_QUE_B_1,Peru,0.5562227952617796,0.29035651146832603,0.39702584191160145
NA,b,2,Peru_2018,QUE,NA,NA,PE_QUE_B_2,Peru,0.5490205532671667,0.29225370303790743,0.39884126428875927
NA,b,3,Peru_2018,QUE,NA,NA,PE_QUE_B_3,Peru,0.5788527256582813,0.2567325590800958,0.37174797114635627
NA,b,4,Peru_2018,QUE,NA,NA,PE_QUE_B_4,Peru,0.5703973592091334,0.24035897475943988,0.35932857399508145
NA,b,5,Peru_2018,QUE,NA,NA,PE_QUE_B_5,Peru,0.5434465309257646,0.09617649112592798,0.28689350418820236
NA,b,1,Peru_2018,WAY,NA,NA,PE_WAY_B_1,Peru,0.6164370469274632,0.26365592516893704,0.40031770324719806
NA,b,2,Peru_2018,WAY,NA,NA,PE_WAY_B_2,Peru,0.604334573216526,0.3142226754339564,0.42410382188514156
NA,b,3,Peru_2018,WAY,NA,NA,PE_WAY_B_3,Peru,0.5982525415789791,0.16182670011905861,0.35662935272629454
NA,b,4,Peru_2018,WAY,NA,NA,PE_WAY_B_4,Peru,0.6103595508722814,0.09765219115871669,0.3278711852059845
NA,b,5,Peru_2018,WAY,NA,NA,PE_WAY_B_5,Peru,0.6103595508722814,0.09765219115871669,0.3278711852059845
NA,c,1,Peru_2018,WAY,NA,NA,PE_WAY_C_1,Peru,0.62742874780831,0.07807337657526907,0.33802163253037065
NA,c,2,Peru_2018,WAY,NA,NA,PE_WAY_C_2,Peru,0.6328532353025718,0.057831579111668266,0.33657419790223875
NA,c,3,Peru_2018,WAY,NA,NA,PE_WAY_C_3,Peru,0.6358755065062143,0.05667516513639232,0.33155449586630953
NA,c,4,Peru_2018,WAY,NA,NA,PE_WAY_C_4,Peru,0.5857049735892303,0.02659902748266743,0.29743765858714616
NA,c,5,Peru_2018,WAY,NA,NA,PE_WAY_C_5,Peru,0.5845101482740702,0.02687092072012706,0.2980946655816813
NA,b,1,Peru_2019,ACJ,NA,NA,PE_ACJ_B_1,Peru,0.5108059544462404,0.4600275313383146,0.4844750087194304
NA,b,2,Peru_2019,ACJ,NA,NA,PE_ACJ_B_2,Peru,0.5108059544462404,0.4600275313383146,0.4844750087194304
NA,b,3,Peru_2019,ACJ,NA,NA,PE_ACJ_B_3,Peru,0.5125899625206592,0.4537344255867076,0.484166863454757
NA,b,4,Peru_2019,ACJ,NA,NA,PE_ACJ_B_4,Peru,0.5162760397727326,0.445452705886379,0.4826188609785898
NA,b,5,Peru_2019,ACJ,NA,NA,PE_ACJ_B_5,Peru,0.5187373071414249,0.44545150871921857,0.4753301133785767
NA,c,1,Peru_2019,ACJ,NA,NA,PE_ACJ_C_1,Peru,0.5543097389326541,0.39449222200807593,0.4761068494647648
NA,c,2,Peru_2019,ACJ,NA,NA,PE_ACJ_C_2,Peru,0.6127488220062571,0.21110462749561634,0.3950008721907263
NA,c,3,Peru_2019,ACJ,NA,NA,PE_ACJ_C_3,Peru,0.59444884594494,0.19640707993727355,0.37781010008866844
NA,c,4,Peru_2019,ACJ,NA,NA,PE_ACJ_C_4,Peru,0.5536215937021491,0.3508647413030389,0.42012563037807726
NA,c,5,Peru_2019,ACJ,NA,NA,PE_ACJ_C_5,Peru,0.5619788402767654,0.14338680625317332,0.3355738115940622
NA,nb,1,Peru_2019,ACJ,NA,NA,PE_ACJ_NB_1,Peru,0.6747241058728735,0.054697349942153826,0.3641669593455909
NA,nb,2,Peru_2019,ACJ,NA,NA,PE_ACJ_NB_2,Peru,0.6747241058728735,0.054697349942153826,0.3641669593455909
NA,nb,3,Peru_2019,ACJ,NA,NA,PE_ACJ_NB_3,Peru,0.6747241058728735,0.054697349942153826,0.3641669593455909
NA,nb,4,Peru_2019,ACJ,NA,NA,PE_ACJ_NB_4,Peru,0.6747241058728735,0.054697349942153826,0.3641669593455909
NA,nb,5,Peru_2019,ACJ,NA,NA,PE_ACJ_NB_5,Peru,0.6747241058728735,0.054697349942153826,0.3641669593455909
NA,b,1,Peru_2019,PIL,NA,NA,PE_PIL_B_1,Peru,0.6031141863475324,0.06203098539948017,0.2614294049064229
NA,b,2,Peru_2019,PIL,NA,NA,PE_PIL_B_2,Peru,0.6031141863475324,0.06203098539948017,0.2614294049064229
NA,b,3,Peru_2019,PIL,NA,NA,PE_PIL_B_3,Peru,0.6031141863475324,0.06203098539948017,0.2614294049064229
NA,b,4,Peru_2019,PIL,NA,NA,PE_PIL_B_4,Peru,0.5669295653969991,0.006566946629559648,0.22255603804743007
NA,b,5,Peru_2019,PIL,NA,NA,PE_PIL_B_5,Peru,0.6172606868646251,0.0661894399715125,0.2593922930239091
NA,c,1,Peru_2019,PIL,NA,NA,PE_PIL_C_1,Peru,0.5318933976567196,0.016845070695797264,0.24650657735974293
NA,c,2,Peru_2019,PIL,NA,NA,PE_PIL_C_2,Peru,0.5359348750433932,0.011334767628742928,0.23987185951871656
NA,c,3,Peru_2019,PIL,NA,NA,PE_PIL_C_3,Peru,0.5341967456843664,0.012424597905092406,0.24326645538425162
NA,c,4,Peru_2019,PIL,NA,NA,PE_PIL_C_4,Peru,0.5380791318020998,0.015186761436366826,0.2493342207030081
NA,c,5,Peru_2019,PIL,NA,NA,PE_PIL_C_5,Peru,0.6031141863475324,0.06203098539948017,0.2614294049064229
NA,b,1,Peru_2019,QUE,NA,NA,PE_QUE_B_1,Peru,0.5562227952617796,0.29035651146832603,0.39702584191160145
NA,b,2,Peru_2019,QUE,NA,NA,PE_QUE_B_2,Peru,0.5490205532671667,0.29225370303790743,0.39884126428875927
NA,b,3,Peru_2019,QUE,NA,NA,PE_QUE_B_3,Peru,0.5788527256582813,0.2567325590800958,0.37174797114635627
NA,b,4,Peru_2019,QUE,NA,NA,PE_QUE_B_4,Peru,0.5703973592091334,0.24035897475943988,0.35932857399508145
NA,b,5,Peru_2019,QUE,NA,NA,PE_QUE_B_5,Peru,0.5434465309257646,0.09617649112592798,0.28689350418820236
NA,b,1,Peru_2019,TRE,NA,NA,PE_TRE_B_1,Peru,NA,NA,NA
NA,b,2,Peru_2019,TRE,NA,NA,PE_TRE_B_2,Peru,NA,NA,NA
NA,b,3,Peru_2019,TRE,NA,NA,PE_TRE_B_3,Peru,NA,NA,NA
NA,b,4,Peru_2019,TRE,NA,NA,PE_TRE_B_4,Peru,NA,NA,NA
NA,b,5,Peru_2019,TRE,NA,NA,PE_TRE_B_5,Peru,NA,NA,NA
NA,c,1,Peru_2019,TRE,NA,NA,PE_TRE_C_1,Peru,0.6586431367298257,0.02513319228827758,0.2930477992521346
NA,c,2,Peru_2019,TRE,NA,NA,PE_TRE_C_2,Peru,0.6411985672831508,0.028343455590030438,0.29296946802024987
NA,c,3,Peru_2019,TRE,NA,NA,PE_TRE_C_3,Peru,0.6083423386663975,0.04436640601216118,0.29950883056981703
NA,c,4,Peru_2019,TRE,NA,NA,PE_TRE_C_4,Peru,0.6462911759908786,0.03931731437993534,0.3101247183367549
NA,c,5,Peru_2019,TRE,NA,NA,PE_TRE_C_5,Peru,0.6462911759908786,0.03931731437993534,0.3101247183367549
NA,b,1,Peru_2019,WAY,NA,NA,PE_WAY_B_1,Peru,0.6164370469274632,0.26365592516893704,0.40031770324719806
NA,b,2,Peru_2019,WAY,NA,NA,PE_WAY_B_2,Peru,0.604334573216526,0.3142226754339564,0.42410382188514156
NA,b,3,Peru_2019,WAY,NA,NA,PE_WAY_B_3,Peru,0.5982525415789791,0.16182670011905861,0.35662935272629454
NA,b,4,Peru_2019,WAY,NA,NA,PE_WAY_B_4,Peru,0.6103595508722814,0.09765219115871669,0.3278711852059845
NA,b,5,Peru_2019,WAY,NA,NA,PE_WAY_B_5,Peru,0.6103595508722814,0.09765219115871669,0.3278711852059845
NA,c,1,Peru_2019,WAY,NA,NA,PE_WAY_C_1,Peru,0.62742874780831,0.07807337657526907,0.33802163253037065
NA,c,2,Peru_2019,WAY,NA,NA,PE_WAY_C_2,Peru,0.6328532353025718,0.057831579111668266,0.33657419790223875
NA,c,3,Peru_2019,WAY,NA,NA,PE_WAY_C_3,Peru,0.6358755065062143,0.05667516513639232,0.33155449586630953
NA,c,4,Peru_2019,WAY,NA,NA,PE_WAY_C_4,Peru,0.5857049735892303,0.02659902748266743,0.29743765858714616
NA,c,5,Peru_2019,WAY,NA,NA,PE_WAY_C_5,Peru,0.5845101482740702,0.02687092072012706,0.2980946655816813
NA,b,1,Peru_2020,ACJ,NA,NA,PE_ACJ_B_1,Peru,0.5108059544462404,0.4600275313383146,0.4844750087194304
NA,b,2,Peru_2020,ACJ,NA,NA,PE_ACJ_B_2,Peru,0.5108059544462404,0.4600275313383146,0.4844750087194304
NA,b,3,Peru_2020,ACJ,NA,NA,PE_ACJ_B_3,Peru,0.5125899625206592,0.4537344255867076,0.484166863454757
NA,b,4,Peru_2020,ACJ,NA,NA,PE_ACJ_B_4,Peru,0.5162760397727326,0.445452705886379,0.4826188609785898
NA,b,5,Peru_2020,ACJ,NA,NA,PE_ACJ_B_5,Peru,0.5187373071414249,0.44545150871921857,0.4753301133785767
NA,c,1,Peru_2020,ACJ,NA,NA,PE_ACJ_C_1,Peru,0.5543097389326541,0.39449222200807593,0.4761068494647648
NA,c,2,Peru_2020,ACJ,NA,NA,PE_ACJ_C_2,Peru,0.6127488220062571,0.21110462749561634,0.3950008721907263
NA,c,3,Peru_2020,ACJ,NA,NA,PE_ACJ_C_3,Peru,0.59444884594494,0.19640707993727355,0.37781010008866844
NA,c,4,Peru_2020,ACJ,NA,NA,PE_ACJ_C_4,Peru,0.5536215937021491,0.3508647413030389,0.42012563037807726
NA,c,5,Peru_2020,ACJ,NA,NA,PE_ACJ_C_5,Peru,0.5619788402767654,0.14338680625317332,0.3355738115940622
NA,nb,1,Peru_2020,ACJ,NA,NA,PE_ACJ_NB_1,Peru,0.6747241058728735,0.054697349942153826,0.3641669593455909
NA,nb,2,Peru_2020,ACJ,NA,NA,PE_ACJ_NB_2,Peru,0.6747241058728735,0.054697349942153826,0.3641669593455909
NA,nb,3,Peru_2020,ACJ,NA,NA,PE_ACJ_NB_3,Peru,0.6747241058728735,0.054697349942153826,0.3641669593455909
NA,nb,4,Peru_2020,ACJ,NA,NA,PE_ACJ_NB_4,Peru,0.6747241058728735,0.054697349942153826,0.3641669593455909
NA,nb,5,Peru_2020,ACJ,NA,NA,PE_ACJ_NB_5,Peru,0.6747241058728735,0.054697349942153826,0.3641669593455909
NA,b,1,Peru_2020,QUE,NA,NA,PE_QUE_B_1,Peru,0.5562227952617796,0.29035651146832603,0.39702584191160145
NA,b,2,Peru_2020,QUE,NA,NA,PE_QUE_B_2,Peru,0.5490205532671667,0.29225370303790743,0.39884126428875927
NA,b,3,Peru_2020,QUE,NA,NA,PE_QUE_B_3,Peru,0.5788527256582813,0.2567325590800958,0.37174797114635627
NA,b,4,Peru_2020,QUE,NA,NA,PE_QUE_B_4,Peru,0.5703973592091334,0.24035897475943988,0.35932857399508145
NA,b,5,Peru_2020,QUE,NA,NA,PE_QUE_B_5,Peru,0.5434465309257646,0.09617649112592798,0.28689350418820236
NA,b,1,Peru_2020,TRE,NA,NA,PE_TRE_B_1,Peru,NA,NA,NA
NA,b,2,Peru_2020,TRE,NA,NA,PE_TRE_B_2,Peru,NA,NA,NA
NA,b,3,Peru_2020,TRE,NA,NA,PE_TRE_B_3,Peru,NA,NA,NA
NA,b,4,Peru_2020,TRE,NA,NA,PE_TRE_B_4,Peru,NA,NA,NA
NA,b,5,Peru_2020,TRE,NA,NA,PE_TRE_B_5,Peru,NA,NA,NA
NA,c,1,Peru_2020,TRE,NA,NA,PE_TRE_C_1,Peru,0.6586431367298257,0.02513319228827758,0.2930477992521346
NA,c,2,Peru_2020,TRE,NA,NA,PE_TRE_C_2,Peru,0.6411985672831508,0.028343455590030438,0.29296946802024987
NA,c,3,Peru_2020,TRE,NA,NA,PE_TRE_C_3,Peru,0.6083423386663975,0.04436640601216118,0.29950883056981703
NA,c,4,Peru_2020,TRE,NA,NA,PE_TRE_C_4,Peru,0.6462911759908786,0.03931731437993534,0.3101247183367549
NA,c,5,Peru_2020,TRE,NA,NA,PE_TRE_C_5,Peru,0.6462911759908786,0.03931731437993534,0.3101247183367549
NA,b,1,Peru_2020,WAY,NA,NA,PE_WAY_B_1,Peru,0.6164370469274632,0.26365592516893704,0.40031770324719806
NA,b,2,Peru_2020,WAY,NA,NA,PE_WAY_B_2,Peru,0.604334573216526,0.3142226754339564,0.42410382188514156
NA,b,3,Peru_2020,WAY,NA,NA,PE_WAY_B_3,Peru,0.5982525415789791,0.16182670011905861,0.35662935272629454
NA,b,4,Peru_2020,WAY,NA,NA,PE_WAY_B_4,Peru,0.6103595508722814,0.09765219115871669,0.3278711852059845
NA,b,5,Peru_2020,WAY,NA,NA,PE_WAY_B_5,Peru,0.6103595508722814,0.09765219115871669,0.3278711852059845
NA,c,1,Peru_2020,WAY,NA,NA,PE_WAY_C_1,Peru,0.62742874780831,0.07807337657526907,0.33802163253037065
NA,c,2,Peru_2020,WAY,NA,NA,PE_WAY_C_2,Peru,0.6328532353025718,0.057831579111668266,0.33657419790223875
NA,c,3,Peru_2020,WAY,NA,NA,PE_WAY_C_3,Peru,0.6358755065062143,0.05667516513639232,0.33155449586630953
NA,c,4,Peru_2020,WAY,NA,NA,PE_WAY_C_4,Peru,0.5857049735892303,0.02659902748266743,0.29743765858714616
NA,c,5,Peru_2020,WAY,NA,NA,PE_WAY_C_5,Peru,0.5845101482740702,0.02687092072012706,0.2980946655816813
NA,nb,NA,NA,ACJ,NA,NA,NA,NA,0.6747241058728735,0.054697349942153826,0.3641669593455909
NA,c,3,NA,OCC,NA,NA,NA,NA,0.5540342248620599,0.04123173712553696,0.2687603712818094
NA,c,4,NA,OCC,NA,NA,NA,NA,0.5440811390005887,0.05719390925779717,0.27845492387615495
NA,c,2,NA,OCC,NA,NA,NA,NA,0.5519444557113649,0.03990556589704066,0.2675323742042578
NA,c,1,NA,OCC,NA,NA,NA,NA,0.5777269583803946,0.06747651346039192,0.29713892734622405
NA,c,5,NA,OCC,NA,NA,NA,NA,0.5376280899680939,0.07450374061222123,0.2888238445056627
NA,nb,1,NA,QUE,NA,NA,NA,NA,0.5562227952617796,0.29035651146832603,0.39702584191160145
NA,nb,2,NA,QUE,NA,NA,NA,NA,0.5490205532671667,0.29225370303790743,0.39884126428875927
NA,nb,4,NA,QUE,NA,NA,NA,NA,0.5703973592091334,0.24035897475943988,0.35932857399508145
NA,nb,3,NA,QUE,NA,NA,NA,NA,0.5788527256582813,0.2567325590800958,0.37174797114635627
NA,nb,5,NA,QUE,NA,NA,NA,NA,0.5434465309257646,0.09617649112592798,0.28689350418820236
NA,nb,1,NA,TRE,NA,NA,NA,NA,0.5125252608047122,0.01408920352676283,0.22454942183042603
NA,nb,2,NA,TRE,NA,NA,NA,NA,0.511917091023175,0.013939551955415495,0.22367821050454958
NA,nb,3,NA,TRE,NA,NA,NA,NA,0.5336316423603567,0.01540700810165578,0.21563109692977908
NA,nb,4,NA,TRE,NA,NA,NA,NA,0.5087031509407934,0.015134707123283195,0.22741959093170835
NA,nb,5,NA,TRE,NA,NA,NA,NA,0.5622657711670961,0.03351333454352434,0.22223717871452947
469,c,TTC 141,Norway_2022,Vik,60.8802,7.1699,NO_Vik_A_TTC 141,Norway,0.6781816844054334,0.00394654092984905,0.21551419722121357
469,c,TTC 146,Norway_2022,Vik,60.8802,7.1699,NO_Vik_A_TTC 146,Norway,0.6781816844054334,0.00394654092984905,0.21551419722121357
2089,c,4 AN1C 4,Norway_2022,Lia,60.8599,7.195,NO_Lia_A_4 AN1C 4,Norway,0.3762480466175697,0.006156898524525711,0.11859021079378661
2089,c,27 AN3C 27,Norway_2022,Lia,60.8599,7.195,NO_Lia_A_27 AN3C 27,Norway,0.3762480466175697,0.006156898524525711,0.11859021079378661
2089,c,77 AN2C 77,Norway_2022,Lia,60.8599,7.195,NO_Lia_A_77 AN2C 77,Norway,0.3762480466175697,0.006156898524525711,0.11859021079378661
1256,c,109 AN3C 109,Norway_2022,Joa,60.8618,7.168,NO_Joa_A_109 AN3C 109,Norway,0.759169933261057,0.0015070795571313703,0.21946452929405832
1256,c,81 AN1C 81,Norway_2022,Joa,60.8618,7.168,NO_Joa_A_81 AN1C 81,Norway,0.759169933261057,0.0015070795571313703,0.21946452929405832
1256,c,156 AN2C 156,Norway_2022,Joa,60.8618,7.168,NO_Joa_A_156 AN2C 156,Norway,0.759169933261057,0.0015070795571313703,0.21946452929405832
1432,c,TTC 110,Norway_2022,Hog,60.876,7.17666,NO_Hog_A_TTC 110,Norway,0.8457982567581287,0.007649641763643578,0.31622977660323026
1432,c,TTC 115,Norway_2022,Hog,60.876,7.17666,NO_Hog_A_TTC 115,Norway,0.8457982567581287,0.007649641763643578,0.31622977660323026
1432,c,TTC 101,Norway_2022,Hog,60.876,7.17666,NO_Hog_A_TTC 101,Norway,0.8457982567581287,0.007649641763643578,0.31622977660323026
80,otc,BIS-1,Svalbard_2018,ITEX,78.183,15.75,SV_ITEXBIS_1,Svalbard,0.5530617185167661,1.1631818314274043e-6,0.08046855293951863
80,c,BIS-10,Svalbard_2018,ITEX,78.183,15.75,SV_ITEXBIS_10,Svalbard,0.5530617185167661,1.1631818314274043e-6,0.08046855293951863
80,c,BIS-2,Svalbard_2018,ITEX,78.183,15.75,SV_ITEXBIS_2,Svalbard,0.5530617185167661,1.1631818314274043e-6,0.08046855293951863
80,c,BIS-3,Svalbard_2018,ITEX,78.183,15.75,SV_ITEXBIS_3,Svalbard,0.5530617185167661,1.1631818314274043e-6,0.08046855293951863
80,otc,BIS-4,Svalbard_2018,ITEX,78.183,15.75,SV_ITEXBIS_4,Svalbard,0.5530617185167661,1.1631818314274043e-6,0.08046855293951863
80,otc,BIS-5,Svalbard_2018,ITEX,78.183,15.75,SV_ITEXBIS_5,Svalbard,0.5530617185167661,1.1631818314274043e-6,0.08046855293951863
80,c,BIS-6,Svalbard_2018,ITEX,78.183,15.75,SV_ITEXBIS_6,Svalbard,0.5530617185167661,1.1631818314274043e-6,0.08046855293951863
80,otc,BIS-7,Svalbard_2018,ITEX,78.183,15.75,SV_ITEXBIS_7,Svalbard,0.5530617185167661,1.1631818314274043e-6,0.08046855293951863
80,c,BIS-8,Svalbard_2018,ITEX,78.183,15.75,SV_ITEXBIS_8,Svalbard,0.5530617185167661,1.1631818314274043e-6,0.08046855293951863
80,otc,BIS-9,Svalbard_2018,ITEX,78.183,15.75,SV_ITEXBIS_9,Svalbard,0.5530617185167661,1.1631818314274043e-6,0.08046855293951863
80,c,CAS-1,Svalbard_2018,ITEX,78.183,15.75,SV_ITEXCAS_1,Svalbard,0.5530617185167661,1.1631818314274043e-6,0.08046855293951863
80,c,CAS-10,Svalbard_2018,ITEX,78.183,15.75,SV_ITEXCAS_10,Svalbard,0.5530617185167661,1.1631818314274043e-6,0.08046855293951863
80,otc,CAS-2,Svalbard_2018,ITEX,78.183,15.75,SV_ITEXCAS_2,Svalbard,0.5530617185167661,1.1631818314274043e-6,0.08046855293951863
80,c,CAS-3,Svalbard_2018,ITEX,78.183,15.75,SV_ITEXCAS_3,Svalbard,0.5530617185167661,1.1631818314274043e-6,0.08046855293951863
80,otc,CAS-4,Svalbard_2018,ITEX,78.183,15.75,SV_ITEXCAS_4,Svalbard,0.5530617185167661,1.1631818314274043e-6,0.08046855293951863
80,otc,CAS-5,Svalbard_2018,ITEX,78.183,15.75,SV_ITEXCAS_5,Svalbard,0.5530617185167661,1.1631818314274043e-6,0.08046855293951863
80,otc,CAS-6,Svalbard_2018,ITEX,78.183,15.75,SV_ITEXCAS_6,Svalbard,0.5530617185167661,1.1631818314274043e-6,0.08046855293951863
80,c,CAS-7,Svalbard_2018,ITEX,78.183,15.75,SV_ITEXCAS_7,Svalbard,0.5530617185167661,1.1631818314274043e-6,0.08046855293951863
80,otc,CAS-8,Svalbard_2018,ITEX,78.183,15.75,SV_ITEXCAS_8,Svalbard,0.5530617185167661,1.1631818314274043e-6,0.08046855293951863
80,c,CAS-9,Svalbard_2018,ITEX,78.183,15.75,SV_ITEXCAS_9,Svalbard,0.5530617185167661,1.1631818314274043e-6,0.08046855293951863
80,c,DRY-1,Svalbard_2018,ITEX,78.183,15.75,SV_ITEXDRY_1,Svalbard,0.5530617185167661,1.1631818314274043e-6,0.08046855293951863
80,otc,DRY-10,Svalbard_2018,ITEX,78.183,15.75,SV_ITEXDRY_10,Svalbard,0.5530617185167661,1.1631818314274043e-6,0.08046855293951863
80,c,DRY-2,Svalbard_2018,ITEX,78.183,15.75,SV_ITEXDRY_2,Svalbard,0.5530617185167661,1.1631818314274043e-6,0.08046855293951863
80,otc,DRY-3,Svalbard_2018,ITEX,78.183,15.75,SV_ITEXDRY_3,Svalbard,0.5530617185167661,1.1631818314274043e-6,0.08046855293951863
80,otc,DRY-4,Svalbard_2018,ITEX,78.183,15.75,SV_ITEXDRY_4,Svalbard,0.5530617185167661,1.1631818314274043e-6,0.08046855293951863
80,c,DRY-5,Svalbard_2018,ITEX,78.183,15.75,SV_ITEXDRY_5,Svalbard,0.5530617185167661,1.1631818314274043e-6,0.08046855293951863
80,otc,DRY-6,Svalbard_2018,ITEX,78.183,15.75,SV_ITEXDRY_6,Svalbard,0.5530617185167661,1.1631818314274043e-6,0.08046855293951863
80,c,DRY-7,Svalbard_2018,ITEX,78.183,15.75,SV_ITEXDRY_7,Svalbard,0.5530617185167661,1.1631818314274043e-6,0.08046855293951863
80,c,DRY-8,Svalbard_2018,ITEX,78.183,15.75,SV_ITEXDRY_8,Svalbard,0.5530617185167661,1.1631818314274043e-6,0.08046855293951863
80,otc,DRY-9,Svalbard_2018,ITEX,78.183,15.75,SV_ITEXDRY_9,Svalbard,0.5530617185167661,1.1631818314274043e-6,0.08046855293951863
NA,NA,NA,NA,NA,NA,NA,NA,NA,0.5709169572420196,1.1745051021435759e-7,0.08123513410661073
NA,NA,NA,NA,NA,NA,NA,NA,NA,0.5838741152189869,1.770014302759823e-7,0.0843344427633299
NA,NA,NA,NA,NA,NA,NA,NA,NA,0.6182893838105952,2.0457979263818335e-7,0.08974196715782903
NA,NA,NA,NA,NA,NA,NA,NA,NA,0.608387764094335,5.062286675895198e-8,0.0843430692749569
NA,NA,NA,NA,NA,NA,NA,NA,NA,0.5899868761462566,1.2859015436691576e-7,0.08419259424433978
NA,NA,NA,NA,NA,NA,NA,NA,NA,0.47133717425391114,4.8187454740537507e-4,0.09308722001301699
NA,NA,NA,NA,NA,NA,NA,NA,NA,0.4545933388294529,1.4021691245201718e-4,0.08475088593637192
NA,NA,NA,NA,NA,NA,NA,NA,NA,0.5193987919051312,0.007015131804146602,0.135265684718223
NA,NA,NA,NA,NA,NA,NA,NA,NA,0.49259760613635406,0.005860983918428847,0.12397682451229786
NA,NA,NA,NA,NA,NA,NA,NA,NA,0.5348851114281896,1.7027972354338613e-6,0.08045019055532569
NA,NA,NA,NA,NA,NA,NA,NA,NA,0.5407462290849656,8.232033155447192e-7,0.07947797621630044
NA,NA,NA,NA,NA,NA,NA,NA,NA,0.5508939583584558,7.483728987838388e-7,0.08101179170320039
NA,NA,NA,NA,NA,NA,NA,NA,NA,0.5199439643686053,4.580217891290707e-6,0.08156776989755658
NA,NA,NA,NA,NA,NA,NA,NA,NA,0.44231150601227104,1.8570582512579513e-5,0.07393471638216959
NA,NA,NA,NA,NA,NA,NA,NA,NA,0.4886565530700446,1.6034075780458138e-6,0.07121509426259397
NA,NA,NA,NA,NA,NA,NA,NA,NA,0.4715633348157421,5.871255952738247e-5,0.08377554052401257
NA,NA,NA,NA,NA,NA,NA,NA,NA,0.44736619493486274,9.907600274237423e-6,0.0698246399886939
NA,NA,NA,NA,NA,NA,NA,NA,NA,0.5096591500141153,4.725949615539839e-6,0.07716987420345782
NA,NA,NA,NA,NA,NA,NA,NA,NA,0.45124602180049916,3.359804147987379e-5,0.07789051682263005
NA,NA,NA,NA,NA,NA,NA,NA,NA,0.5695299874788315,7.620092143763187e-7,0.08232054103603732
NA,NA,NA,NA,NA,NA,NA,NA,NA,0.3924960649522,2.559429687098277e-6,0.061308894827748345
NA,NA,NA,NA,NA,NA,NA,NA,NA,0.4802935861383534,7.614354393967125e-7,0.0701474919135307
NA,NA,NA,NA,NA,NA,NA,NA,NA,0.33041444077152604,4.748124589029413e-6,0.0550217582036285
NA,NA,NA,NA,NA,NA,NA,NA,NA,0.28000952441842275,1.66594351442851e-5,0.04935872471290774
NA,NA,NA,NA,NA,NA,NA,NA,NA,0.5392925306841824,1.24193017598764e-7,0.0767559304602409
NA,NA,NA,NA,NA,NA,NA,NA,NA,0.3112433637214462,7.907727445449847e-6,0.05315550009272907
NA,NA,NA,NA,NA,NA,NA,NA,NA,0.4940698589645108,1.5834334913146624e-6,0.07879606852863813
NA,NA,NA,NA,NA,NA,NA,NA,NA,0.4714073137518135,3.8281856337836995e-7,0.07203391441420152
NA,NA,NA,NA,NA,NA,NA,NA,NA,0.5029644807494128,2.8260565476359027e-6,0.08331794155414503
NA,NA,NA,NA,NA,NA,NA,NA,NA,0.5313285404096847,2.880187197019426e-7,0.08018433721101051
NA,NA,NA,NA,NA,NA,NA,NA,NA,0.49519862973726325,8.133379193654528e-7,0.07571749188058856
NA,NA,NA,NA,NA,NA,NA,NA,NA,0.2919577593319361,8.354690049113351e-5,0.057020829177678624
NA,NA,NA,NA,NA,NA,NA,NA,NA,0.12182455781309381,5.5502616970062447e-05,0.02433601341476039
NA,NA,NA,NA,NA,NA,NA,NA,NA,0.11882393115092504,1.0299009489843136e-4,0.02485377622713247
NA,NA,NA,NA,NA,NA,NA,NA,NA,0.3275348658061025,7.329579732896274e-5,0.06309359669383309
NA,NA,NA,NA,NA,NA,NA,NA,NA,0.5366444268772929,5.870283653336688e-7,0.07911490383830727
NA,NA,NA,NA,NA,NA,NA,NA,NA,0.43930667817295593,3.0268670442919076e-5,0.08029792528601365
NA,NA,NA,NA,NA,NA,NA,NA,NA,0.4795927218942717,3.3741126986628936e-6,0.07619043699601499
NA,NA,NA,NA,NA,NA,NA,NA,NA,0.46410623970415343,5.078500768336236e-5,0.08510515366535647
NA,NA,NA,NA,NA,NA,NA,NA,NA,0.5292843947679455,6.857567808529393e-7,0.07939453638899568
NA,NA,NA,NA,NA,NA,NA,NA,NA,0.4956171670295269,1.1734552665623094e-5,0.08547254461899297
NA,NA,NA,NA,NA,NA,NA,NA,NA,0.399253586690162,6.161432111707863e-6,0.06554886613065604
NA,NA,NA,NA,NA,NA,NA,NA,NA,0.39068774561080827,5.2865178563710865e-5,0.07546842984133555
NA,NA,NA,NA,NA,NA,NA,NA,NA,0.30138400751539707,2.358909025491752e-4,0.06805394459013174
NA,NA,NA,NA,NA,NA,NA,NA,NA,0.4461039809562408,3.040551069184719e-6,0.06847246874842498
NA,NA,NA,NA,NA,NA,NA,NA,NA,0.507285183884258,2.7506583421814096e-7,0.07198352544969498
NA,NA,NA,NA,NA,NA,NA,NA,NA,0.47622913507183,4.057891970903604e-7,0.06872256284954349
NA,NA,NA,NA,NA,NA,NA,NA,NA,0.37727919794367687,1.8370467674649318e-5,0.06335710540559973
NA,NA,NA,NA,NA,NA,NA,NA,NA,0.353368563637115,1.228716573788849e-5,0.05914551774627172
NA,NA,NA,NA,NA,NA,NA,NA,NA,0.37835365170808544,5.830801726872956e-6,0.06117964582847132
NA,NA,NA,NA,NA,NA,NA,NA,NA,0.2675160195560657,2.923421281278186e-5,0.047741672253843015
NA,NA,NA,NA,NA,NA,NA,NA,NA,0.32969023434875677,1.5772799357615647e-5,0.0557982258871056
NA,NA,NA,NA,NA,NA,NA,NA,NA,0.38386047799062495,9.027933707012249e-6,0.0637628295964976
NA,NA,NA,NA,NA,NA,NA,NA,NA,0.45320507542165844,5.942564286418593e-7,0.06510928645184384
NA,NA,NA,NA,NA,NA,NA,NA,NA,0.3841093957934453,1.0245815386943883e-5,0.0647671540400704
NA,NA,NA,NA,NA,NA,NA,NA,NA,0.3754238629938227,1.6858262507760166e-6,0.05447658324593441
NA,NA,NA,NA,NA,NA,NA,NA,NA,0.42898822835436445,1.7492184596315042e-6,0.06345003110621628
NA,NA,NA,NA,NA,NA,NA,NA,NA,0.38511932905546675,6.629551474556717e-6,0.06102063149497334
2699,NA,1,Colorado_2009,cbt,38.8818976676,-106.9802689902,US_cbt1,USA,0.6608647768914121,0.0021729524991301505,0.17599668814633504
2699,NA,2,Colorado_2009,cbt,38.8818976676,-106.9802689902,US_cbt2,USA,0.6608647768914121,0.0021729524991301505,0.17599668814633504
2699,NA,3,Colorado_2009,cbt,38.8818976676,-106.9802689902,US_cbt3,USA,0.6608647768914121,0.0021729524991301505,0.17599668814633504
2699,NA,4,Colorado_2009,cbt,38.8818976676,-106.9802689902,US_cbt4,USA,0.6608647768914121,0.0021729524991301505,0.17599668814633504
2699,NA,5,Colorado_2009,cbt,38.8818976676,-106.9802689902,US_cbt5,USA,0.6608647768914121,0.0021729524991301505,0.17599668814633504
2811,NA,1,Colorado_2009,road,38.8968994912,-106.9786007326,US_road1,USA,0.65527078800085,0.001241220297917964,0.1674971390354377
2811,NA,2,Colorado_2009,road,38.8968994912,-106.9786007326,US_road2,USA,0.65527078800085,0.001241220297917964,0.1674971390354377
2811,NA,3,Colorado_2009,road,38.8968994912,-106.9786007326,US_road3,USA,0.65527078800085,0.001241220297917964,0.1674971390354377
2811,NA,4,Colorado_2009,road,38.8968994912,-106.9786007326,US_road4,USA,0.65527078800085,0.001241220297917964,0.1674971390354377
2811,NA,5,Colorado_2009,road,38.8968994912,-106.9786007326,US_road5,USA,0.65527078800085,0.001241220297917964,0.1674971390354377
3171,NA,1,Colorado_2009,pfeiler,38.9608656524,-107.0314421354,US_pfeiler1,USA,0.6161193214244692,0.0037926314400371936,0.14286851533508793
3171,NA,2,Colorado_2009,pfeiler,38.9608656524,-107.0314421354,US_pfeiler2,USA,0.6161193214244692,0.0037926314400371936,0.14286851533508793
3171,NA,3,Colorado_2009,pfeiler,38.9608656524,-107.0314421354,US_pfeiler3,USA,0.6161193214244692,0.0037926314400371936,0.14286851533508793
3171,NA,4,Colorado_2009,pfeiler,38.9608656524,-107.0314421354,US_pfeiler4,USA,0.6161193214244692,0.0037926314400371936,0.14286851533508793
3171,NA,5,Colorado_2009,pfeiler,38.9608656524,-107.0314421354,US_pfeiler5,USA,0.6161193214244692,0.0037926314400371936,0.14286851533508793
3371,NA,1,Colorado_2009,pbm,38.969470887600004,-107.0409444164,US_pbm1,USA,0.43540419636311634,0.008872116208655285,0.12260357117029096
3371,NA,2,Colorado_2009,pbm,38.969470887600004,-107.0409444164,US_pbm2,USA,0.43540419636311634,0.008872116208655285,0.12260357117029096
3371,NA,3,Colorado_2009,pbm,38.969470887600004,-107.0409444164,US_pbm3,USA,0.43540419636311634,0.008872116208655285,0.12260357117029096
3371,NA,4,Colorado_2009,pbm,38.969470887600004,-107.0409444164,US_pbm4,USA,0.43540419636311634,0.008872116208655285,0.12260357117029096
3371,NA,5,Colorado_2009,pbm,38.969470887600004,-107.0409444164,US_pbm5,USA,0.43540419636311634,0.008872116208655285,0.12260357117029096
2484,NA,1,Colorado_2009,almont,38.6698886666667,-106.844210666667,US_almont1,USA,0.37405693627799413,0.005282405500484205,0.1381167394072318
2484,NA,2,Colorado_2009,almont,38.6698886666667,-106.844210666667,US_almont2,USA,0.37405693627799413,0.005282405500484205,0.1381167394072318
2484,NA,3,Colorado_2009,almont,38.6698886666667,-106.844210666667,US_almont3,USA,0.37405693627799413,0.005282405500484205,0.1381167394072318
2484,NA,4,Colorado_2009,almont,38.6698886666667,-106.844210666667,US_almont4,USA,0.37405693627799413,0.005282405500484205,0.1381167394072318
2484,NA,5,Colorado_2009,almont,38.6698886666667,-106.844210666667,US_almont5,USA,0.37405693627799413,0.005282405500484205,0.1381167394072318
2484,NA,1,Colorado_2010,almont,38.6698886666667,-106.844210666667,US_almont1,USA,0.37405693627799413,0.005282405500484205,0.1381167394072318
2484,NA,2,Colorado_2010,almont,38.6698886666667,-106.844210666667,US_almont2,USA,0.37405693627799413,0.005282405500484205,0.1381167394072318
2484,NA,3,Colorado_2010,almont,38.6698886666667,-106.844210666667,US_almont3,USA,0.37405693627799413,0.005282405500484205,0.1381167394072318
2484,NA,4,Colorado_2010,almont,38.6698886666667,-106.844210666667,US_almont4,USA,0.37405693627799413,0.005282405500484205,0.1381167394072318
2484,NA,5,Colorado_2010,almont,38.6698886666667,-106.844210666667,US_almont5,USA,0.37405693627799413,0.005282405500484205,0.1381167394072318
2699,NA,2,Colorado_2010,cbt,38.8818976676,-106.9802689902,US_cbt2,USA,0.6608647768914121,0.0021729524991301505,0.17599668814633504
2699,NA,3,Colorado_2010,cbt,38.8818976676,-106.9802689902,US_cbt3,USA,0.6608647768914121,0.0021729524991301505,0.17599668814633504
2699,NA,4,Colorado_2010,cbt,38.8818976676,-106.9802689902,US_cbt4,USA,0.6608647768914121,0.0021729524991301505,0.17599668814633504
2699,NA,5,Colorado_2010,cbt,38.8818976676,-106.9802689902,US_cbt5,USA,0.6608647768914121,0.0021729524991301505,0.17599668814633504
2811,NA,1,Colorado_2010,road,38.8968994912,-106.9786007326,US_road1,USA,0.65527078800085,0.001241220297917964,0.1674971390354377
2811,NA,2,Colorado_2010,road,38.8968994912,-106.9786007326,US_road2,USA,0.65527078800085,0.001241220297917964,0.1674971390354377
2811,NA,3,Colorado_2010,road,38.8968994912,-106.9786007326,US_road3,USA,0.65527078800085,0.001241220297917964,0.1674971390354377
2811,NA,4,Colorado_2010,road,38.8968994912,-106.9786007326,US_road4,USA,0.65527078800085,0.001241220297917964,0.1674971390354377
2811,NA,5,Colorado_2010,road,38.8968994912,-106.9786007326,US_road5,USA,0.65527078800085,0.001241220297917964,0.1674971390354377
2811,NA,6,Colorado_2010,road,38.8968994912,-106.9786007326,US_road6,USA,0.65527078800085,0.001241220297917964,0.1674971390354377
2811,NA,7,Colorado_2010,road,38.8968994912,-106.9786007326,US_road7,USA,0.65527078800085,0.001241220297917964,0.1674971390354377
3171,NA,1,Colorado_2010,pfeiler,38.9608656524,-107.0314421354,US_pfeiler1,USA,0.6161193214244692,0.0037926314400371936,0.14286851533508793
3171,NA,2,Colorado_2010,pfeiler,38.9608656524,-107.0314421354,US_pfeiler2,USA,0.6161193214244692,0.0037926314400371936,0.14286851533508793
3171,NA,3,Colorado_2010,pfeiler,38.9608656524,-107.0314421354,US_pfeiler3,USA,0.6161193214244692,0.0037926314400371936,0.14286851533508793
3171,NA,4,Colorado_2010,pfeiler,38.9608656524,-107.0314421354,US_pfeiler4,USA,0.6161193214244692,0.0037926314400371936,0.14286851533508793
3171,NA,5,Colorado_2010,pfeiler,38.9608656524,-107.0314421354,US_pfeiler5,USA,0.6161193214244692,0.0037926314400371936,0.14286851533508793
3171,NA,6,Colorado_2010,pfeiler,38.9608656524,-107.0314421354,US_pfeiler6,USA,0.6161193214244692,0.0037926314400371936,0.14286851533508793
3171,NA,7,Colorado_2010,pfeiler,38.9608656524,-107.0314421354,US_pfeiler7,USA,0.6161193214244692,0.0037926314400371936,0.14286851533508793
3371,NA,1,Colorado_2010,pbm,38.969470887600004,-107.0409444164,US_pbm1,USA,0.43540419636311634,0.008872116208655285,0.12260357117029096
3371,NA,2,Colorado_2010,pbm,38.969470887600004,-107.0409444164,US_pbm2,USA,0.43540419636311634,0.008872116208655285,0.12260357117029096
3371,NA,3,Colorado_2010,pbm,38.969470887600004,-107.0409444164,US_pbm3,USA,0.43540419636311634,0.008872116208655285,0.12260357117029096
3371,NA,4,Colorado_2010,pbm,38.969470887600004,-107.0409444164,US_pbm4,USA,0.43540419636311634,0.008872116208655285,0.12260357117029096
3371,NA,5,Colorado_2010,pbm,38.969470887600004,-107.0409444164,US_pbm5,USA,0.43540419636311634,0.008872116208655285,0.12260357117029096
3371,NA,6,Colorado_2010,pbm,38.969470887600004,-107.0409444164,US_pbm6,USA,0.43540419636311634,0.008872116208655285,0.12260357117029096
3371,NA,7,Colorado_2010,pbm,38.969470887600004,-107.0409444164,US_pbm7,USA,0.43540419636311634,0.008872116208655285,0.12260357117029096
2699,NA,1,Colorado_2010,cbt,38.8818976676,-106.9802689902,US_cbt1,USA,0.6608647768914121,0.0021729524991301505,0.17599668814633504
2484,NA,1,Colorado_2011,almont,38.6698886666667,-106.844210666667,US_almont1,USA,0.37405693627799413,0.005282405500484205,0.1381167394072318
2484,NA,2,Colorado_2011,almont,38.6698886666667,-106.844210666667,US_almont2,USA,0.37405693627799413,0.005282405500484205,0.1381167394072318
2484,NA,3,Colorado_2011,almont,38.6698886666667,-106.844210666667,US_almont3,USA,0.37405693627799413,0.005282405500484205,0.1381167394072318
2484,NA,4,Colorado_2011,almont,38.6698886666667,-106.844210666667,US_almont4,USA,0.37405693627799413,0.005282405500484205,0.1381167394072318
2484,NA,5,Colorado_2011,almont,38.6698886666667,-106.844210666667,US_almont5,USA,0.37405693627799413,0.005282405500484205,0.1381167394072318
2699,NA,1,Colorado_2011,cbt,38.8818976676,-106.9802689902,US_cbt1,USA,0.6608647768914121,0.0021729524991301505,0.17599668814633504
2699,NA,2,Colorado_2011,cbt,38.8818976676,-106.9802689902,US_cbt2,USA,0.6608647768914121,0.0021729524991301505,0.17599668814633504
2699,NA,3,Colorado_2011,cbt,38.8818976676,-106.9802689902,US_cbt3,USA,0.6608647768914121,0.0021729524991301505,0.17599668814633504
2699,NA,4,Colorado_2011,cbt,38.8818976676,-106.9802689902,US_cbt4,USA,0.6608647768914121,0.0021729524991301505,0.17599668814633504
2699,NA,5,Colorado_2011,cbt,38.8818976676,-106.9802689902,US_cbt5,USA,0.6608647768914121,0.0021729524991301505,0.17599668814633504
2811,NA,1,Colorado_2011,road,38.8968994912,-106.9786007326,US_road1,USA,0.65527078800085,0.001241220297917964,0.1674971390354377
2811,NA,2,Colorado_2011,road,38.8968994912,-106.9786007326,US_road2,USA,0.65527078800085,0.001241220297917964,0.1674971390354377
2811,NA,3,Colorado_2011,road,38.8968994912,-106.9786007326,US_road3,USA,0.65527078800085,0.001241220297917964,0.1674971390354377
2811,NA,4,Colorado_2011,road,38.8968994912,-106.9786007326,US_road4,USA,0.65527078800085,0.001241220297917964,0.1674971390354377
2811,NA,5,Colorado_2011,road,38.8968994912,-106.9786007326,US_road5,USA,0.65527078800085,0.001241220297917964,0.1674971390354377
3171,NA,1,Colorado_2011,pfeiler,38.9608656524,-107.0314421354,US_pfeiler1,USA,0.6161193214244692,0.0037926314400371936,0.14286851533508793
3171,NA,2,Colorado_2011,pfeiler,38.9608656524,-107.0314421354,US_pfeiler2,USA,0.6161193214244692,0.0037926314400371936,0.14286851533508793
3171,NA,3,Colorado_2011,pfeiler,38.9608656524,-107.0314421354,US_pfeiler3,USA,0.6161193214244692,0.0037926314400371936,0.14286851533508793
3171,NA,4,Colorado_2011,pfeiler,38.9608656524,-107.0314421354,US_pfeiler4,USA,0.6161193214244692,0.0037926314400371936,0.14286851533508793
3171,NA,5,Colorado_2011,pfeiler,38.9608656524,-107.0314421354,US_pfeiler5,USA,0.6161193214244692,0.0037926314400371936,0.14286851533508793
3371,NA,1,Colorado_2011,pbm,38.969470887600004,-107.0409444164,US_pbm1,USA,0.43540419636311634,0.008872116208655285,0.12260357117029096
3371,NA,2,Colorado_2011,pbm,38.969470887600004,-107.0409444164,US_pbm2,USA,0.43540419636311634,0.008872116208655285,0.12260357117029096
3371,NA,3,Colorado_2011,pbm,38.969470887600004,-107.0409444164,US_pbm3,USA,0.43540419636311634,0.008872116208655285,0.12260357117029096
3371,NA,4,Colorado_2011,pbm,38.969470887600004,-107.0409444164,US_pbm4,USA,0.43540419636311634,0.008872116208655285,0.12260357117029096
3371,NA,5,Colorado_2011,pbm,38.969470887600004,-107.0409444164,US_pbm5,USA,0.43540419636311634,0.008872116208655285,0.12260357117029096
2484,NA,1,Colorado_2012,almont,38.6698886666667,-106.844210666667,US_almont1,USA,0.37405693627799413,0.005282405500484205,0.1381167394072318
2484,NA,2,Colorado_2012,almont,38.6698886666667,-106.844210666667,US_almont2,USA,0.37405693627799413,0.005282405500484205,0.1381167394072318
2484,NA,3,Colorado_2012,almont,38.6698886666667,-106.844210666667,US_almont3,USA,0.37405693627799413,0.005282405500484205,0.1381167394072318
2484,NA,4,Colorado_2012,almont,38.6698886666667,-106.844210666667,US_almont4,USA,0.37405693627799413,0.005282405500484205,0.1381167394072318
2484,NA,5,Colorado_2012,almont,38.6698886666667,-106.844210666667,US_almont5,USA,0.37405693627799413,0.005282405500484205,0.1381167394072318
2699,NA,1,Colorado_2012,cbt,38.8818976676,-106.9802689902,US_cbt1,USA,0.6608647768914121,0.0021729524991301505,0.17599668814633504
2699,NA,2,Colorado_2012,cbt,38.8818976676,-106.9802689902,US_cbt2,USA,0.6608647768914121,0.0021729524991301505,0.17599668814633504
2699,NA,3,Colorado_2012,cbt,38.8818976676,-106.9802689902,US_cbt3,USA,0.6608647768914121,0.0021729524991301505,0.17599668814633504
2699,NA,4,Colorado_2012,cbt,38.8818976676,-106.9802689902,US_cbt4,USA,0.6608647768914121,0.0021729524991301505,0.17599668814633504
2699,NA,5,Colorado_2012,cbt,38.8818976676,-106.9802689902,US_cbt5,USA,0.6608647768914121,0.0021729524991301505,0.17599668814633504
2811,NA,1,Colorado_2012,road,38.8968994912,-106.9786007326,US_road1,USA,0.65527078800085,0.001241220297917964,0.1674971390354377
2811,NA,2,Colorado_2012,road,38.8968994912,-106.9786007326,US_road2,USA,0.65527078800085,0.001241220297917964,0.1674971390354377
2811,NA,3,Colorado_2012,road,38.8968994912,-106.9786007326,US_road3,USA,0.65527078800085,0.001241220297917964,0.1674971390354377
2811,NA,4,Colorado_2012,road,38.8968994912,-106.9786007326,US_road4,USA,0.65527078800085,0.001241220297917964,0.1674971390354377
2811,NA,5,Colorado_2012,road,38.8968994912,-106.9786007326,US_road5,USA,0.65527078800085,0.001241220297917964,0.1674971390354377
3171,NA,1,Colorado_2012,pfeiler,38.9608656524,-107.0314421354,US_pfeiler1,USA,0.6161193214244692,0.0037926314400371936,0.14286851533508793
3171,NA,2,Colorado_2012,pfeiler,38.9608656524,-107.0314421354,US_pfeiler2,USA,0.6161193214244692,0.0037926314400371936,0.14286851533508793
3171,NA,3,Colorado_2012,pfeiler,38.9608656524,-107.0314421354,US_pfeiler3,USA,0.6161193214244692,0.0037926314400371936,0.14286851533508793
3171,NA,4,Colorado_2012,pfeiler,38.9608656524,-107.0314421354,US_pfeiler4,USA,0.6161193214244692,0.0037926314400371936,0.14286851533508793
3171,NA,5,Colorado_2012,pfeiler,38.9608656524,-107.0314421354,US_pfeiler5,USA,0.6161193214244692,0.0037926314400371936,0.14286851533508793
3371,NA,1,Colorado_2012,pbm,38.969470887600004,-107.0409444164,US_pbm1,USA,0.43540419636311634,0.008872116208655285,0.12260357117029096
3371,NA,2,Colorado_2012,pbm,38.969470887600004,-107.0409444164,US_pbm2,USA,0.43540419636311634,0.008872116208655285,0.12260357117029096
3371,NA,3,Colorado_2012,pbm,38.969470887600004,-107.0409444164,US_pbm3,USA,0.43540419636311634,0.008872116208655285,0.12260357117029096
3371,NA,4,Colorado_2012,pbm,38.969470887600004,-107.0409444164,US_pbm4,USA,0.43540419636311634,0.008872116208655285,0.12260357117029096
3371,NA,5,Colorado_2012,pbm,38.969470887600004,-107.0409444164,US_pbm5,USA,0.43540419636311634,0.008872116208655285,0.12260357117029096
2484,NA,1,Colorado_2013,almont,38.6698886666667,-106.844210666667,US_almont1,USA,0.37405693627799413,0.005282405500484205,0.1381167394072318
2484,NA,2,Colorado_2013,almont,38.6698886666667,-106.844210666667,US_almont2,USA,0.37405693627799413,0.005282405500484205,0.1381167394072318
2484,NA,3,Colorado_2013,almont,38.6698886666667,-106.844210666667,US_almont3,USA,0.37405693627799413,0.005282405500484205,0.1381167394072318
2484,NA,4,Colorado_2013,almont,38.6698886666667,-106.844210666667,US_almont4,USA,0.37405693627799413,0.005282405500484205,0.1381167394072318
2484,NA,5,Colorado_2013,almont,38.6698886666667,-106.844210666667,US_almont5,USA,0.37405693627799413,0.005282405500484205,0.1381167394072318
2699,NA,1,Colorado_2013,cbt,38.8818976676,-106.9802689902,US_cbt1,USA,0.6608647768914121,0.0021729524991301505,0.17599668814633504
2699,NA,2,Colorado_2013,cbt,38.8818976676,-106.9802689902,US_cbt2,USA,0.6608647768914121,0.0021729524991301505,0.17599668814633504
2699,NA,3,Colorado_2013,cbt,38.8818976676,-106.9802689902,US_cbt3,USA,0.6608647768914121,0.0021729524991301505,0.17599668814633504
2699,NA,4,Colorado_2013,cbt,38.8818976676,-106.9802689902,US_cbt4,USA,0.6608647768914121,0.0021729524991301505,0.17599668814633504
2699,NA,5,Colorado_2013,cbt,38.8818976676,-106.9802689902,US_cbt5,USA,0.6608647768914121,0.0021729524991301505,0.17599668814633504
2811,NA,1,Colorado_2013,road,38.8968994912,-106.9786007326,US_road1,USA,0.65527078800085,0.001241220297917964,0.1674971390354377
2811,NA,2,Colorado_2013,road,38.8968994912,-106.9786007326,US_road2,USA,0.65527078800085,0.001241220297917964,0.1674971390354377
2811,NA,3,Colorado_2013,road,38.8968994912,-106.9786007326,US_road3,USA,0.65527078800085,0.001241220297917964,0.1674971390354377
2811,NA,4,Colorado_2013,road,38.8968994912,-106.9786007326,US_road4,USA,0.65527078800085,0.001241220297917964,0.1674971390354377
2811,NA,5,Colorado_2013,road,38.8968994912,-106.9786007326,US_road5,USA,0.65527078800085,0.001241220297917964,0.1674971390354377
3171,NA,1,Colorado_2013,pfeiler,38.9608656524,-107.0314421354,US_pfeiler1,USA,0.6161193214244692,0.0037926314400371936,0.14286851533508793
3171,NA,2,Colorado_2013,pfeiler,38.9608656524,-107.0314421354,US_pfeiler2,USA,0.6161193214244692,0.0037926314400371936,0.14286851533508793
3171,NA,3,Colorado_2013,pfeiler,38.9608656524,-107.0314421354,US_pfeiler3,USA,0.6161193214244692,0.0037926314400371936,0.14286851533508793
3171,NA,4,Colorado_2013,pfeiler,38.9608656524,-107.0314421354,US_pfeiler4,USA,0.6161193214244692,0.0037926314400371936,0.14286851533508793
3171,NA,5,Colorado_2013,pfeiler,38.9608656524,-107.0314421354,US_pfeiler5,USA,0.6161193214244692,0.0037926314400371936,0.14286851533508793
3371,NA,1,Colorado_2013,pbm,38.969470887600004,-107.0409444164,US_pbm1,USA,0.43540419636311634,0.008872116208655285,0.12260357117029096
3371,NA,2,Colorado_2013,pbm,38.969470887600004,-107.0409444164,US_pbm2,USA,0.43540419636311634,0.008872116208655285,0.12260357117029096
3371,NA,3,Colorado_2013,pbm,38.969470887600004,-107.0409444164,US_pbm3,USA,0.43540419636311634,0.008872116208655285,0.12260357117029096
3371,NA,4,Colorado_2013,pbm,38.969470887600004,-107.0409444164,US_pbm4,USA,0.43540419636311634,0.008872116208655285,0.12260357117029096
3371,NA,5,Colorado_2013,pbm,38.969470887600004,-107.0409444164,US_pbm5,USA,0.43540419636311634,0.008872116208655285,0.12260357117029096
3458,NA,1,Colorado_2013,cinnamon,38.991629138,-107.066377155,US_cinnamon1,USA,0.10506058245729397,0.013260315331971563,0.04543000822851673
3458,NA,2,Colorado_2013,cinnamon,38.991629138,-107.066377155,US_cinnamon2,USA,0.10506058245729397,0.013260315331971563,0.04543000822851673
3458,NA,3,Colorado_2013,cinnamon,38.991629138,-107.066377155,US_cinnamon3,USA,0.10506058245729397,0.013260315331971563,0.04543000822851673
3458,NA,4,Colorado_2013,cinnamon,38.991629138,-107.066377155,US_cinnamon4,USA,0.10506058245729397,0.013260315331971563,0.04543000822851673
3458,NA,5,Colorado_2013,cinnamon,38.991629138,-107.066377155,US_cinnamon5,USA,0.10506058245729397,0.013260315331971563,0.04543000822851673
2484,NA,1,Colorado_2014,almont,38.6698886666667,-106.844210666667,US_almont1,USA,0.37405693627799413,0.005282405500484205,0.1381167394072318
2484,NA,2,Colorado_2014,almont,38.6698886666667,-106.844210666667,US_almont2,USA,0.37405693627799413,0.005282405500484205,0.1381167394072318
2484,NA,3,Colorado_2014,almont,38.6698886666667,-106.844210666667,US_almont3,USA,0.37405693627799413,0.005282405500484205,0.1381167394072318
2484,NA,4,Colorado_2014,almont,38.6698886666667,-106.844210666667,US_almont4,USA,0.37405693627799413,0.005282405500484205,0.1381167394072318
2484,NA,5,Colorado_2014,almont,38.6698886666667,-106.844210666667,US_almont5,USA,0.37405693627799413,0.005282405500484205,0.1381167394072318
2699,NA,1,Colorado_2014,cbt,38.8818976676,-106.9802689902,US_cbt1,USA,0.6608647768914121,0.0021729524991301505,0.17599668814633504
2699,NA,2,Colorado_2014,cbt,38.8818976676,-106.9802689902,US_cbt2,USA,0.6608647768914121,0.0021729524991301505,0.17599668814633504
2699,NA,3,Colorado_2014,cbt,38.8818976676,-106.9802689902,US_cbt3,USA,0.6608647768914121,0.0021729524991301505,0.17599668814633504
2699,NA,4,Colorado_2014,cbt,38.8818976676,-106.9802689902,US_cbt4,USA,0.6608647768914121,0.0021729524991301505,0.17599668814633504
2699,NA,5,Colorado_2014,cbt,38.8818976676,-106.9802689902,US_cbt5,USA,0.6608647768914121,0.0021729524991301505,0.17599668814633504
2811,NA,1,Colorado_2014,road,38.8968994912,-106.9786007326,US_road1,USA,0.65527078800085,0.001241220297917964,0.1674971390354377
2811,NA,2,Colorado_2014,road,38.8968994912,-106.9786007326,US_road2,USA,0.65527078800085,0.001241220297917964,0.1674971390354377
2811,NA,3,Colorado_2014,road,38.8968994912,-106.9786007326,US_road3,USA,0.65527078800085,0.001241220297917964,0.1674971390354377
2811,NA,4,Colorado_2014,road,38.8968994912,-106.9786007326,US_road4,USA,0.65527078800085,0.001241220297917964,0.1674971390354377
2811,NA,5,Colorado_2014,road,38.8968994912,-106.9786007326,US_road5,USA,0.65527078800085,0.001241220297917964,0.1674971390354377
3171,NA,1,Colorado_2014,pfeiler,38.9608656524,-107.0314421354,US_pfeiler1,USA,0.6161193214244692,0.0037926314400371936,0.14286851533508793
3171,NA,2,Colorado_2014,pfeiler,38.9608656524,-107.0314421354,US_pfeiler2,USA,0.6161193214244692,0.0037926314400371936,0.14286851533508793
3171,NA,3,Colorado_2014,pfeiler,38.9608656524,-107.0314421354,US_pfeiler3,USA,0.6161193214244692,0.0037926314400371936,0.14286851533508793
3171,NA,4,Colorado_2014,pfeiler,38.9608656524,-107.0314421354,US_pfeiler4,USA,0.6161193214244692,0.0037926314400371936,0.14286851533508793
3171,NA,5,Colorado_2014,pfeiler,38.9608656524,-107.0314421354,US_pfeiler5,USA,0.6161193214244692,0.0037926314400371936,0.14286851533508793
3371,NA,1,Colorado_2014,pbm,38.969470887600004,-107.0409444164,US_pbm1,USA,0.43540419636311634,0.008872116208655285,0.12260357117029096
3371,NA,2,Colorado_2014,pbm,38.969470887600004,-107.0409444164,US_pbm2,USA,0.43540419636311634,0.008872116208655285,0.12260357117029096
3371,NA,3,Colorado_2014,pbm,38.969470887600004,-107.0409444164,US_pbm3,USA,0.43540419636311634,0.008872116208655285,0.12260357117029096
3371,NA,4,Colorado_2014,pbm,38.969470887600004,-107.0409444164,US_pbm4,USA,0.43540419636311634,0.008872116208655285,0.12260357117029096
3371,NA,5,Colorado_2014,pbm,38.969470887600004,-107.0409444164,US_pbm5,USA,0.43540419636311634,0.008872116208655285,0.12260357117029096
3458,NA,1,Colorado_2014,cinnamon,38.991629138,-107.066377155,US_cinnamon1,USA,0.10506058245729397,0.013260315331971563,0.04543000822851673
3458,NA,2,Colorado_2014,cinnamon,38.991629138,-107.066377155,US_cinnamon2,USA,0.10506058245729397,0.013260315331971563,0.04543000822851673
3458,NA,3,Colorado_2014,cinnamon,38.991629138,-107.066377155,US_cinnamon3,USA,0.10506058245729397,0.013260315331971563,0.04543000822851673
3458,NA,4,Colorado_2014,cinnamon,38.991629138,-107.066377155,US_cinnamon4,USA,0.10506058245729397,0.013260315331971563,0.04543000822851673
3458,NA,5,Colorado_2014,cinnamon,38.991629138,-107.066377155,US_cinnamon5,USA,0.10506058245729397,0.013260315331971563,0.04543000822851673
2484,NA,1,Colorado_2015,almont,38.6698886666667,-106.844210666667,US_almont1,USA,0.37405693627799413,0.005282405500484205,0.1381167394072318
2484,NA,2,Colorado_2015,almont,38.6698886666667,-106.844210666667,US_almont2,USA,0.37405693627799413,0.005282405500484205,0.1381167394072318
2484,NA,3,Colorado_2015,almont,38.6698886666667,-106.844210666667,US_almont3,USA,0.37405693627799413,0.005282405500484205,0.1381167394072318
2484,NA,4,Colorado_2015,almont,38.6698886666667,-106.844210666667,US_almont4,USA,0.37405693627799413,0.005282405500484205,0.1381167394072318
2484,NA,5,Colorado_2015,almont,38.6698886666667,-106.844210666667,US_almont5,USA,0.37405693627799413,0.005282405500484205,0.1381167394072318
2699,NA,1,Colorado_2015,cbt,38.8818976676,-106.9802689902,US_cbt1,USA,0.6608647768914121,0.0021729524991301505,0.17599668814633504
2699,NA,2,Colorado_2015,cbt,38.8818976676,-106.9802689902,US_cbt2,USA,0.6608647768914121,0.0021729524991301505,0.17599668814633504
2699,NA,3,Colorado_2015,cbt,38.8818976676,-106.9802689902,US_cbt3,USA,0.6608647768914121,0.0021729524991301505,0.17599668814633504
2699,NA,4,Colorado_2015,cbt,38.8818976676,-106.9802689902,US_cbt4,USA,0.6608647768914121,0.0021729524991301505,0.17599668814633504
2699,NA,5,Colorado_2015,cbt,38.8818976676,-106.9802689902,US_cbt5,USA,0.6608647768914121,0.0021729524991301505,0.17599668814633504
2811,NA,1,Colorado_2015,road,38.8968994912,-106.9786007326,US_road1,USA,0.65527078800085,0.001241220297917964,0.1674971390354377
2811,NA,2,Colorado_2015,road,38.8968994912,-106.9786007326,US_road2,USA,0.65527078800085,0.001241220297917964,0.1674971390354377
2811,NA,3,Colorado_2015,road,38.8968994912,-106.9786007326,US_road3,USA,0.65527078800085,0.001241220297917964,0.1674971390354377
2811,NA,4,Colorado_2015,road,38.8968994912,-106.9786007326,US_road4,USA,0.65527078800085,0.001241220297917964,0.1674971390354377
2811,NA,5,Colorado_2015,road,38.8968994912,-106.9786007326,US_road5,USA,0.65527078800085,0.001241220297917964,0.1674971390354377
3171,NA,1,Colorado_2015,pfeiler,38.9608656524,-107.0314421354,US_pfeiler1,USA,0.6161193214244692,0.0037926314400371936,0.14286851533508793
3171,NA,2,Colorado_2015,pfeiler,38.9608656524,-107.0314421354,US_pfeiler2,USA,0.6161193214244692,0.0037926314400371936,0.14286851533508793
3171,NA,3,Colorado_2015,pfeiler,38.9608656524,-107.0314421354,US_pfeiler3,USA,0.6161193214244692,0.0037926314400371936,0.14286851533508793
3171,NA,4,Colorado_2015,pfeiler,38.9608656524,-107.0314421354,US_pfeiler4,USA,0.6161193214244692,0.0037926314400371936,0.14286851533508793
3171,NA,5,Colorado_2015,pfeiler,38.9608656524,-107.0314421354,US_pfeiler5,USA,0.6161193214244692,0.0037926314400371936,0.14286851533508793
3371,NA,1,Colorado_2015,pbm,38.969470887600004,-107.0409444164,US_pbm1,USA,0.43540419636311634,0.008872116208655285,0.12260357117029096
3371,NA,2,Colorado_2015,pbm,38.969470887600004,-107.0409444164,US_pbm2,USA,0.43540419636311634,0.008872116208655285,0.12260357117029096
3371,NA,3,Colorado_2015,pbm,38.969470887600004,-107.0409444164,US_pbm3,USA,0.43540419636311634,0.008872116208655285,0.12260357117029096
3371,NA,4,Colorado_2015,pbm,38.969470887600004,-107.0409444164,US_pbm4,USA,0.43540419636311634,0.008872116208655285,0.12260357117029096
3371,NA,5,Colorado_2015,pbm,38.969470887600004,-107.0409444164,US_pbm5,USA,0.43540419636311634,0.008872116208655285,0.12260357117029096
3458,NA,1,Colorado_2015,cinnamon,38.991629138,-107.066377155,US_cinnamon1,USA,0.10506058245729397,0.013260315331971563,0.04543000822851673
3458,NA,2,Colorado_2015,cinnamon,38.991629138,-107.066377155,US_cinnamon2,USA,0.10506058245729397,0.013260315331971563,0.04543000822851673
3458,NA,3,Colorado_2015,cinnamon,38.991629138,-107.066377155,US_cinnamon3,USA,0.10506058245729397,0.013260315331971563,0.04543000822851673
3458,NA,4,Colorado_2015,cinnamon,38.991629138,-107.066377155,US_cinnamon4,USA,0.10506058245729397,0.013260315331971563,0.04543000822851673
3458,NA,5,Colorado_2015,cinnamon,38.991629138,-107.066377155,US_cinnamon5,USA,0.10506058245729397,0.013260315331971563,0.04543000822851673
2484,NA,1,Colorado_2016,almont,38.6698886666667,-106.844210666667,US_almont1,USA,0.37405693627799413,0.005282405500484205,0.1381167394072318
2484,NA,2,Colorado_2016,almont,38.6698886666667,-106.844210666667,US_almont2,USA,0.37405693627799413,0.005282405500484205,0.1381167394072318
2484,NA,3,Colorado_2016,almont,38.6698886666667,-106.844210666667,US_almont3,USA,0.37405693627799413,0.005282405500484205,0.1381167394072318
2484,NA,4,Colorado_2016,almont,38.6698886666667,-106.844210666667,US_almont4,USA,0.37405693627799413,0.005282405500484205,0.1381167394072318
2484,NA,5,Colorado_2016,almont,38.6698886666667,-106.844210666667,US_almont5,USA,0.37405693627799413,0.005282405500484205,0.1381167394072318
2699,NA,1,Colorado_2016,cbt,38.8818976676,-106.9802689902,US_cbt1,USA,0.6608647768914121,0.0021729524991301505,0.17599668814633504
2699,NA,2,Colorado_2016,cbt,38.8818976676,-106.9802689902,US_cbt2,USA,0.6608647768914121,0.0021729524991301505,0.17599668814633504
2699,NA,3,Colorado_2016,cbt,38.8818976676,-106.9802689902,US_cbt3,USA,0.6608647768914121,0.0021729524991301505,0.17599668814633504
2699,NA,4,Colorado_2016,cbt,38.8818976676,-106.9802689902,US_cbt4,USA,0.6608647768914121,0.0021729524991301505,0.17599668814633504
2699,NA,5,Colorado_2016,cbt,38.8818976676,-106.9802689902,US_cbt5,USA,0.6608647768914121,0.0021729524991301505,0.17599668814633504
2811,NA,1,Colorado_2016,road,38.8968994912,-106.9786007326,US_road1,USA,0.65527078800085,0.001241220297917964,0.1674971390354377
2811,NA,2,Colorado_2016,road,38.8968994912,-106.9786007326,US_road2,USA,0.65527078800085,0.001241220297917964,0.1674971390354377
2811,NA,3,Colorado_2016,road,38.8968994912,-106.9786007326,US_road3,USA,0.65527078800085,0.001241220297917964,0.1674971390354377
2811,NA,4,Colorado_2016,road,38.8968994912,-106.9786007326,US_road4,USA,0.65527078800085,0.001241220297917964,0.1674971390354377
2811,NA,5,Colorado_2016,road,38.8968994912,-106.9786007326,US_road5,USA,0.65527078800085,0.001241220297917964,0.1674971390354377
3171,NA,1,Colorado_2016,pfeiler,38.9608656524,-107.0314421354,US_pfeiler1,USA,0.6161193214244692,0.0037926314400371936,0.14286851533508793
3171,NA,2,Colorado_2016,pfeiler,38.9608656524,-107.0314421354,US_pfeiler2,USA,0.6161193214244692,0.0037926314400371936,0.14286851533508793
3171,NA,3,Colorado_2016,pfeiler,38.9608656524,-107.0314421354,US_pfeiler3,USA,0.6161193214244692,0.0037926314400371936,0.14286851533508793
3171,NA,4,Colorado_2016,pfeiler,38.9608656524,-107.0314421354,US_pfeiler4,USA,0.6161193214244692,0.0037926314400371936,0.14286851533508793
3171,NA,5,Colorado_2016,pfeiler,38.9608656524,-107.0314421354,US_pfeiler5,USA,0.6161193214244692,0.0037926314400371936,0.14286851533508793
3371,NA,1,Colorado_2016,pbm,38.969470887600004,-107.0409444164,US_pbm1,USA,0.43540419636311634,0.008872116208655285,0.12260357117029096
3371,NA,2,Colorado_2016,pbm,38.969470887600004,-107.0409444164,US_pbm2,USA,0.43540419636311634,0.008872116208655285,0.12260357117029096
3371,NA,3,Colorado_2016,pbm,38.969470887600004,-107.0409444164,US_pbm3,USA,0.43540419636311634,0.008872116208655285,0.12260357117029096
3371,NA,4,Colorado_2016,pbm,38.969470887600004,-107.0409444164,US_pbm4,USA,0.43540419636311634,0.008872116208655285,0.12260357117029096
3371,NA,5,Colorado_2016,pbm,38.969470887600004,-107.0409444164,US_pbm5,USA,0.43540419636311634,0.008872116208655285,0.12260357117029096
3458,NA,1,Colorado_2016,cinnamon,38.991629138,-107.066377155,US_cinnamon1,USA,0.10506058245729397,0.013260315331971563,0.04543000822851673
3458,NA,2,Colorado_2016,cinnamon,38.991629138,-107.066377155,US_cinnamon2,USA,0.10506058245729397,0.013260315331971563,0.04543000822851673
3458,NA,3,Colorado_2016,cinnamon,38.991629138,-107.066377155,US_cinnamon3,USA,0.10506058245729397,0.013260315331971563,0.04543000822851673
3458,NA,4,Colorado_2016,cinnamon,38.991629138,-107.066377155,US_cinnamon4,USA,0.10506058245729397,0.013260315331971563,0.04543000822851673
3458,NA,5,Colorado_2016,cinnamon,38.991629138,-107.066377155,US_cinnamon5,USA,0.10506058245729397,0.013260315331971563,0.04543000822851673
3171,NA,a1i,Colorado_2016,pfeiler,38.9608656524,-107.0314421354,US_pfeilera1i,USA,0.6161193214244692,0.0037926314400371936,0.14286851533508793
3171,NA,a1ii,Colorado_2016,pfeiler,38.9608656524,-107.0314421354,US_pfeilera1ii,USA,0.6161193214244692,0.0037926314400371936,0.14286851533508793
3171,NA,a2ii,Colorado_2016,pfeiler,38.9608656524,-107.0314421354,US_pfeilera2ii,USA,0.6161193214244692,0.0037926314400371936,0.14286851533508793
3171,NA,b1i,Colorado_2016,pfeiler,38.9608656524,-107.0314421354,US_pfeilerb1i,USA,0.6161193214244692,0.0037926314400371936,0.14286851533508793
3171,NA,b1ii,Colorado_2016,pfeiler,38.9608656524,-107.0314421354,US_pfeilerb1ii,USA,0.6161193214244692,0.0037926314400371936,0.14286851533508793
3171,NA,b2i,Colorado_2016,pfeiler,38.9608656524,-107.0314421354,US_pfeilerb2i,USA,0.6161193214244692,0.0037926314400371936,0.14286851533508793
3171,NA,b2ii,Colorado_2016,pfeiler,38.9608656524,-107.0314421354,US_pfeilerb2ii,USA,0.6161193214244692,0.0037926314400371936,0.14286851533508793
3171,NA,c1ii,Colorado_2016,pfeiler,38.9608656524,-107.0314421354,US_pfeilerc1ii,USA,0.6161193214244692,0.0037926314400371936,0.14286851533508793
3171,NA,c2i,Colorado_2016,pfeiler,38.9608656524,-107.0314421354,US_pfeilerc2i,USA,0.6161193214244692,0.0037926314400371936,0.14286851533508793
3171,NA,c2ii,Colorado_2016,pfeiler,38.9608656524,-107.0314421354,US_pfeilerc2ii,USA,0.6161193214244692,0.0037926314400371936,0.14286851533508793
2484,NA,1,Colorado_2017,almont,38.6698886666667,-106.844210666667,US_almont1,USA,0.37405693627799413,0.005282405500484205,0.1381167394072318
2484,NA,2,Colorado_2017,almont,38.6698886666667,-106.844210666667,US_almont2,USA,0.37405693627799413,0.005282405500484205,0.1381167394072318
2484,NA,3,Colorado_2017,almont,38.6698886666667,-106.844210666667,US_almont3,USA,0.37405693627799413,0.005282405500484205,0.1381167394072318
2484,NA,4,Colorado_2017,almont,38.6698886666667,-106.844210666667,US_almont4,USA,0.37405693627799413,0.005282405500484205,0.1381167394072318
2484,NA,5,Colorado_2017,almont,38.6698886666667,-106.844210666667,US_almont5,USA,0.37405693627799413,0.005282405500484205,0.1381167394072318
2699,NA,1,Colorado_2017,cbt,38.8818976676,-106.9802689902,US_cbt1,USA,0.6608647768914121,0.0021729524991301505,0.17599668814633504
2699,NA,2,Colorado_2017,cbt,38.8818976676,-106.9802689902,US_cbt2,USA,0.6608647768914121,0.0021729524991301505,0.17599668814633504
2699,NA,3,Colorado_2017,cbt,38.8818976676,-106.9802689902,US_cbt3,USA,0.6608647768914121,0.0021729524991301505,0.17599668814633504
2699,NA,4,Colorado_2017,cbt,38.8818976676,-106.9802689902,US_cbt4,USA,0.6608647768914121,0.0021729524991301505,0.17599668814633504
2699,NA,5,Colorado_2017,cbt,38.8818976676,-106.9802689902,US_cbt5,USA,0.6608647768914121,0.0021729524991301505,0.17599668814633504
2811,NA,1,Colorado_2017,road,38.8968994912,-106.9786007326,US_road1,USA,0.65527078800085,0.001241220297917964,0.1674971390354377
2811,NA,2,Colorado_2017,road,38.8968994912,-106.9786007326,US_road2,USA,0.65527078800085,0.001241220297917964,0.1674971390354377
2811,NA,3,Colorado_2017,road,38.8968994912,-106.9786007326,US_road3,USA,0.65527078800085,0.001241220297917964,0.1674971390354377
2811,NA,4,Colorado_2017,road,38.8968994912,-106.9786007326,US_road4,USA,0.65527078800085,0.001241220297917964,0.1674971390354377
2811,NA,5,Colorado_2017,road,38.8968994912,-106.9786007326,US_road5,USA,0.65527078800085,0.001241220297917964,0.1674971390354377
3171,NA,1,Colorado_2017,pfeiler,38.9608656524,-107.0314421354,US_pfeiler1,USA,0.6161193214244692,0.0037926314400371936,0.14286851533508793
3171,NA,2,Colorado_2017,pfeiler,38.9608656524,-107.0314421354,US_pfeiler2,USA,0.6161193214244692,0.0037926314400371936,0.14286851533508793
3171,NA,3,Colorado_2017,pfeiler,38.9608656524,-107.0314421354,US_pfeiler3,USA,0.6161193214244692,0.0037926314400371936,0.14286851533508793
3171,NA,4,Colorado_2017,pfeiler,38.9608656524,-107.0314421354,US_pfeiler4,USA,0.6161193214244692,0.0037926314400371936,0.14286851533508793
3171,NA,5,Colorado_2017,pfeiler,38.9608656524,-107.0314421354,US_pfeiler5,USA,0.6161193214244692,0.0037926314400371936,0.14286851533508793
3371,NA,1,Colorado_2017,pbm,38.969470887600004,-107.0409444164,US_pbm1,USA,0.43540419636311634,0.008872116208655285,0.12260357117029096
3371,NA,2,Colorado_2017,pbm,38.969470887600004,-107.0409444164,US_pbm2,USA,0.43540419636311634,0.008872116208655285,0.12260357117029096
3371,NA,3,Colorado_2017,pbm,38.969470887600004,-107.0409444164,US_pbm3,USA,0.43540419636311634,0.008872116208655285,0.12260357117029096
3371,NA,4,Colorado_2017,pbm,38.969470887600004,-107.0409444164,US_pbm4,USA,0.43540419636311634,0.008872116208655285,0.12260357117029096
3371,NA,5,Colorado_2017,pbm,38.969470887600004,-107.0409444164,US_pbm5,USA,0.43540419636311634,0.008872116208655285,0.12260357117029096
3458,NA,1,Colorado_2017,cinnamon,38.991629138,-107.066377155,US_cinnamon1,USA,0.10506058245729397,0.013260315331971563,0.04543000822851673
3458,NA,2,Colorado_2017,cinnamon,38.991629138,-107.066377155,US_cinnamon2,USA,0.10506058245729397,0.013260315331971563,0.04543000822851673
3458,NA,3,Colorado_2017,cinnamon,38.991629138,-107.066377155,US_cinnamon3,USA,0.10506058245729397,0.013260315331971563,0.04543000822851673
3458,NA,4,Colorado_2017,cinnamon,38.991629138,-107.066377155,US_cinnamon4,USA,0.10506058245729397,0.013260315331971563,0.04543000822851673
3458,NA,5,Colorado_2017,cinnamon,38.991629138,-107.066377155,US_cinnamon5,USA,0.10506058245729397,0.013260315331971563,0.04543000822851673
2484,NA,1,Colorado_2018,almont,38.6698886666667,-106.844210666667,US_almont1,USA,0.37405693627799413,0.005282405500484205,0.1381167394072318
2484,NA,2,Colorado_2018,almont,38.6698886666667,-106.844210666667,US_almont2,USA,0.37405693627799413,0.005282405500484205,0.1381167394072318
2484,NA,3,Colorado_2018,almont,38.6698886666667,-106.844210666667,US_almont3,USA,0.37405693627799413,0.005282405500484205,0.1381167394072318
2484,NA,4,Colorado_2018,almont,38.6698886666667,-106.844210666667,US_almont4,USA,0.37405693627799413,0.005282405500484205,0.1381167394072318
2484,NA,5,Colorado_2018,almont,38.6698886666667,-106.844210666667,US_almont5,USA,0.37405693627799413,0.005282405500484205,0.1381167394072318
2699,NA,1,Colorado_2018,cbt,38.8818976676,-106.9802689902,US_cbt1,USA,0.6608647768914121,0.0021729524991301505,0.17599668814633504
2699,NA,2,Colorado_2018,cbt,38.8818976676,-106.9802689902,US_cbt2,USA,0.6608647768914121,0.0021729524991301505,0.17599668814633504
2699,NA,3,Colorado_2018,cbt,38.8818976676,-106.9802689902,US_cbt3,USA,0.6608647768914121,0.0021729524991301505,0.17599668814633504
2699,NA,4,Colorado_2018,cbt,38.8818976676,-106.9802689902,US_cbt4,USA,0.6608647768914121,0.0021729524991301505,0.17599668814633504
2699,NA,5,Colorado_2018,cbt,38.8818976676,-106.9802689902,US_cbt5,USA,0.6608647768914121,0.0021729524991301505,0.17599668814633504
2699,NA,1resp,Colorado_2018,cbt,38.8818976676,-106.9802689902,US_cbt1resp,USA,0.6608647768914121,0.0021729524991301505,0.17599668814633504
2699,NA,2resp,Colorado_2018,cbt,38.8818976676,-106.9802689902,US_cbt2resp,USA,0.6608647768914121,0.0021729524991301505,0.17599668814633504
2699,NA,3resp,Colorado_2018,cbt,38.8818976676,-106.9802689902,US_cbt3resp,USA,0.6608647768914121,0.0021729524991301505,0.17599668814633504
2699,NA,4resp,Colorado_2018,cbt,38.8818976676,-106.9802689902,US_cbt4resp,USA,0.6608647768914121,0.0021729524991301505,0.17599668814633504
2699,NA,5resp,Colorado_2018,cbt,38.8818976676,-106.9802689902,US_cbt5resp,USA,0.6608647768914121,0.0021729524991301505,0.17599668814633504
3458,NA,1,Colorado_2018,cinnamon,38.991629138,-107.066377155,US_cinnamon1,USA,0.10506058245729397,0.013260315331971563,0.04543000822851673
3458,NA,2,Colorado_2018,cinnamon,38.991629138,-107.066377155,US_cinnamon2,USA,0.10506058245729397,0.013260315331971563,0.04543000822851673
3458,NA,3,Colorado_2018,cinnamon,38.991629138,-107.066377155,US_cinnamon3,USA,0.10506058245729397,0.013260315331971563,0.04543000822851673
3458,NA,4,Colorado_2018,cinnamon,38.991629138,-107.066377155,US_cinnamon4,USA,0.10506058245729397,0.013260315331971563,0.04543000822851673
3458,NA,5,Colorado_2018,cinnamon,38.991629138,-107.066377155,US_cinnamon5,USA,0.10506058245729397,0.013260315331971563,0.04543000822851673
3371,NA,1,Colorado_2018,pbm,38.969470887600004,-107.0409444164,US_pbm1,USA,0.43540419636311634,0.008872116208655285,0.12260357117029096
3371,NA,2,Colorado_2018,pbm,38.969470887600004,-107.0409444164,US_pbm2,USA,0.43540419636311634,0.008872116208655285,0.12260357117029096
3371,NA,3,Colorado_2018,pbm,38.969470887600004,-107.0409444164,US_pbm3,USA,0.43540419636311634,0.008872116208655285,0.12260357117029096
3371,NA,4,Colorado_2018,pbm,38.969470887600004,-107.0409444164,US_pbm4,USA,0.43540419636311634,0.008872116208655285,0.12260357117029096
3371,NA,5,Colorado_2018,pbm,38.969470887600004,-107.0409444164,US_pbm5,USA,0.43540419636311634,0.008872116208655285,0.12260357117029096
3371,NA,1resp,Colorado_2018,pbm,38.969470887600004,-107.0409444164,US_pbm1resp,USA,0.43540419636311634,0.008872116208655285,0.12260357117029096
3371,NA,2resp,Colorado_2018,pbm,38.969470887600004,-107.0409444164,US_pbm2resp,USA,0.43540419636311634,0.008872116208655285,0.12260357117029096
3371,NA,3resp,Colorado_2018,pbm,38.969470887600004,-107.0409444164,US_pbm3resp,USA,0.43540419636311634,0.008872116208655285,0.12260357117029096
3371,NA,4resp,Colorado_2018,pbm,38.969470887600004,-107.0409444164,US_pbm4resp,USA,0.43540419636311634,0.008872116208655285,0.12260357117029096
3371,NA,5resp,Colorado_2018,pbm,38.969470887600004,-107.0409444164,US_pbm5resp,USA,0.43540419636311634,0.008872116208655285,0.12260357117029096
3171,NA,1,Colorado_2018,pfeiler,38.9608656524,-107.0314421354,US_pfeiler1,USA,0.6161193214244692,0.0037926314400371936,0.14286851533508793
3171,NA,2,Colorado_2018,pfeiler,38.9608656524,-107.0314421354,US_pfeiler2,USA,0.6161193214244692,0.0037926314400371936,0.14286851533508793
3171,NA,3,Colorado_2018,pfeiler,38.9608656524,-107.0314421354,US_pfeiler3,USA,0.6161193214244692,0.0037926314400371936,0.14286851533508793
3171,NA,4,Colorado_2018,pfeiler,38.9608656524,-107.0314421354,US_pfeiler4,USA,0.6161193214244692,0.0037926314400371936,0.14286851533508793
3171,NA,5,Colorado_2018,pfeiler,38.9608656524,-107.0314421354,US_pfeiler5,USA,0.6161193214244692,0.0037926314400371936,0.14286851533508793
3171,NA,1resp,Colorado_2018,pfeiler,38.9608656524,-107.0314421354,US_pfeiler1resp,USA,0.6161193214244692,0.0037926314400371936,0.14286851533508793
3171,NA,2resp,Colorado_2018,pfeiler,38.9608656524,-107.0314421354,US_pfeiler2resp,USA,0.6161193214244692,0.0037926314400371936,0.14286851533508793
3171,NA,3resp,Colorado_2018,pfeiler,38.9608656524,-107.0314421354,US_pfeiler3resp,USA,0.6161193214244692,0.0037926314400371936,0.14286851533508793
3171,NA,4resp,Colorado_2018,pfeiler,38.9608656524,-107.0314421354,US_pfeiler4resp,USA,0.6161193214244692,0.0037926314400371936,0.14286851533508793
3171,NA,5resp,Colorado_2018,pfeiler,38.9608656524,-107.0314421354,US_pfeiler5resp,USA,0.6161193214244692,0.0037926314400371936,0.14286851533508793
2811,NA,1,Colorado_2018,road,38.8968994912,-106.9786007326,US_road1,USA,0.65527078800085,0.001241220297917964,0.1674971390354377
2811,NA,2,Colorado_2018,road,38.8968994912,-106.9786007326,US_road2,USA,0.65527078800085,0.001241220297917964,0.1674971390354377
2811,NA,3,Colorado_2018,road,38.8968994912,-106.9786007326,US_road3,USA,0.65527078800085,0.001241220297917964,0.1674971390354377
2811,NA,4,Colorado_2018,road,38.8968994912,-106.9786007326,US_road4,USA,0.65527078800085,0.001241220297917964,0.1674971390354377
2811,NA,5,Colorado_2018,road,38.8968994912,-106.9786007326,US_road5,USA,0.65527078800085,0.001241220297917964,0.1674971390354377
2811,NA,1resp,Colorado_2018,road,38.8968994912,-106.9786007326,US_road1resp,USA,0.65527078800085,0.001241220297917964,0.1674971390354377
2811,NA,2resp,Colorado_2018,road,38.8968994912,-106.9786007326,US_road2resp,USA,0.65527078800085,0.001241220297917964,0.1674971390354377
2811,NA,3resp,Colorado_2018,road,38.8968994912,-106.9786007326,US_road3resp,USA,0.65527078800085,0.001241220297917964,0.1674971390354377
2811,NA,4resp,Colorado_2018,road,38.8968994912,-106.9786007326,US_road4resp,USA,0.65527078800085,0.001241220297917964,0.1674971390354377
2811,NA,5resp,Colorado_2018,road,38.8968994912,-106.9786007326,US_road5resp,USA,0.65527078800085,0.001241220297917964,0.1674971390354377
2000,NA,1,South_Africa_2023,1,-28.6610200256109,28.8830800261349,SA_2000east1,South_Africa,0.6649476348847272,0.2987571188015148,0.4789308072967479
2000,NA,2,South_Africa_2023,1,NA,NA,SA_2000east2,South_Africa,0.664609644441792,0.298695664169611,0.4788838422830337
2000,NA,3,South_Africa_2023,1,NA,NA,SA_2000east3,South_Africa,0.664609644441792,0.298695664169611,0.4788838422830337
2000,NA,4,South_Africa_2023,1,NA,NA,SA_2000east4,South_Africa,0.6643541359101134,0.3003613683153944,0.4785565548588464
2000,NA,5,South_Africa_2023,1,-28.6608920339495,28.883082959801,SA_2000east5,South_Africa,0.6643541359101134,0.3003613683153944,0.4785565548588464
2000,NA,1,South_Africa_2023,1,-28.662471016869,28.8826399762183,SA_2000west1,South_Africa,0.5218118161094578,0.23517745714927366,0.37121591999466613
2000,NA,3,South_Africa_2023,1,NA,NA,SA_2000west3,South_Africa,0.5205769421198422,0.23718082766914128,0.37113501508097657
2000,NA,4,South_Africa_2023,1,NA,NA,SA_2000west4,South_Africa,0.5175342507462072,0.24291152063152183,0.3718913465254612
2000,NA,5,South_Africa_2023,1,-28.6623980104923,28.8827709853649,SA_2000west5,South_Africa,0.5175342507462072,0.24291152063152183,0.3718913465254612
2200,NA,1,South_Africa_2023,2,-28.6799270007759,28.8951290119439,SA_2200east1,South_Africa,0.722902586031521,0.26658556119192206,0.501126278879525
2200,NA,2,South_Africa_2023,2,NA,NA,SA_2200east2,South_Africa,0.722902586031521,0.26658556119192206,0.501126278879525
2200,NA,3,South_Africa_2023,2,NA,NA,SA_2200east3,South_Africa,0.722902586031521,0.26658556119192206,0.501126278879525
2200,NA,4,South_Africa_2023,2,NA,NA,SA_2200east4,South_Africa,0.7181013622848345,0.2708869443485892,0.5003480154805204
2200,NA,5,South_Africa_2023,2,-28.6798020265996,28.8951059617102,SA_2200east5,South_Africa,0.6947700711323531,0.26064813992971325,0.4816989842314137
2200,NA,1,South_Africa_2023,2,-28.6803849879652,28.8938739895821,SA_2200west1,South_Africa,0.6880719323118951,0.27588113220163474,0.48532275867600677
2200,NA,2,South_Africa_2023,2,NA,NA,SA_2200west2,South_Africa,0.6683522460618057,0.26286930680818493,0.46753118877144323
2200,NA,3,South_Africa_2023,2,NA,NA,SA_2200west3,South_Africa,0.6650759235634863,0.2658468129136359,0.46716201998144513
2200,NA,4,South_Africa_2023,2,NA,NA,SA_2200west4,South_Africa,0.6650759235634863,0.2658468129136359,0.46716201998144513
2200,NA,5,South_Africa_2023,2,-28.6802529729903,28.8938899990171,SA_2200west5,South_Africa,0.6650759235634863,0.2658468129136359,0.46716201998144513
2400,NA,1,South_Africa_2023,3,-28.7191719934344,28.896831041202,SA_2400east1,South_Africa,0.6979119321224847,0.2729032269751845,0.4910389138105749
2400,NA,2,South_Africa_2023,3,NA,NA,SA_2400east2,South_Africa,0.6979119321224847,0.2729032269751845,0.4910389138105749
2400,NA,3,South_Africa_2023,3,NA,NA,SA_2400east3,South_Africa,0.6979119321224847,0.2729032269751845,0.4910389138105749
2400,NA,4,South_Africa_2023,3,NA,NA,SA_2400east4,South_Africa,0.6993433972522068,0.2714160695893633,0.491099459560482
2400,NA,5,South_Africa_2023,3,-28.7190579995513,28.8967779837549,SA_2400east5,South_Africa,0.691617966170101,0.28314278675626003,0.4950999702172745
2400,NA,1,South_Africa_2023,3,-28.7187730148435,28.8956800382584,SA_2400west1,South_Africa,0.7773554484625605,0.2082578216033777,0.4930422813819283
2400,NA,2,South_Africa_2023,3,NA,NA,SA_2400west2,South_Africa,0.7528340626670027,0.2241985679873714,0.4902808485338165
2400,NA,3,South_Africa_2023,3,NA,NA,SA_2400west3,South_Africa,0.7528340626670027,0.2241985679873714,0.4902808485338165
2400,NA,4,South_Africa_2023,3,NA,NA,SA_2400west4,South_Africa,0.7528340626670027,0.2241985679873714,0.4902808485338165
2400,NA,5,South_Africa_2023,3,-28.7186330370605,28.8956230413169,SA_2400west5,South_Africa,0.7585449757540739,0.2006326254570325,0.4867439108373629
2600,NA,1,South_Africa_2023,4,-28.7283769994974,28.8926219847053,SA_2600east1,South_Africa,0.6052936459446996,0.24937086221203375,0.43540206590228436
2600,NA,2,South_Africa_2023,4,NA,NA,SA_2600east2,South_Africa,0.6473876199941079,0.20687883298213083,0.4411998257945922
2600,NA,3,South_Africa_2023,4,NA,NA,SA_2600east3,South_Africa,0.6279435522262491,0.2510402505808782,0.4423486628224537
2600,NA,4,South_Africa_2023,4,NA,NA,SA_2600east4,South_Africa,0.6229721131091468,0.27816495780694883,0.4552490044466194
2600,NA,5,South_Africa_2023,4,-28.7282699625939,28.8927180413157,SA_2600east5,South_Africa,0.6229721131091468,0.27816495780694883,0.4552490044466194
2600,NA,1,South_Africa_2023,4,-28.7282849662006,28.8924990221858,SA_2600west1,South_Africa,0.6153758146717246,0.28215423663194183,0.4544972602319502
2600,NA,2,South_Africa_2023,4,NA,NA,SA_2600west2,South_Africa,0.6268750750520822,0.27406822006669385,0.4561528133489409
2600,NA,3,South_Africa_2023,4,NA,NA,SA_2600west3,South_Africa,0.596655117342552,0.2363243629277477,0.41801599309234677
2600,NA,4,South_Africa_2023,4,NA,NA,SA_2600west4,South_Africa,0.596655117342552,0.2363243629277477,0.41801599309234677
2600,NA,5,South_Africa_2023,4,-28.7281630095094,28.8924339786172,SA_2600west5,South_Africa,0.5908823645484035,0.2416949347839206,0.417451762341488
2800,NA,1,South_Africa_2023,5,-28.7378170341253,28.8943739701062,SA_2800east1,South_Africa,0.5775870419603477,0.28762696019745215,0.43400321319139357
2800,NA,3,South_Africa_2023,5,NA,NA,SA_2800east3,South_Africa,0.5263376412324547,0.24668120016221134,0.3873183251086762
2800,NA,5,South_Africa_2023,5,-28.7376909703016,28.8943800050765,SA_2800east5,South_Africa,0.5293305659391985,0.2444813429102441,0.38614835432355893
2800,NA,1,South_Africa_2023,5,-28.7377170380205,28.8926250021905,SA_2800west1,South_Africa,0.543798147391386,0.21375163434476066,0.3899316600749167
2800,NA,2,South_Africa_2023,5,NA,NA,SA_2800west2,South_Africa,0.5445720493980714,0.23096612661989735,0.39172819528590713
2800,NA,3,South_Africa_2023,5,NA,NA,SA_2800west3,South_Africa,0.5445720493980714,0.23096612661989735,0.39172819528590713
2800,NA,4,South_Africa_2023,5,NA,NA,SA_2800west4,South_Africa,0.5445720493980714,0.23096612661989735,0.39172819528590713
2800,NA,5,South_Africa_2023,5,-28.737765988335,28.8925199769437,SA_2800west5,South_Africa,0.5672833867583377,0.21795983420368922,0.3965360933289421
2000,NA,2,South_Africa_2023,1,NA,NA,SA_2000west2,South_Africa,0.5205769421198422,0.23718082766914128,0.37113501508097657
2800,NA,2,South_Africa_2023,5,NA,NA,SA_2800east2,South_Africa,0.5775870419603477,0.28762696019745215,0.43400321319139357
2800,NA,4,South_Africa_2023,5,-28.7377310357988,28.8943950086832,SA_2800east4,South_Africa,0.5293305659391985,0.2444813429102441,0.38614835432355893
