Year,Date,Gradient,Site,PlotID,Taxon,Cover,Fertile,Weather,Elevation_m,Longitude_E,Latitude_N
2018,2018-07-21,B,1,A,alopecurus ovatus,1,0,windy,12.292683601379396,15.34095800807554,78.23947799782991
2018,2018-07-21,B,1,A,bistorta vivipara,0.1,1,windy,12.292683601379396,15.34095800807554,78.23947799782991
2018,2018-07-21,B,1,A,equisetum arvense,20,0,windy,12.292683601379396,15.34095800807554,78.23947799782991
2018,2018-07-21,B,1,A,salix polaris,15,1,windy,12.292683601379396,15.34095800807554,78.23947799782991
2018,2018-07-21,B,1,B,alopecurus ovatus,10,0,NA,11.12513542175293,15.340857920240785,78.23943826403274
2018,2018-07-21,B,1,B,bistorta vivipara,2,1,NA,11.12513542175293,15.340857920240785,78.23943826403274
2018,2018-07-21,B,1,B,equisetum arvense,2,1,NA,11.12513542175293,15.340857920240785,78.23943826403274
2018,2018-07-21,B,1,B,salix polaris,25,1,NA,11.12513542175293,15.340857920240785,78.23943826403274
2018,2018-07-21,B,1,C,alopecurus ovatus,1,0,NA,11.388898849487305,15.340773944890405,78.23939751043511
2018,2018-07-21,B,1,C,bistorta vivipara,1,1,NA,11.388898849487305,15.340773944890405,78.23939751043511
2018,2018-07-21,B,1,C,cerastium arcticum,0.5,1,NA,11.388898849487305,15.340773944890405,78.23939751043511
2018,2018-07-21,B,1,C,luzula confusa,7,1,NA,11.388898849487305,15.340773944890405,78.23939751043511
2018,2018-07-21,B,1,C,luzula nivalis,3,1,NA,11.388898849487305,15.340773944890405,78.23939751043511
2018,2018-07-21,B,1,C,salix polaris,20,1,NA,11.388898849487305,15.340773944890405,78.23939751043511
2018,2018-07-21,B,1,D,alopecurus ovatus,15,0,NA,11.853240966796877,15.340674079654292,78.23935611513798
2018,2018-07-21,B,1,D,bistorta vivipara,7,1,NA,11.853240966796877,15.340674079654292,78.23935611513798
2018,2018-07-21,B,1,D,luzula confusa,10,1,NA,11.853240966796877,15.340674079654292,78.23935611513798
2018,2018-07-21,B,1,D,luzula nivalis,0.5,0,NA,11.853240966796877,15.340674079654292,78.23935611513798
2018,2018-07-21,B,1,D,pedicularis hirsuta,0.1,1,NA,11.853240966796877,15.340674079654292,78.23935611513798
2018,2018-07-21,B,1,D,salix polaris,15,0,NA,11.853240966796877,15.340674079654292,78.23935611513798
2018,2018-07-21,B,1,D,stellaria longipes,0.5,0,NA,11.853240966796877,15.340674079654292,78.23935611513798
2018,2018-07-21,B,1,E,bistorta vivipara,4,1,NA,11.899442672729492,15.340589190603486,78.23931352664036
2018,2018-07-21,B,1,E,unknown sp,0.1,0,NA,11.899442672729492,15.340589190603486,78.23931352664036
2018,2018-07-21,B,1,E,juncus biglumis,0.1,0,NA,11.899442672729492,15.340589190603486,78.23931352664036
2018,2018-07-21,B,1,E,luzula confusa,10,1,NA,11.899442672729492,15.340589190603486,78.23931352664036
2018,2018-07-21,B,1,E,luzula nivalis,6,0,NA,11.899442672729492,15.340589190603486,78.23931352664036
2018,2018-07-21,B,1,E,poa arctica,0.1,0,NA,11.899442672729492,15.340589190603486,78.23931352664036
2018,2018-07-21,B,1,E,sagina nivalis,0.5,1,NA,11.899442672729492,15.340589190603486,78.23931352664036
2018,2018-07-21,B,1,E,salix polaris,15,1,NA,11.899442672729492,15.340589190603486,78.23931352664036
2018,2018-07-21,B,1,F,alopecurus ovatus,15,0,cloudy,11.057655334472656,15.340491578966862,78.23927440814315
2018,2018-07-21,B,1,F,bistorta vivipara,12,1,cloudy,11.057655334472656,15.340491578966862,78.23927440814315
2018,2018-07-21,B,1,F,cerastium arcticum,0.5,1,cloudy,11.057655334472656,15.340491578966862,78.23927440814315
2018,2018-07-21,B,1,F,cochleria groenlandica,0.1,0,cloudy,11.057655334472656,15.340491578966862,78.23927440814315
2018,2018-07-21,B,1,F,equisetum arvense,2,0,cloudy,11.057655334472656,15.340491578966862,78.23927440814315
2018,2018-07-21,B,1,F,luzula confusa,25,1,cloudy,11.057655334472656,15.340491578966862,78.23927440814315
2018,2018-07-21,B,1,F,luzula nivalis,0.5,0,cloudy,11.057655334472656,15.340491578966862,78.23927440814315
2018,2018-07-21,B,1,F,pedicularis hirsuta,0.5,0,cloudy,11.057655334472656,15.340491578966862,78.23927440814315
2018,2018-07-21,B,1,F,poa arctica,0.5,0,cloudy,11.057655334472656,15.340491578966862,78.23927440814315
2018,2018-07-21,B,1,F,salix polaris,20,0,cloudy,11.057655334472656,15.340491578966862,78.23927440814315
2018,2018-07-21,B,1,G,alopecurus ovatus,10,0,cloudy_windy,11.667891502380373,15.34040726811817,78.2392356499455
2018,2018-07-21,B,1,G,bistorta vivipara,15,1,cloudy_windy,11.667891502380373,15.34040726811817,78.2392356499455
2018,2018-07-21,B,1,G,cerastium arcticum,0.5,1,cloudy_windy,11.667891502380373,15.34040726811817,78.2392356499455
2018,2018-07-21,B,1,G,dryas octopetala,5,0,cloudy_windy,11.667891502380373,15.34040726811817,78.2392356499455
2018,2018-07-21,B,1,G,juncus biglumis,0.5,1,cloudy_windy,11.667891502380373,15.34040726811817,78.2392356499455
2018,2018-07-21,B,1,G,luzula confusa,4,1,cloudy_windy,11.667891502380373,15.34040726811817,78.2392356499455
2018,2018-07-21,B,1,G,luzula nivalis,0.5,1,cloudy_windy,11.667891502380373,15.34040726811817,78.2392356499455
2018,2018-07-21,B,1,G,salix polaris,30,1,cloudy_windy,11.667891502380373,15.34040726811817,78.2392356499455
2018,2018-07-21,B,2,A,cerastium arcticum,0.5,0,cloudy,48.92877197265625,15.346759462195136,78.23859722016275
2018,2018-07-21,B,2,A,cochleria groenlandica,0.5,0,cloudy,48.92877197265625,15.346759462195136,78.23859722016275
2018,2018-07-21,B,2,A,draba alpina,0.5,1,cloudy,48.92877197265625,15.346759462195136,78.23859722016275
2018,2018-07-21,B,2,A,luzula confusa,5,1,cloudy,48.92877197265625,15.346759462195136,78.23859722016275
2018,2018-07-21,B,2,A,luzula nivalis,0.5,0,cloudy,48.92877197265625,15.346759462195136,78.23859722016275
2018,2018-07-21,B,2,A,poa arctica,1,0,cloudy,48.92877197265625,15.346759462195136,78.23859722016275
2018,2018-07-21,B,2,A,poa sp,0.5,0,cloudy,48.92877197265625,15.346759462195136,78.23859722016275
2018,2018-07-21,B,2,A,salix polaris,15,1,cloudy,48.92877197265625,15.346759462195136,78.23859722016275
2018,2018-07-21,B,2,A,saxifraga cespitosa,0.5,1,cloudy,48.92877197265625,15.346759462195136,78.23859722016275
2018,2018-07-21,B,2,A,stellaria longipes,0.5,1,cloudy,48.92877197265625,15.346759462195136,78.23859722016275
2018,2018-07-21,B,2,B,bistorta vivipara,2,1,cloudy,47.864070892333984,15.346621604997214,78.23856015346668
2018,2018-07-21,B,2,B,luzula confusa,3,0,cloudy,47.864070892333984,15.346621604997214,78.23856015346668
2018,2018-07-21,B,2,B,luzula nivalis,1,0,cloudy,47.864070892333984,15.346621604997214,78.23856015346668
2018,2018-07-21,B,2,B,poa arctica,0.5,0,cloudy,47.864070892333984,15.346621604997214,78.23856015346668
2018,2018-07-21,B,2,B,salix polaris,30,0,cloudy,47.864070892333984,15.346621604997214,78.23856015346668
2018,2018-07-21,B,2,C,bistorta vivipara,3,1,cloudy,48.687957763671875,15.346508918975006,78.23852167476988
2018,2018-07-21,B,2,C,cerastium arcticum,0.5,0,cloudy,48.687957763671875,15.346508918975006,78.23852167476988
2018,2018-07-21,B,2,C,luzula confusa,1,0,cloudy,48.687957763671875,15.346508918975006,78.23852167476988
2018,2018-07-21,B,2,C,luzula nivalis,0.5,0,cloudy,48.687957763671875,15.346508918975006,78.23852167476988
2018,2018-07-21,B,2,C,pedicularis hirsuta,0.5,0,cloudy,48.687957763671875,15.346508918975006,78.23852167476988
2018,2018-07-21,B,2,C,poa arctica,0.5,0,cloudy,48.687957763671875,15.346508918975006,78.23852167476988
2018,2018-07-21,B,2,C,salix polaris,30,1,cloudy,48.687957763671875,15.346508918975006,78.23852167476988
2018,2018-07-21,B,2,D,cerastium arcticum,0.5,0,NA,46.99821472167969,15.346374653677048,78.23848938417369
2018,2018-07-21,B,2,D,poa arctica,1,0,NA,46.99821472167969,15.346374653677048,78.23848938417369
2018,2018-07-21,B,2,D,salix polaris,30,1,NA,46.99821472167969,15.346374653677048,78.23848938417369
2018,2018-07-21,B,2,E,draba alpina,0.5,0,cloudy,49.100730895996094,15.346254403661442,78.23845031787715
2018,2018-07-21,B,2,E,luzula confusa,5,0,cloudy,49.100730895996094,15.346254403661442,78.23845031787715
2018,2018-07-21,B,2,E,poa arctica,0.5,0,cloudy,49.100730895996094,15.346254403661442,78.23845031787715
2018,2018-07-21,B,2,E,potentilla hyparctica,1,1,cloudy,49.100730895996094,15.346254403661442,78.23845031787715
2018,2018-07-21,B,2,E,salix polaris,15,0,cloudy,49.100730895996094,15.346254403661442,78.23845031787715
2018,2018-07-21,B,2,E,stellaria longipes,0.5,0,cloudy,49.100730895996094,15.346254403661442,78.23845031787715
2018,2018-07-21,B,2,F,alopecurus ovatus,0.5,0,NA,48.756351470947266,15.34613833354262,78.23841220708044
2018,2018-07-21,B,2,F,bistorta vivipara,3,1,NA,48.756351470947266,15.34613833354262,78.23841220708044
2018,2018-07-21,B,2,F,draba alpina,0.5,0,NA,48.756351470947266,15.34613833354262,78.23841220708044
2018,2018-07-21,B,2,F,luzula confusa,2,0,NA,48.756351470947266,15.34613833354262,78.23841220708044
2018,2018-07-21,B,2,F,pedicularis hirsuta,0.5,1,NA,48.756351470947266,15.34613833354262,78.23841220708044
2018,2018-07-21,B,2,F,poa arctica,1,1,NA,48.756351470947266,15.34613833354262,78.23841220708044
2018,2018-07-21,B,2,F,salix polaris,40,1,NA,48.756351470947266,15.34613833354262,78.23841220708044
2018,2018-07-21,B,2,F,stellaria longipes,0.5,0,NA,48.756351470947266,15.34613833354262,78.23841220708044
2018,2018-07-21,B,2,G,bistorta vivipara,2,1,NA,50.203163146972656,15.346014118632786,78.23837618728396
2018,2018-07-21,B,2,G,cerastium arcticum,1,1,NA,50.203163146972656,15.346014118632786,78.23837618728396
2018,2018-07-21,B,2,G,luzula confusa,0.5,0,NA,50.203163146972656,15.346014118632786,78.23837618728396
2018,2018-07-21,B,2,G,luzula nivalis,0.5,0,NA,50.203163146972656,15.346014118632786,78.23837618728396
2018,2018-07-21,B,2,G,poa arctica,0.5,1,NA,50.203163146972656,15.346014118632786,78.23837618728396
2018,2018-07-21,B,2,G,potentilla hyparctica,0.1,0,NA,50.203163146972656,15.346014118632786,78.23837618728396
2018,2018-07-21,B,2,G,salix polaris,25,1,NA,50.203163146972656,15.346014118632786,78.23837618728396
2018,2018-07-21,B,2,G,stellaria longipes,0.1,0,NA,50.203163146972656,15.346014118632786,78.23837618728396
2018,2018-07-21,B,2,G,trisetum spicatum,0.5,1,NA,50.203163146972656,15.346014118632786,78.23837618728396
2018,2018-07-18,B,3,A,cerastium arcticum,0.1,1,foggy_wind,85.50328063964844,15.350138150112848,78.23837455616567
2018,2018-07-18,B,3,A,draba arctica,0.1,1,foggy_wind,85.50328063964844,15.350138150112848,78.23837455616567
2018,2018-07-18,B,3,A,festuca rubra,2,1,foggy_wind,85.50328063964844,15.350138150112848,78.23837455616567
2018,2018-07-18,B,3,A,luzula confusa,0.5,0,foggy_wind,85.50328063964844,15.350138150112848,78.23837455616567
2018,2018-07-18,B,3,A,pedicularis hirsuta,1,1,foggy_wind,85.50328063964844,15.350138150112848,78.23837455616567
2018,2018-07-18,B,3,A,salix polaris,40,1,foggy_wind,85.50328063964844,15.350138150112848,78.23837455616567
2018,2018-07-18,B,3,A,trisetum spicatum,1,1,foggy_wind,85.50328063964844,15.350138150112848,78.23837455616567
2018,2018-07-20,B,3,B,bistorta vivipara,0.1,1,foggy_wind,84.63785552978516,15.349990761620845,78.23833326026988
2018,2018-07-20,B,3,B,cerastium arcticum,2,1,foggy_wind,84.63785552978516,15.349990761620845,78.23833326026988
2018,2018-07-20,B,3,B,festuca rubra,0.5,0,foggy_wind,84.63785552978516,15.349990761620845,78.23833326026988
2018,2018-07-20,B,3,B,poa arctica,2,0,foggy_wind,84.63785552978516,15.349990761620845,78.23833326026988
2018,2018-07-20,B,3,B,salix polaris,38,1,foggy_wind,84.63785552978516,15.349990761620845,78.23833326026988
2018,2018-07-20,B,3,B,saxifraga cespitosa,0.5,1,foggy_wind,84.63785552978516,15.349990761620845,78.23833326026988
2018,2018-07-20,B,3,C,cerastium arcticum,0.5,0,foggy_wind,82.25934600830078,15.34989754307772,78.2382905750725
2018,2018-07-20,B,3,C,luzula confusa,10,1,foggy_wind,82.25934600830078,15.34989754307772,78.2382905750725
2018,2018-07-20,B,3,C,poa arctica,0.5,0,foggy_wind,82.25934600830078,15.34989754307772,78.2382905750725
2018,2018-07-20,B,3,C,ranunculus nivalis,43,1,foggy_wind,82.25934600830078,15.34989754307772,78.2382905750725
2018,2018-07-20,B,3,C,stellaria longipes,0.5,0,foggy_wind,82.25934600830078,15.34989754307772,78.2382905750725
2018,2018-07-21,B,3,D,luzula confusa,0.5,0,NA,83.43031311035156,15.349798407841302,78.23824966967533
2018,2018-07-21,B,3,D,luzula nivalis,0.5,0,NA,83.43031311035156,15.349798407841302,78.23824966967533
2018,2018-07-21,B,3,D,poa arctica,0.5,0,NA,83.43031311035156,15.349798407841302,78.23824966967533
2018,2018-07-21,B,3,D,salix polaris,35,1,NA,83.43031311035156,15.349798407841302,78.23824966967533
2018,2018-07-21,B,3,D,saxifraga cespitosa,0.1,0,NA,83.43031311035156,15.349798407841302,78.23824966967533
2018,2018-07-21,B,3,E,luzula confusa,5,1,NA,80.74507904052734,15.349684835418666,78.23820936407856
2018,2018-07-21,B,3,E,poa arctica,1,0,NA,80.74507904052734,15.349684835418666,78.23820936407856
2018,2018-07-21,B,3,E,salix polaris,25,1,NA,80.74507904052734,15.349684835418666,78.23820936407856
2018,2018-07-21,B,3,E,stellaria longipes,0.5,0,NA,80.74507904052734,15.349684835418666,78.23820936407856
2018,2018-07-21,B,3,F,luzula confusa,0.1,1,NA,82.3598403930664,15.349552913908733,78.2381628480823
2018,2018-07-21,B,3,F,poa arctica,5,1,NA,82.3598403930664,15.349552913908733,78.2381628480823
2018,2018-07-21,B,3,F,salix polaris,45,0,NA,82.3598403930664,15.349552913908733,78.2381628480823
2018,2018-07-21,B,3,G,luzula confusa,20,1,NA,81.28936767578125,15.349430228395944,78.23812458718578
2018,2018-07-21,B,3,G,poa arctica,10,1,NA,81.28936767578125,15.349430228395944,78.23812458718578
2018,2018-07-21,B,3,G,salix polaris,55,1,NA,81.28936767578125,15.349430228395944,78.23812458718578
2018,2018-07-21,B,3,G,stellaria longipes,1,1,NA,81.28936767578125,15.349430228395944,78.23812458718578
2018,2018-07-20,B,4,A,alopecurus ovatus,0.5,0,NA,111.76399993896484,15.352103617885566,78.23807400100912
2018,2018-07-20,B,4,A,cerastium arcticum,0.5,1,NA,111.76399993896484,15.352103617885566,78.23807400100912
2018,2018-07-20,B,4,A,luzula confusa,1,0,NA,111.76399993896484,15.352103617885566,78.23807400100912
2018,2018-07-20,B,4,A,poa arctica,2,0,NA,111.76399993896484,15.352103617885566,78.23807400100912
2018,2018-07-20,B,4,A,salix polaris,50,1,NA,111.76399993896484,15.352103617885566,78.23807400100912
2018,2018-07-20,B,4,B,festuca rubra,0.5,0,NA,113.43753051757812,15.351992665067044,78.23804316841228
2018,2018-07-20,B,4,B,luzula confusa,2,1,NA,113.43753051757812,15.351992665067044,78.23804316841228
2018,2018-07-20,B,4,B,salix polaris,40,1,NA,113.43753051757812,15.351992665067044,78.23804316841228
2018,2018-07-20,B,4,C,alopecurus ovatus,10,0,NA,113.90788269042967,15.35185887776505,78.23800564241606
2018,2018-07-20,B,4,C,bistorta vivipara,0.5,1,NA,113.90788269042967,15.35185887776505,78.23800564241606
2018,2018-07-20,B,4,C,cerastium arcticum,3,1,NA,113.90788269042967,15.35185887776505,78.23800564241606
2018,2018-07-20,B,4,C,festuca rubra,0.5,0,NA,113.90788269042967,15.35185887776505,78.23800564241606
2018,2018-07-20,B,4,C,luzula confusa,3,1,NA,113.90788269042967,15.35185887776505,78.23800564241606
2018,2018-07-20,B,4,C,poa arctica,2,1,NA,113.90788269042967,15.35185887776505,78.23800564241606
2018,2018-07-20,B,4,C,salix polaris,55,1,NA,113.90788269042967,15.35185887776505,78.23800564241606
2018,2018-07-20,B,4,C,saxifraga cespitosa,0.1,0,NA,113.90788269042967,15.35185887776505,78.23800564241606
2018,2018-07-20,B,4,C,stellaria longipes,1,1,NA,113.90788269042967,15.35185887776505,78.23800564241606
2018,2018-07-20,B,4,D,alopecurus ovatus,7,0,NA,111.76399993896484,15.3520071830973,78.23810653861187
2018,2018-07-20,B,4,D,luzula confusa,5,1,NA,111.76399993896484,15.3520071830973,78.23810653861187
2018,2018-07-20,B,4,D,potentilla hyparctica,0.5,0,NA,111.76399993896484,15.3520071830973,78.23810653861187
2018,2018-07-20,B,4,D,salix polaris,40,1,NA,111.76399993896484,15.3520071830973,78.23810653861187
2018,2018-07-20,B,4,D,stellaria longipes,0.5,1,NA,111.76399993896484,15.3520071830973,78.23810653861187
2018,2018-07-20,B,4,E,cerastium arcticum,0.5,0,NA,111.76399993896484,15.351926243255877,78.23808279921417
2018,2018-07-20,B,4,E,luzula confusa,3,1,NA,111.76399993896484,15.351926243255877,78.23808279921417
2018,2018-07-20,B,4,E,poa arctica,0.5,0,NA,111.76399993896484,15.351926243255877,78.23808279921417
2018,2018-07-20,B,4,E,salix polaris,55,1,NA,111.76399993896484,15.351926243255877,78.23808279921417
2018,2018-07-20,B,4,E,stellaria longipes,0.5,0,NA,111.76399993896484,15.351926243255877,78.23808279921417
2018,2018-07-20,B,4,F,cerastium arcticum,0.1,0,NA,111.15225219726562,15.35181255073164,78.23804000161739
2018,2018-07-20,B,4,F,luzula confusa,5,1,NA,111.15225219726562,15.35181255073164,78.23804000161739
2018,2018-07-20,B,4,F,poa arctica,0.1,0,NA,111.15225219726562,15.35181255073164,78.23804000161739
2018,2018-07-20,B,4,F,salix polaris,65,1,NA,111.15225219726562,15.35181255073164,78.23804000161739
2018,2018-07-20,B,4,F,stellaria longipes,0.1,1,NA,111.15225219726562,15.35181255073164,78.23804000161739
2018,2018-07-20,B,4,G,alopecurus ovatus,2,0,NA,113.90788269042967,15.351702905208631,78.23800442422053
2018,2018-07-20,B,4,G,poa arctica,0.5,0,NA,113.90788269042967,15.351702905208631,78.23800442422053
2018,2018-07-20,B,4,G,salix polaris,50,1,NA,113.90788269042967,15.351702905208631,78.23800442422053
2018,2018-07-20,B,4,G,saxifraga cernua,0.1,0,NA,113.90788269042967,15.351702905208631,78.23800442422053
2018,2018-07-20,B,4,G,stellaria longipes,0.5,1,NA,113.90788269042967,15.351702905208631,78.23800442422053
2018,2018-07-20,B,5,A,alopecurus ovatus,10,1,cloudy,170.26597595214844,15.354390301468472,78.23749424024312
2018,2018-07-20,B,5,A,cerastium arcticum,8,1,cloudy,170.26597595214844,15.354390301468472,78.23749424024312
2018,2018-07-20,B,5,A,cochleria groenlandica,0.5,0,cloudy,170.26597595214844,15.354390301468472,78.23749424024312
2018,2018-07-20,B,5,A,festuca rubra,4,1,cloudy,170.26597595214844,15.354390301468472,78.23749424024312
2018,2018-07-20,B,5,A,luzula confusa,0.1,1,cloudy,170.26597595214844,15.354390301468472,78.23749424024312
2018,2018-07-20,B,5,A,micranthes nivalis,0.5,1,cloudy,170.26597595214844,15.354390301468472,78.23749424024312
2018,2018-07-20,B,5,A,oxyria digyna,2,1,cloudy,170.26597595214844,15.354390301468472,78.23749424024312
2018,2018-07-20,B,5,A,poa arctica,4,1,cloudy,170.26597595214844,15.354390301468472,78.23749424024312
2018,2018-07-20,B,5,A,saxifraga cernua,1,1,cloudy,170.26597595214844,15.354390301468472,78.23749424024312
2018,2018-07-20,B,5,A,saxifraga cespitosa,0.5,1,cloudy,170.26597595214844,15.354390301468472,78.23749424024312
2018,2018-07-20,B,5,A,saxifraga rivularis,0.1,1,cloudy,170.26597595214844,15.354390301468472,78.23749424024312
2018,2018-07-20,B,5,A,stellaria longipes,0.5,1,cloudy,170.26597595214844,15.354390301468472,78.23749424024312
2018,2018-07-20,B,5,B,alopecurus ovatus,6,0,NA,171.8372039794922,15.354210255125114,78.23747962954826
2018,2018-07-20,B,5,B,alopecurus ovatus,6,0,NA,171.8372039794922,15.354210255125114,78.23747962954826
2018,2018-07-20,B,5,B,cerastium arcticum,3,1,NA,171.8372039794922,15.354210255125114,78.23747962954826
2018,2018-07-20,B,5,B,cerastium arcticum,3,1,NA,171.8372039794922,15.354210255125114,78.23747962954826
2018,2018-07-20,B,5,B,cochleria groenlandica,0.5,0,NA,171.8372039794922,15.354210255125114,78.23747962954826
2018,2018-07-20,B,5,B,cochleria groenlandica,0.5,0,NA,171.8372039794922,15.354210255125114,78.23747962954826
2018,2018-07-20,B,5,B,draba alpina,0.5,1,NA,171.8372039794922,15.354210255125114,78.23747962954826
2018,2018-07-20,B,5,B,draba norvegica,0.5,1,NA,171.8372039794922,15.354210255125114,78.23747962954826
2018,2018-07-20,B,5,B,juncus sp,1,0,NA,171.8372039794922,15.354210255125114,78.23747962954826
2018,2018-07-20,B,5,B,juncus sp,1,0,NA,171.8372039794922,15.354210255125114,78.23747962954826
2018,2018-07-20,B,5,B,luzula confusa,1,1,NA,171.8372039794922,15.354210255125114,78.23747962954826
2018,2018-07-20,B,5,B,luzula confusa,1,1,NA,171.8372039794922,15.354210255125114,78.23747962954826
2018,2018-07-20,B,5,B,micranthes nivalis,4,1,NA,171.8372039794922,15.354210255125114,78.23747962954826
2018,2018-07-20,B,5,B,micranthes nivalis,4,1,NA,171.8372039794922,15.354210255125114,78.23747962954826
2018,2018-07-20,B,5,B,oxyria digyna,7,1,NA,171.8372039794922,15.354210255125114,78.23747962954826
2018,2018-07-20,B,5,B,oxyria digyna,7,1,NA,171.8372039794922,15.354210255125114,78.23747962954826
2018,2018-07-20,B,5,B,poa arctica,1,1,NA,171.8372039794922,15.354210255125114,78.23747962954826
2018,2018-07-20,B,5,B,poa arctica,1,1,NA,171.8372039794922,15.354210255125114,78.23747962954826
2018,2018-07-20,B,5,B,poa pratensis,1,1,NA,171.8372039794922,15.354210255125114,78.23747962954826
2018,2018-07-20,B,5,B,poa pratensis,1,1,NA,171.8372039794922,15.354210255125114,78.23747962954826
2018,2018-07-20,B,5,B,saxifraga cernua,2,1,NA,171.8372039794922,15.354210255125114,78.23747962954826
2018,2018-07-20,B,5,B,saxifraga cernua,2,1,NA,171.8372039794922,15.354210255125114,78.23747962954826
2018,2018-07-20,B,5,B,saxifraga cespitosa,0.1,1,NA,171.8372039794922,15.354210255125114,78.23747962954826
2018,2018-07-20,B,5,B,saxifraga cespitosa,0.1,1,NA,171.8372039794922,15.354210255125114,78.23747962954826
2018,2018-07-20,B,5,B,stellaria longipes,0.5,1,NA,171.8372039794922,15.354210255125114,78.23747962954826
2018,2018-07-20,B,5,B,stellaria longipes,0.5,1,NA,171.8372039794922,15.354210255125114,78.23747962954826
2018,2018-07-21,B,5,C,cerastium arcticum,10,1,cloudy,171.8372039794922,15.354068859144242,78.2374625194523
2018,2018-07-21,B,5,C,cochleria groenlandica,0.5,0,cloudy,171.8372039794922,15.354068859144242,78.2374625194523
2018,2018-07-21,B,5,C,draba norvegica,0.5,1,cloudy,171.8372039794922,15.354068859144242,78.2374625194523
2018,2018-07-21,B,5,C,dryas octopetala,10,1,cloudy,171.8372039794922,15.354068859144242,78.2374625194523
2018,2018-07-21,B,5,C,juncus biglumis,0.5,0,cloudy,171.8372039794922,15.354068859144242,78.2374625194523
2018,2018-07-21,B,5,C,oxyria digyna,0.5,0,cloudy,171.8372039794922,15.354068859144242,78.2374625194523
2018,2018-07-21,B,5,C,poa arctica,17,1,cloudy,171.8372039794922,15.354068859144242,78.2374625194523
2018,2018-07-21,B,5,C,saxifraga cernua,2,1,cloudy,171.8372039794922,15.354068859144242,78.2374625194523
2018,2018-07-21,B,5,C,saxifraga cespitosa,1,1,cloudy,171.8372039794922,15.354068859144242,78.2374625194523
2018,2018-07-20,B,5,D,cardamine bellidifolia,0.1,0,cloudy,169.66575622558594,15.353924144362647,78.23743990485644
2018,2018-07-20,B,5,D,cerastium arcticum,5,1,cloudy,169.66575622558594,15.353924144362647,78.23743990485644
2018,2018-07-20,B,5,D,cochleria groenlandica,0.1,1,cloudy,169.66575622558594,15.353924144362647,78.23743990485644
2018,2018-07-20,B,5,D,draba arctica,0.1,0,cloudy,169.66575622558594,15.353924144362647,78.23743990485644
2018,2018-07-20,B,5,D,oxyria digyna,17,1,cloudy,169.66575622558594,15.353924144362647,78.23743990485644
2018,2018-07-20,B,5,D,poa arctica,4,1,cloudy,169.66575622558594,15.353924144362647,78.23743990485644
2018,2018-07-20,B,5,D,saxifraga cernua,6,1,cloudy,169.66575622558594,15.353924144362647,78.23743990485644
2018,2018-07-20,B,5,D,saxifraga cespitosa,0.1,1,cloudy,169.66575622558594,15.353924144362647,78.23743990485644
2018,2018-07-21,B,5,E,cerastium arcticum,4,1,cloudy,170.1026153564453,15.35376896878559,78.23740982346087
2018,2018-07-21,B,5,E,cochleria groenlandica,0.5,0,cloudy,170.1026153564453,15.35376896878559,78.23740982346087
2018,2018-07-21,B,5,E,draba arctica,0.5,1,cloudy,170.1026153564453,15.35376896878559,78.23740982346087
2018,2018-07-21,B,5,E,oxyria digyna,22,1,cloudy,170.1026153564453,15.35376896878559,78.23740982346087
2018,2018-07-21,B,5,E,poa arctica,11,1,cloudy,170.1026153564453,15.35376896878559,78.23740982346087
2018,2018-07-21,B,5,E,saxifraga cernua,7,1,cloudy,170.1026153564453,15.35376896878559,78.23740982346087
2018,2018-07-21,B,5,E,saxifraga cespitosa,3,1,cloudy,170.1026153564453,15.35376896878559,78.23740982346087
2018,2018-07-21,B,5,F,cerastium arcticum,3,1,cloudy,165.49844360351562,15.354006340927038,78.23749864925414
2018,2018-07-21,B,5,F,cochleria groenlandica,0.1,0,cloudy,165.49844360351562,15.354006340927038,78.23749864925414
2018,2018-07-21,B,5,F,draba arctica,0.5,1,cloudy,165.49844360351562,15.354006340927038,78.23749864925414
2018,2018-07-21,B,5,F,oxyria digyna,5,0,cloudy,165.49844360351562,15.354006340927038,78.23749864925414
2018,2018-07-21,B,5,F,poa arctica,7,0,cloudy,165.49844360351562,15.354006340927038,78.23749864925414
2018,2018-07-21,B,5,F,saxifraga cernua,2,1,cloudy,165.49844360351562,15.354006340927038,78.23749864925414
2018,2018-07-21,B,5,F,saxifraga cespitosa,2,1,cloudy,165.49844360351562,15.354006340927038,78.23749864925414
2018,2018-07-21,B,5,F,stellaria longipes,2,1,cloudy,165.49844360351562,15.354006340927038,78.23749864925414
2018,2018-07-20,B,5,G,alopecurus ovatus,3,1,cloudy,169.66575622558594,15.353848295159366,78.23747832935865
2018,2018-07-20,B,5,G,oxyria digyna,9,1,cloudy,169.66575622558594,15.353848295159366,78.23747832935865
2018,2018-07-18,C,1,A,bistorta vivipara,10,1,cloudy_windy,9.916196823120115,15.71206734763092,78.21307418134985
2018,2018-07-18,C,1,A,dryas octopetala,0.1,0,cloudy_windy,9.916196823120115,15.71206734763092,78.21307418134985
2018,2018-07-18,C,1,A,festuca rubra,1,0,cloudy_windy,9.916196823120115,15.71206734763092,78.21307418134985
2018,2018-07-18,C,1,A,juncus biglumis,0.5,1,cloudy_windy,9.916196823120115,15.71206734763092,78.21307418134985
2018,2018-07-18,C,1,A,luzula confusa,0.5,1,cloudy_windy,9.916196823120115,15.71206734763092,78.21307418134985
2018,2018-07-18,C,1,A,luzula nivalis,1,1,cloudy_windy,9.916196823120115,15.71206734763092,78.21307418134985
2018,2018-07-18,C,1,A,salix polaris,20,1,cloudy_windy,9.916196823120115,15.71206734763092,78.21307418134985
2018,2018-07-18,C,1,A,saxifraga hirculus,2,1,cloudy_windy,9.916196823120115,15.71206734763092,78.21307418134985
2018,2018-07-18,C,1,A,saxifraga oppositifolia,2,1,cloudy_windy,9.916196823120115,15.71206734763092,78.21307418134985
2018,2018-07-18,C,1,A,silene acaulis,1,1,cloudy_windy,9.916196823120115,15.71206734763092,78.21307418134985
2018,2018-07-18,C,1,A,stellaria longipes,0.1,0,cloudy_windy,9.916196823120115,15.71206734763092,78.21307418134985
2018,2018-07-18,C,1,B,alopecurus ovatus,0.5,0,partly_cloudy,9.916196823120115,15.711995124825105,78.2131080843707
2018,2018-07-18,C,1,B,bistorta vivipara,25,1,partly_cloudy,9.916196823120115,15.711995124825105,78.2131080843707
2018,2018-07-18,C,1,B,dryas octopetala,0.1,0,partly_cloudy,9.916196823120115,15.711995124825105,78.2131080843707
2018,2018-07-18,C,1,B,juncus biglumis,0.1,0,partly_cloudy,9.916196823120115,15.711995124825105,78.2131080843707
2018,2018-07-18,C,1,B,luzula confusa,5,1,partly_cloudy,9.916196823120115,15.711995124825105,78.2131080843707
2018,2018-07-18,C,1,B,luzula nivalis,5,1,partly_cloudy,9.916196823120115,15.711995124825105,78.2131080843707
2018,2018-07-18,C,1,B,salix polaris,35,1,partly_cloudy,9.916196823120115,15.711995124825105,78.2131080843707
2018,2018-07-18,C,1,B,stellaria humifusa,0.5,1,partly_cloudy,9.916196823120115,15.711995124825105,78.2131080843707
2018,2018-07-18,C,1,B,stellaria longipes,0.1,0,partly_cloudy,9.916196823120115,15.711995124825105,78.2131080843707
2018,2018-07-18,C,1,C,alopecurus ovatus,1,0,partly_cloudy,9.803709983825684,15.711931569432949,78.21315328478481
2018,2018-07-18,C,1,C,bistorta vivipara,10,1,partly_cloudy,9.803709983825684,15.711931569432949,78.21315328478481
2018,2018-07-18,C,1,C,dryas octopetala,0.5,0,partly_cloudy,9.803709983825684,15.711931569432949,78.21315328478481
2018,2018-07-18,C,1,C,luzula confusa,5,0,partly_cloudy,9.803709983825684,15.711931569432949,78.21315328478481
2018,2018-07-18,C,1,C,luzula nivalis,4,1,partly_cloudy,9.803709983825684,15.711931569432949,78.21315328478481
2018,2018-07-18,C,1,C,oxyria digyna,1,0,partly_cloudy,9.803709983825684,15.711931569432949,78.21315328478481
2018,2018-07-18,C,1,C,salix polaris,40,1,partly_cloudy,9.803709983825684,15.711931569432949,78.21315328478481
2018,2018-07-18,C,1,C,stellaria longipes,0.1,0,partly_cloudy,9.803709983825684,15.711931569432949,78.21315328478481
2018,2018-07-18,C,1,D,alopecurus ovatus,1,0,NA,9.758845329284668,15.71184938015092,78.21319246359967
2018,2018-07-18,C,1,D,bistorta vivipara,2,1,NA,9.758845329284668,15.71184938015092,78.21319246359967
2018,2018-07-18,C,1,D,calamagrostis neglecta,1,0,NA,9.758845329284668,15.71184938015092,78.21319246359967
2018,2018-07-18,C,1,D,luzula confusa,3,1,NA,9.758845329284668,15.71184938015092,78.21319246359967
2018,2018-07-18,C,1,D,luzula nivalis,1,0,NA,9.758845329284668,15.71184938015092,78.21319246359967
2018,2018-07-18,C,1,D,micranthes hieracifolia,0.5,1,NA,9.758845329284668,15.71184938015092,78.21319246359967
2018,2018-07-18,C,1,D,salix polaris,40,1,NA,9.758845329284668,15.71184938015092,78.21319246359967
2018,2018-07-18,C,1,D,saxifraga hirculus,1,0,NA,9.758845329284668,15.71184938015092,78.21319246359967
2018,2018-07-18,C,1,F,alopecurus ovatus,2,0,NA,9.858673095703123,15.71172428707188,78.21327842509943
2018,2018-07-18,C,1,F,bistorta vivipara,1,1,NA,9.858673095703123,15.71172428707188,78.21327842509943
2018,2018-07-18,C,1,F,calamagrostis neglecta,7,0,NA,9.858673095703123,15.71172428707188,78.21327842509943
2018,2018-07-18,C,1,F,dryas octopetala,0.5,0,NA,9.858673095703123,15.71172428707188,78.21327842509943
2018,2018-07-18,C,1,F,luzula confusa,0.5,0,NA,9.858673095703123,15.71172428707188,78.21327842509943
2018,2018-07-18,C,1,F,luzula nivalis,2,1,NA,9.858673095703123,15.71172428707188,78.21327842509943
2018,2018-07-18,C,1,F,micranthes hieracifolia,0.5,0,NA,9.858673095703123,15.71172428707188,78.21327842509943
2018,2018-07-18,C,1,F,salix polaris,30,1,NA,9.858673095703123,15.71172428707188,78.21327842509943
2018,2018-07-18,C,1,F,stellaria longipes,0.1,0,NA,9.858673095703123,15.71172428707188,78.21327842509943
2018,2018-07-18,C,1,E,bistorta vivipara,2,1,NA,9.892903327941896,15.711798066535351,78.21323226580637
2018,2018-07-18,C,1,E,calamagrostis neglecta,60,0,NA,9.892903327941896,15.711798066535351,78.21323226580637
2018,2018-07-18,C,1,E,luzula confusa,0.1,1,NA,9.892903327941896,15.711798066535351,78.21323226580637
2018,2018-07-18,C,1,E,poa pratensis,1,0,NA,9.892903327941896,15.711798066535351,78.21323226580637
2018,2018-07-18,C,1,E,salix polaris,12,1,NA,9.892903327941896,15.711798066535351,78.21323226580637
2018,2018-07-18,C,1,G,alopecurus ovatus,0.1,0,NA,10.291304588317873,15.711645480677335,78.21331689530463
2018,2018-07-18,C,1,G,bistorta vivipara,2,1,NA,10.291304588317873,15.711645480677335,78.21331689530463
2018,2018-07-18,C,1,G,calamagrostis neglecta,1,0,NA,10.291304588317873,15.711645480677335,78.21331689530463
2018,2018-07-18,C,1,G,dryas octopetala,3,0,NA,10.291304588317873,15.711645480677335,78.21331689530463
2018,2018-07-18,C,1,G,luzula confusa,3,1,NA,10.291304588317873,15.711645480677335,78.21331689530463
2018,2018-07-18,C,1,G,luzula nivalis,0.5,1,NA,10.291304588317873,15.711645480677335,78.21331689530463
2018,2018-07-18,C,1,G,salix polaris,43,1,NA,10.291304588317873,15.711645480677335,78.21331689530463
2018,2018-07-18,C,1,G,saxifraga hirculus,0.1,1,NA,10.291304588317873,15.711645480677335,78.21331689530463
2018,2018-07-17,C,2,A,bistorta vivipara,18,1,sunny,35.103546142578125,15.7028251724,78.213106489
2018,2018-07-17,C,2,A,equisetum scirpoides,2,10,sunny,35.103546142578125,15.7028251724,78.213106489
2018,2018-07-17,C,2,A,festuca rubra,0.1,0,sunny,35.103546142578125,15.7028251724,78.213106489
2018,2018-07-17,C,2,A,luzula nivalis,0.1,1,sunny,35.103546142578125,15.7028251724,78.213106489
2018,2018-07-17,C,2,A,oxyria digyna,0.5,0,sunny,35.103546142578125,15.7028251724,78.213106489
2018,2018-07-17,C,2,A,poa pratensis,0.5,0,sunny,35.103546142578125,15.7028251724,78.213106489
2018,2018-07-17,C,2,A,salix polaris,0.5,1,sunny,35.103546142578125,15.7028251724,78.213106489
2018,2018-07-17,C,2,A,trisetum spicatum,1,0,sunny,35.103546142578125,15.7028251724,78.213106489
2018,2018-07-17,C,2,B,bistorta vivipara,10,1,sunny,34.952938079833984,15.7027536146,78.21314043439999
2018,2018-07-17,C,2,B,equisetum scirpoides,0.5,1,sunny,34.952938079833984,15.7027536146,78.21314043439999
2018,2018-07-17,C,2,B,festuca rubra,1,0,sunny,34.952938079833984,15.7027536146,78.21314043439999
2018,2018-07-17,C,2,B,luzula confusa,0.1,0,sunny,34.952938079833984,15.7027536146,78.21314043439999
2018,2018-07-17,C,2,B,oxyria digyna,0.1,0,sunny,34.952938079833984,15.7027536146,78.21314043439999
2018,2018-07-17,C,2,B,salix polaris,0.5,0,sunny,34.952938079833984,15.7027536146,78.21314043439999
2018,2018-07-17,C,2,B,trisetum spicatum,3,1,sunny,34.952938079833984,15.7027536146,78.21314043439999
2018,2018-07-17,C,2,C,bistorta vivipara,5,1,sunny,34.44870376586914,15.702689368,78.2131856212
2018,2018-07-17,C,2,C,dryas octopetala,4,1,sunny,34.44870376586914,15.702689368,78.2131856212
2018,2018-07-17,C,2,C,equisetum scirpoides,1,1,sunny,34.44870376586914,15.702689368,78.2131856212
2018,2018-07-17,C,2,C,festuca rubra,0.1,1,sunny,34.44870376586914,15.702689368,78.2131856212
2018,2018-07-17,C,2,C,oxyria digyna,2,0,sunny,34.44870376586914,15.702689368,78.2131856212
2018,2018-07-17,C,2,C,poa pratensis,1,0,sunny,34.44870376586914,15.702689368,78.2131856212
2018,2018-07-17,C,2,C,salix polaris,4,1,sunny,34.44870376586914,15.702689368,78.2131856212
2018,2018-07-17,C,2,D,bistorta vivipara,5,1,partly_cloudy,35.88026809692383,15.702607908,78.21322456733333
2018,2018-07-17,C,2,D,dryas octopetala,20,1,partly_cloudy,35.88026809692383,15.702607908,78.21322456733333
2018,2018-07-17,C,2,D,equisetum scirpoides,1,1,partly_cloudy,35.88026809692383,15.702607908,78.21322456733333
2018,2018-07-17,C,2,D,luzula confusa,0.5,1,partly_cloudy,35.88026809692383,15.702607908,78.21322456733333
2018,2018-07-17,C,2,D,luzula nivalis,0.5,1,partly_cloudy,35.88026809692383,15.702607908,78.21322456733333
2018,2018-07-17,C,2,D,poa pratensis,1,1,partly_cloudy,35.88026809692383,15.702607908,78.21322456733333
2018,2018-07-17,C,2,D,salix polaris,3,1,partly_cloudy,35.88026809692383,15.702607908,78.21322456733333
2018,2018-07-17,C,2,D,trisetum spicatum,2,1,partly_cloudy,35.88026809692383,15.702607908,78.21322456733333
2018,2018-07-17,C,2,E,bistorta vivipara,3,1,partly_cloudy,34.917930603027344,15.702557208166668,78.21326462866666
2018,2018-07-17,C,2,E,cassiope tetragona,5,1,partly_cloudy,34.917930603027344,15.702557208166668,78.21326462866666
2018,2018-07-17,C,2,E,festuca rubra,0.1,0,partly_cloudy,34.917930603027344,15.702557208166668,78.21326462866666
2018,2018-07-17,C,2,E,luzula confusa,1,1,partly_cloudy,34.917930603027344,15.702557208166668,78.21326462866666
2018,2018-07-17,C,2,E,oxyria digyna,2,1,partly_cloudy,34.917930603027344,15.702557208166668,78.21326462866666
2018,2018-07-17,C,2,E,poa pratensis,0.5,1,partly_cloudy,34.917930603027344,15.702557208166668,78.21326462866666
2018,2018-07-17,C,2,E,salix polaris,2,1,partly_cloudy,34.917930603027344,15.702557208166668,78.21326462866666
2018,2018-07-17,C,2,E,trisetum spicatum,1,1,partly_cloudy,34.917930603027344,15.702557208166668,78.21326462866666
2018,2018-07-18,C,3,E,alopecurus ovatus,2,0,NA,85.54279327392578,15.69377767577778,78.21161760333334
2018,2018-07-18,C,3,E,bistorta vivipara,1,1,NA,85.54279327392578,15.69377767577778,78.21161760333334
2018,2018-07-18,C,3,E,dryas octopetala,7,1,NA,85.54279327392578,15.69377767577778,78.21161760333334
2018,2018-07-18,C,3,E,luzula confusa,12,1,NA,85.54279327392578,15.69377767577778,78.21161760333334
2018,2018-07-18,C,3,E,luzula nivalis,2,1,NA,85.54279327392578,15.69377767577778,78.21161760333334
2018,2018-07-18,C,3,E,oxyria digyna,1,1,NA,85.54279327392578,15.69377767577778,78.21161760333334
2018,2018-07-18,C,3,E,pedicularis hirsuta,1,1,NA,85.54279327392578,15.69377767577778,78.21161760333334
2018,2018-07-18,C,3,E,poa arctica,1,0,NA,85.54279327392578,15.69377767577778,78.21161760333334
2018,2018-07-18,C,3,E,salix polaris,15,1,NA,85.54279327392578,15.69377767577778,78.21161760333334
2018,2018-07-18,C,3,E,stellaria longipes,0.1,0,NA,85.54279327392578,15.69377767577778,78.21161760333334
2018,2018-07-17,C,2,F,bistorta vivipara,3,1,partly_cloudy,34.51542282104492,15.702482775333332,78.21331084966668
2018,2018-07-17,C,2,F,cassiope tetragona,1,1,partly_cloudy,34.51542282104492,15.702482775333332,78.21331084966668
2018,2018-07-17,C,2,F,dryas octopetala,6,0,partly_cloudy,34.51542282104492,15.702482775333332,78.21331084966668
2018,2018-07-17,C,2,F,equisetum scirpoides,0.5,1,partly_cloudy,34.51542282104492,15.702482775333332,78.21331084966668
2018,2018-07-17,C,2,F,festuca rubra,0.1,0,partly_cloudy,34.51542282104492,15.702482775333332,78.21331084966668
2018,2018-07-17,C,2,F,oxyria digyna,1,1,partly_cloudy,34.51542282104492,15.702482775333332,78.21331084966668
2018,2018-07-17,C,2,F,poa pratensis,1,1,partly_cloudy,34.51542282104492,15.702482775333332,78.21331084966668
2018,2018-07-17,C,2,F,salix polaris,2,1,partly_cloudy,34.51542282104492,15.702482775333332,78.21331084966668
2018,2018-07-17,C,2,F,trisetum spicatum,0.5,1,partly_cloudy,34.51542282104492,15.702482775333332,78.21331084966668
2018,2018-07-17,C,2,G,bistorta vivipara,3,1,partly_cloudy,35.29413986206055,15.7024050525,78.21334916716665
2018,2018-07-17,C,2,G,cassiope tetragona,0.1,0,partly_cloudy,35.29413986206055,15.7024050525,78.21334916716665
2018,2018-07-17,C,2,G,dryas octopetala,4,1,partly_cloudy,35.29413986206055,15.7024050525,78.21334916716665
2018,2018-07-17,C,2,G,equisetum scirpoides,1,1,partly_cloudy,35.29413986206055,15.7024050525,78.21334916716665
2018,2018-07-17,C,2,G,festuca rubra,0.1,0,partly_cloudy,35.29413986206055,15.7024050525,78.21334916716665
2018,2018-07-17,C,2,G,salix polaris,12,1,partly_cloudy,35.29413986206055,15.7024050525,78.21334916716665
2018,2018-07-18,C,3,G,alopecurus ovatus,0.5,0,NA,85.15360260009766,15.693375181,78.21168918425
2018,2018-07-18,C,3,G,bistorta vivipara,1,1,NA,85.15360260009766,15.693375181,78.21168918425
2018,2018-07-18,C,3,G,dryas octopetala,25,0,NA,85.15360260009766,15.693375181,78.21168918425
2018,2018-07-18,C,3,G,luzula confusa,3,0,NA,85.15360260009766,15.693375181,78.21168918425
2018,2018-07-18,C,3,G,luzula nivalis,0.1,0,NA,85.15360260009766,15.693375181,78.21168918425
2018,2018-07-18,C,3,G,pedicularis hirsuta,1,1,NA,85.15360260009766,15.693375181,78.21168918425
2018,2018-07-18,C,3,G,poa arctica,1,1,NA,85.15360260009766,15.693375181,78.21168918425
2018,2018-07-18,C,3,G,salix polaris,20,0,NA,85.15360260009766,15.693375181,78.21168918425
2018,2018-07-18,C,3,G,saxifraga oppositifolia,1,1,NA,85.15360260009766,15.693375181,78.21168918425
2018,2018-07-18,C,3,G,stellaria longipes,0.1,0,NA,85.15360260009766,15.693375181,78.21168918425
2018,2018-07-18,C,3,A,alopecurus ovatus,2,1,cloudy_windy,84.315521240234375,15.694441734,78.211463527375
2018,2018-07-18,C,3,A,bistorta vivipara,4,1,cloudy_windy,84.315521240234375,15.694441734,78.211463527375
2018,2018-07-18,C,3,A,cardamine bellidifolia,0.1,0,cloudy_windy,84.315521240234375,15.694441734,78.211463527375
2018,2018-07-18,C,3,A,draba alpina,0.1,0,cloudy_windy,84.315521240234375,15.694441734,78.211463527375
2018,2018-07-18,C,3,A,dryas octopetala,25,1,cloudy_windy,84.315521240234375,15.694441734,78.211463527375
2018,2018-07-18,C,3,A,festuca rubra,0.1,0,cloudy_windy,84.315521240234375,15.694441734,78.211463527375
2018,2018-07-18,C,3,A,luzula confusa,2,0,cloudy_windy,84.315521240234375,15.694441734,78.211463527375
2018,2018-07-18,C,3,A,luzula nivalis,1,1,cloudy_windy,84.315521240234375,15.694441734,78.211463527375
2018,2018-07-18,C,3,A,oxyria digyna,1,0,cloudy_windy,84.315521240234375,15.694441734,78.211463527375
2018,2018-07-18,C,3,A,pedicularis hirsuta,0.5,1,cloudy_windy,84.315521240234375,15.694441734,78.211463527375
2018,2018-07-18,C,3,A,poa arctica,0.1,0,cloudy_windy,84.315521240234375,15.694441734,78.211463527375
2018,2018-07-18,C,3,A,salix polaris,15,1,cloudy_windy,84.315521240234375,15.694441734,78.211463527375
2018,2018-07-18,C,3,A,saxifraga cernua,0.1,0,cloudy_windy,84.315521240234375,15.694441734,78.211463527375
2018,2018-07-18,C,3,A,saxifraga cespitosa,0.1,0,cloudy_windy,84.315521240234375,15.694441734,78.211463527375
2018,2018-07-18,C,3,A,saxifraga oppositifolia,0.1,0,cloudy_windy,84.315521240234375,15.694441734,78.211463527375
2018,2018-07-18,C,3,A,stellaria longipes,0.1,0,cloudy_windy,84.315521240234375,15.694441734,78.211463527375
2018,2018-07-18,C,3,A,trisetum spicatum,0,0,cloudy_windy,84.315521240234375,15.694441734,78.211463527375
2018,2018-07-18,C,3,B,alopecurus ovatus,3,1,NA,85.32965850830078,15.694319659,78.21149469000001
2018,2018-07-18,C,3,B,bistorta vivipara,10,1,NA,85.32965850830078,15.694319659,78.21149469000001
2018,2018-07-18,C,3,B,cerastium arcticum,0.1,1,NA,85.32965850830078,15.694319659,78.21149469000001
2018,2018-07-18,C,3,B,dryas octopetala,3,0,NA,85.32965850830078,15.694319659,78.21149469000001
2018,2018-07-18,C,3,B,juncus biglumis,0.1,1,NA,85.32965850830078,15.694319659,78.21149469000001
2018,2018-07-18,C,3,B,luzula confusa,5,1,NA,85.32965850830078,15.694319659,78.21149469000001
2018,2018-07-18,C,3,B,luzula nivalis,2,1,NA,85.32965850830078,15.694319659,78.21149469000001
2018,2018-07-18,C,3,B,pedicularis hirsuta,0.5,1,NA,85.32965850830078,15.694319659,78.21149469000001
2018,2018-07-18,C,3,B,poa sp,0.1,0,NA,85.32965850830078,15.694319659,78.21149469000001
2018,2018-07-18,C,3,B,salix polaris,15,1,NA,85.32965850830078,15.694319659,78.21149469000001
2018,2018-07-18,C,3,B,saxifraga cernua,0.1,0,NA,85.32965850830078,15.694319659,78.21149469000001
2018,2018-07-18,C,3,B,saxifraga oppositifolia,1,1,NA,85.32965850830078,15.694319659,78.21149469000001
2018,2018-07-18,C,3,C,bistorta vivipara,4,1,cloudy,85.30431365966797,15.69412308133333,78.211534236
2018,2018-07-18,C,3,C,cerastium arcticum,0.1,1,cloudy,85.30431365966797,15.69412308133333,78.211534236
2018,2018-07-18,C,3,C,dryas octopetala,20,0,cloudy,85.30431365966797,15.69412308133333,78.211534236
2018,2018-07-18,C,3,C,festuca rubra,4,1,cloudy,85.30431365966797,15.69412308133333,78.211534236
2018,2018-07-18,C,3,C,luzula confusa,3,0,cloudy,85.30431365966797,15.69412308133333,78.211534236
2018,2018-07-18,C,3,C,luzula nivalis,1,0,cloudy,85.30431365966797,15.69412308133333,78.211534236
2018,2018-07-18,C,3,C,micranthes hieracifolia,0.1,0,cloudy,85.30431365966797,15.69412308133333,78.211534236
2018,2018-07-18,C,3,C,pedicularis hirsuta,0.5,1,cloudy,85.30431365966797,15.69412308133333,78.211534236
2018,2018-07-18,C,3,C,poa sp,0.1,0,cloudy,85.30431365966797,15.69412308133333,78.211534236
2018,2018-07-18,C,3,C,salix polaris,20,1,cloudy,85.30431365966797,15.69412308133333,78.211534236
2018,2018-07-18,C,3,C,saxifraga cernua,0.1,1,cloudy,85.30431365966797,15.69412308133333,78.211534236
2018,2018-07-18,C,3,C,saxifraga oppositifolia,0.1,0,cloudy,85.30431365966797,15.69412308133333,78.211534236
2018,2018-07-18,C,3,C,stellaria longipes,0.1,0,cloudy,85.30431365966797,15.69412308133333,78.211534236
2018,2018-07-18,C,3,D,bistorta vivipara,2,1,NA,85.30842590332031,15.693943797333336,78.21157568444444
2018,2018-07-18,C,3,D,cerastium arcticum,0.1,0,NA,85.30842590332031,15.693943797333336,78.21157568444444
2018,2018-07-18,C,3,D,dryas octopetala,35,1,NA,85.30842590332031,15.693943797333336,78.21157568444444
2018,2018-07-18,C,3,D,festuca rubra,0.5,1,NA,85.30842590332031,15.693943797333336,78.21157568444444
2018,2018-07-18,C,3,D,luzula confusa,1,0,NA,85.30842590332031,15.693943797333336,78.21157568444444
2018,2018-07-18,C,3,D,luzula nivalis,0.1,0,NA,85.30842590332031,15.693943797333336,78.21157568444444
2018,2018-07-18,C,3,D,micranthes foliolosa,0.5,1,NA,85.30842590332031,15.693943797333336,78.21157568444444
2018,2018-07-18,C,3,D,poa arctica,2,1,NA,85.30842590332031,15.693943797333336,78.21157568444444
2018,2018-07-18,C,3,D,salix polaris,4,1,NA,85.30842590332031,15.693943797333336,78.21157568444444
2018,2018-07-18,C,3,D,stellaria longipes,0.1,0,NA,85.30842590332031,15.693943797333336,78.21157568444444
2018,2018-07-18,C,3,F,bistorta vivipara,10,1,NA,85.089080810546875,15.693577323444444,78.21164849133334
2018,2018-07-18,C,3,F,cerastium arcticum,0.5,1,NA,85.089080810546875,15.693577323444444,78.21164849133334
2018,2018-07-18,C,3,F,dryas octopetala,30,0,NA,85.089080810546875,15.693577323444444,78.21164849133334
2018,2018-07-18,C,3,F,juncus biglumis,0.5,1,NA,85.089080810546875,15.693577323444444,78.21164849133334
2018,2018-07-18,C,3,F,luzula confusa,0.5,1,NA,85.089080810546875,15.693577323444444,78.21164849133334
2018,2018-07-18,C,3,F,micranthes foliolosa,0.1,1,NA,85.089080810546875,15.693577323444444,78.21164849133334
2018,2018-07-18,C,3,F,micranthes hieracifolia,0.5,0,NA,85.089080810546875,15.693577323444444,78.21164849133334
2018,2018-07-18,C,3,F,oxyria digyna,3,1,NA,85.089080810546875,15.693577323444444,78.21164849133334
2018,2018-07-18,C,3,F,pedicularis hirsuta,0.1,0,NA,85.089080810546875,15.693577323444444,78.21164849133334
2018,2018-07-18,C,3,F,poa arctica,2,0,NA,85.089080810546875,15.693577323444444,78.21164849133334
2018,2018-07-18,C,3,F,salix polaris,15,1,NA,85.089080810546875,15.693577323444444,78.21164849133334
2018,2018-07-18,C,4,A,bistorta vivipara,2,1,cloudy_windy,135.15802001953125,15.691604295625002,78.210148510875
2018,2018-07-18,C,4,A,cardamine bellidifolia,0.1,1,cloudy_windy,135.15802001953125,15.691604295625002,78.210148510875
2018,2018-07-18,C,4,A,cerastium arcticum,0.1,5,cloudy_windy,135.15802001953125,15.691604295625002,78.210148510875
2018,2018-07-18,C,4,A,draba alpina,0.5,1,cloudy_windy,135.15802001953125,15.691604295625002,78.210148510875
2018,2018-07-18,C,4,A,luzula confusa,0.5,0,cloudy_windy,135.15802001953125,15.691604295625002,78.210148510875
2018,2018-07-18,C,4,A,luzula nivalis,0.1,1,cloudy_windy,135.15802001953125,15.691604295625002,78.210148510875
2018,2018-07-18,C,4,A,micranthes nivalis,0.1,0,cloudy_windy,135.15802001953125,15.691604295625002,78.210148510875
2018,2018-07-18,C,4,A,oxyria digyna,2,1,cloudy_windy,135.15802001953125,15.691604295625002,78.210148510875
2018,2018-07-18,C,4,A,salix polaris,0.5,1,cloudy_windy,135.15802001953125,15.691604295625002,78.210148510875
2018,2018-07-18,C,4,A,saxifraga cernua,0.1,0,cloudy_windy,135.15802001953125,15.691604295625002,78.210148510875
2018,2018-07-18,C,4,A,saxifraga cespitosa,0.1,0,cloudy_windy,135.15802001953125,15.691604295625002,78.210148510875
2018,2018-07-18,C,4,C,bistorta vivipara,15,1,cloudy_windy,134.249755859375,15.691183525333331,78.21018369788888
2018,2018-07-18,C,4,C,cardamine bellidifolia,0.1,1,cloudy_windy,134.249755859375,15.691183525333331,78.21018369788888
2018,2018-07-18,C,4,C,cerastium arcticum,2,1,cloudy_windy,134.249755859375,15.691183525333331,78.21018369788888
2018,2018-07-18,C,4,C,draba alpina,0.1,0,cloudy_windy,134.249755859375,15.691183525333331,78.21018369788888
2018,2018-07-18,C,4,C,luzula confusa,1,1,cloudy_windy,134.249755859375,15.691183525333331,78.21018369788888
2018,2018-07-18,C,4,C,luzula nivalis,0.1,0,cloudy_windy,134.249755859375,15.691183525333331,78.21018369788888
2018,2018-07-18,C,4,C,micranthes hieracifolia,0.1,0,cloudy_windy,134.249755859375,15.691183525333331,78.21018369788888
2018,2018-07-18,C,4,C,oxyria digyna,15,1,cloudy_windy,134.249755859375,15.691183525333331,78.21018369788888
2018,2018-07-18,C,4,C,poa arctica,4,1,cloudy_windy,134.249755859375,15.691183525333331,78.21018369788888
2018,2018-07-18,C,4,C,salix polaris,3,0,cloudy_windy,134.249755859375,15.691183525333331,78.21018369788888
2018,2018-07-18,C,4,C,saxifraga cernua,0.1,1,cloudy_windy,134.249755859375,15.691183525333331,78.21018369788888
2018,2018-07-18,C,4,C,saxifraga cespitosa,0.5,1,cloudy_windy,134.249755859375,15.691183525333331,78.21018369788888
2018,2018-07-18,C,4,C,stellaria longipes,0.1,0,cloudy_windy,134.249755859375,15.691183525333331,78.21018369788888
2018,2018-07-18,C,4,D,bistorta vivipara,7,1,cloudy_windy,133.6484375,15.690951362000002,78.21021181957143
2018,2018-07-18,C,4,D,cardamine bellidifolia,0.5,1,cloudy_windy,133.6484375,15.690951362000002,78.21021181957143
2018,2018-07-18,C,4,D,cerastium arcticum,3,1,cloudy_windy,133.6484375,15.690951362000002,78.21021181957143
2018,2018-07-18,C,4,D,draba alpina,0.1,0,cloudy_windy,133.6484375,15.690951362000002,78.21021181957143
2018,2018-07-18,C,4,D,festuca rubra,70,1,cloudy_windy,133.6484375,15.690951362000002,78.21021181957143
2018,2018-07-18,C,4,D,luzula confusa,3,1,cloudy_windy,133.6484375,15.690951362000002,78.21021181957143
2018,2018-07-18,C,4,D,luzula nivalis,0.1,0,cloudy_windy,133.6484375,15.690951362000002,78.21021181957143
2018,2018-07-18,C,4,D,micranthes nivalis,0.1,0,cloudy_windy,133.6484375,15.690951362000002,78.21021181957143
2018,2018-07-18,C,4,D,oxyria digyna,6,1,cloudy_windy,133.6484375,15.690951362000002,78.21021181957143
2018,2018-07-18,C,4,D,salix polaris,1,1,cloudy_windy,133.6484375,15.690951362000002,78.21021181957143
2018,2018-07-18,C,4,D,saxifraga cernua,0.1,1,cloudy_windy,133.6484375,15.690951362000002,78.21021181957143
2018,2018-07-18,C,4,D,saxifraga cespitosa,0.1,0,cloudy_windy,133.6484375,15.690951362000002,78.21021181957143
2018,2018-07-18,C,4,D,stellaria longipes,1,1,cloudy_windy,133.6484375,15.690951362000002,78.21021181957143
2018,2018-07-18,C,4,E,bistorta vivipara,2,1,NA,134.39340209960935,15.690728032555556,78.21023975455557
2018,2018-07-18,C,4,E,cerastium arcticum,2,1,NA,134.39340209960935,15.690728032555556,78.21023975455557
2018,2018-07-18,C,4,E,draba alpina,0.1,1,NA,134.39340209960935,15.690728032555556,78.21023975455557
2018,2018-07-18,C,4,E,festuca rubra,7,1,NA,134.39340209960935,15.690728032555556,78.21023975455557
2018,2018-07-18,C,4,E,luzula confusa,0.5,0,NA,134.39340209960935,15.690728032555556,78.21023975455557
2018,2018-07-18,C,4,E,oxyria digyna,4,1,NA,134.39340209960935,15.690728032555556,78.21023975455557
2018,2018-07-18,C,4,E,poa pratensis,2,1,NA,134.39340209960935,15.690728032555556,78.21023975455557
2018,2018-07-18,C,4,E,salix polaris,15,0,NA,134.39340209960935,15.690728032555556,78.21023975455557
2018,2018-07-18,C,4,E,saxifraga cernua,0.1,1,NA,134.39340209960935,15.690728032555556,78.21023975455557
2018,2018-07-18,C,4,E,saxifraga cespitosa,1,1,NA,134.39340209960935,15.690728032555556,78.21023975455557
2018,2018-07-18,C,4,B,bistorta vivipara,1,1,cloudy_windy,135.82395935058594,15.691406792124996,78.21016547775001
2018,2018-07-18,C,4,B,cerastium arcticum,2,1,cloudy_windy,135.82395935058594,15.691406792124996,78.21016547775001
2018,2018-07-18,C,4,B,festuca viviparoidea,0.5,0,cloudy_windy,135.82395935058594,15.691406792124996,78.21016547775001
2018,2018-07-18,C,4,B,luzula confusa,0.5,0,cloudy_windy,135.82395935058594,15.691406792124996,78.21016547775001
2018,2018-07-18,C,4,B,minuartia rubella,0.1,0,cloudy_windy,135.82395935058594,15.691406792124996,78.21016547775001
2018,2018-07-18,C,4,B,oxyria digyna,4,0,cloudy_windy,135.82395935058594,15.691406792124996,78.21016547775001
2018,2018-07-18,C,4,B,poa alpina,5,0,cloudy_windy,135.82395935058594,15.691406792124996,78.21016547775001
2018,2018-07-18,C,4,B,poa pratensis,5,1,cloudy_windy,135.82395935058594,15.691406792124996,78.21016547775001
2018,2018-07-18,C,4,B,ranunculus nivalis,1,0,cloudy_windy,135.82395935058594,15.691406792124996,78.21016547775001
2018,2018-07-18,C,4,B,salix polaris,2,0,cloudy_windy,135.82395935058594,15.691406792124996,78.21016547775001
2018,2018-07-18,C,4,B,saxifraga cespitosa,0.1,1,cloudy_windy,135.82395935058594,15.691406792124996,78.21016547775001
2018,2018-07-18,C,4,B,stellaria longipes,0.1,0,cloudy_windy,135.82395935058594,15.691406792124996,78.21016547775001
2018,2018-07-18,C,4,F,bistorta vivipara,3,1,NA,133.4052276611328,15.690517520375,78.21027277275002
2018,2018-07-18,C,4,F,cerastium arcticum,3,1,NA,133.4052276611328,15.690517520375,78.21027277275002
2018,2018-07-18,C,4,F,draba alpina,0.1,1,NA,133.4052276611328,15.690517520375,78.21027277275002
2018,2018-07-18,C,4,F,luzula confusa,2,1,NA,133.4052276611328,15.690517520375,78.21027277275002
2018,2018-07-18,C,4,F,luzula nivalis,0.5,1,NA,133.4052276611328,15.690517520375,78.21027277275002
2018,2018-07-18,C,4,F,micranthes hieracifolia,0.5,1,NA,133.4052276611328,15.690517520375,78.21027277275002
2018,2018-07-18,C,4,F,oxyria digyna,7,1,NA,133.4052276611328,15.690517520375,78.21027277275002
2018,2018-07-18,C,4,F,poa pratensis,5,1,NA,133.4052276611328,15.690517520375,78.21027277275002
2018,2018-07-18,C,4,F,ranunculus pygmaeus,0.5,1,NA,133.4052276611328,15.690517520375,78.21027277275002
2018,2018-07-18,C,4,F,salix polaris,2,1,NA,133.4052276611328,15.690517520375,78.21027277275002
2018,2018-07-18,C,4,F,saxifraga cernua,0.5,1,NA,133.4052276611328,15.690517520375,78.21027277275002
2018,2018-07-18,C,4,F,saxifraga cespitosa,0.5,1,NA,133.4052276611328,15.690517520375,78.21027277275002
2018,2018-07-18,C,4,F,stellaria longipes,0.5,1,NA,133.4052276611328,15.690517520375,78.21027277275002
2018,2018-07-18,C,4,G,bistorta vivipara,5,1,NA,134.02081298828125,15.690261771625,78.210294576625
2018,2018-07-18,C,4,G,cerastium arcticum,2,1,NA,134.02081298828125,15.690261771625,78.210294576625
2018,2018-07-18,C,4,G,draba alpina,1,1,NA,134.02081298828125,15.690261771625,78.210294576625
2018,2018-07-18,C,4,G,minuartia sp,0.1,0,NA,134.02081298828125,15.690261771625,78.210294576625
2018,2018-07-18,C,4,G,oxyria digyna,7,1,NA,134.02081298828125,15.690261771625,78.210294576625
2018,2018-07-18,C,4,G,poa pratensis,1,0,NA,134.02081298828125,15.690261771625,78.210294576625
2018,2018-07-18,C,4,G,salix polaris,10,1,NA,134.02081298828125,15.690261771625,78.210294576625
2018,2018-07-18,C,4,G,saxifraga cernua,1,1,NA,134.02081298828125,15.690261771625,78.210294576625
2018,2018-07-18,C,4,G,saxifraga cespitosa,0.5,0,NA,134.02081298828125,15.690261771625,78.210294576625
2018,2018-07-18,C,4,G,stellaria longipes,0.5,0,NA,134.02081298828125,15.690261771625,78.210294576625
2018,2018-07-18,C,5,A,bistorta vivipara,2,1,NA,177.69808959960935,15.6934239276,78.20880172410001
2018,2018-07-18,C,5,A,cerastium arcticum,0.1,0,NA,177.69808959960935,15.6934239276,78.20880172410001
2018,2018-07-18,C,5,A,luzula confusa,0.5,1,NA,177.69808959960935,15.6934239276,78.20880172410001
2018,2018-07-18,C,5,A,luzula nivalis,0.1,0,NA,177.69808959960935,15.6934239276,78.20880172410001
2018,2018-07-18,C,5,A,pedicularis hirsuta,0.1,0,NA,177.69808959960935,15.6934239276,78.20880172410001
2018,2018-07-18,C,5,A,poa pratensis,0.5,0,NA,177.69808959960935,15.6934239276,78.20880172410001
2018,2018-07-18,C,5,A,salix polaris,20,1,NA,177.69808959960935,15.6934239276,78.20880172410001
2018,2018-07-18,C,5,A,saxifraga oppositifolia,1,0,NA,177.69808959960935,15.6934239276,78.20880172410001
2018,2018-07-18,C,5,A,stellaria longipes,0.1,0,NA,177.69808959960935,15.6934239276,78.20880172410001
2018,2018-07-18,C,5,B,alopecurus ovatus,1,1,NA,176.56785583496094,15.69323010375,78.2088258395
2018,2018-07-18,C,5,B,bistorta vivipara,1,1,NA,176.56785583496094,15.69323010375,78.2088258395
2018,2018-07-18,C,5,B,cardamine bellidifolia,0.1,0,NA,176.56785583496094,15.69323010375,78.2088258395
2018,2018-07-18,C,5,B,cerastium arcticum,2,1,NA,176.56785583496094,15.69323010375,78.2088258395
2018,2018-07-18,C,5,B,draba alpina,0.1,1,NA,176.56785583496094,15.69323010375,78.2088258395
2018,2018-07-18,C,5,B,draba alpina,0.1,1,NA,176.56785583496094,15.69323010375,78.2088258395
2018,2018-07-18,C,5,B,luzula confusa,0.5,1,NA,176.56785583496094,15.69323010375,78.2088258395
2018,2018-07-18,C,5,B,oxyria digyna,7,1,NA,176.56785583496094,15.69323010375,78.2088258395
2018,2018-07-18,C,5,B,poa arctica,0.5,1,NA,176.56785583496094,15.69323010375,78.2088258395
2018,2018-07-18,C,5,B,salix polaris,0.5,0,NA,176.56785583496094,15.69323010375,78.2088258395
2018,2018-07-18,C,5,B,saxifraga cernua,0.1,0,NA,176.56785583496094,15.69323010375,78.2088258395
2018,2018-07-18,C,5,B,saxifraga cespitosa,0.1,0,NA,176.56785583496094,15.69323010375,78.2088258395
2018,2018-07-18,C,5,B,saxifraga oppositifolia,0.1,0,NA,176.56785583496094,15.69323010375,78.2088258395
2018,2018-07-18,C,5,B,saxifraga svalbardensis,0.1,0,NA,176.56785583496094,15.69323010375,78.2088258395
2018,2018-07-18,C,5,B,stellaria longipes,0.1,0,NA,176.56785583496094,15.69323010375,78.2088258395
2018,2018-07-18,C,5,C,alopecurus ovatus,0.5,0,NA,177.35955810546875,15.693017288500002,78.20885030650001
2018,2018-07-18,C,5,C,bistorta vivipara,10,1,NA,177.35955810546875,15.693017288500002,78.20885030650001
2018,2018-07-18,C,5,C,cerastium arcticum,0.5,1,NA,177.35955810546875,15.693017288500002,78.20885030650001
2018,2018-07-18,C,5,C,dryas octopetala,3,0,NA,177.35955810546875,15.693017288500002,78.20885030650001
2018,2018-07-18,C,5,C,luzula confusa,0.5,0,NA,177.35955810546875,15.693017288500002,78.20885030650001
2018,2018-07-18,C,5,C,luzula nivalis,0.1,0,NA,177.35955810546875,15.693017288500002,78.20885030650001
2018,2018-07-18,C,5,C,micranthes nivalis,0.1,0,NA,177.35955810546875,15.693017288500002,78.20885030650001
2018,2018-07-18,C,5,C,oxyria digyna,1,0,NA,177.35955810546875,15.693017288500002,78.20885030650001
2018,2018-07-18,C,5,C,salix polaris,4,0,NA,177.35955810546875,15.693017288500002,78.20885030650001
2018,2018-07-18,C,5,C,saxifraga oppositifolia,0.1,0,NA,177.35955810546875,15.693017288500002,78.20885030650001
2018,2018-07-18,C,5,C,stellaria longipes,0.1,0,NA,177.35955810546875,15.693017288500002,78.20885030650001
2018,2018-07-18,C,5,D,alopecurus ovatus,3,1,NA,176.5673370361328,15.692877799333331,78.208882156
2018,2018-07-18,C,5,D,bistorta vivipara,2,1,NA,176.5673370361328,15.692877799333331,78.208882156
2018,2018-07-18,C,5,D,cassiope tetragona,0.5,0,NA,176.5673370361328,15.692877799333331,78.208882156
2018,2018-07-18,C,5,D,cerastium arcticum,3,1,NA,176.5673370361328,15.692877799333331,78.208882156
2018,2018-07-18,C,5,D,unknown sp,0.1,0,NA,176.5673370361328,15.692877799333331,78.208882156
2018,2018-07-18,C,5,D,huperzia arctica,0.1,0,NA,176.5673370361328,15.692877799333331,78.208882156
2018,2018-07-18,C,5,D,luzula confusa,5,1,NA,176.5673370361328,15.692877799333331,78.208882156
2018,2018-07-18,C,5,D,oxyria digyna,2,1,NA,176.5673370361328,15.692877799333331,78.208882156
2018,2018-07-18,C,5,D,stellaria longipes,1,0,NA,176.5673370361328,15.692877799333331,78.208882156
2018,2018-07-18,C,5,E,alopecurus ovatus,0.1,0,NA,177.42205810546875,15.692638782375,78.208907920625
2018,2018-07-18,C,5,E,bistorta vivipara,6,1,NA,177.42205810546875,15.692638782375,78.208907920625
2018,2018-07-18,C,5,E,draba alpina,0.1,0,NA,177.42205810546875,15.692638782375,78.208907920625
2018,2018-07-18,C,5,E,luzula confusa,20,1,NA,177.42205810546875,15.692638782375,78.208907920625
2018,2018-07-18,C,5,E,oxyria digyna,8,1,NA,177.42205810546875,15.692638782375,78.208907920625
2018,2018-07-18,C,5,E,pedicularis hirsuta,0.1,0,NA,177.42205810546875,15.692638782375,78.208907920625
2018,2018-07-18,C,5,E,poa arctica,0.1,1,NA,177.42205810546875,15.692638782375,78.208907920625
2018,2018-07-18,C,5,E,salix polaris,4,1,NA,177.42205810546875,15.692638782375,78.208907920625
2018,2018-07-18,C,5,E,stellaria longipes,2,1,NA,177.42205810546875,15.692638782375,78.208907920625
2018,2018-07-17,C,5,F,bistorta vivipara,8,1,cloudy,176.60238647460935,15.692422076111107,78.20892576844446
2018,2018-07-17,C,5,F,cardamine bellidifolia,0.1,1,cloudy,176.60238647460935,15.692422076111107,78.20892576844446
2018,2018-07-17,C,5,F,cerastium arcticum,2,1,cloudy,176.60238647460935,15.692422076111107,78.20892576844446
2018,2018-07-17,C,5,F,draba lactea,0.1,1,cloudy,176.60238647460935,15.692422076111107,78.20892576844446
2018,2018-07-17,C,5,F,dryas octopetala,5,0,cloudy,176.60238647460935,15.692422076111107,78.20892576844446
2018,2018-07-17,C,5,F,luzula confusa,2,1,cloudy,176.60238647460935,15.692422076111107,78.20892576844446
2018,2018-07-17,C,5,F,micranthes nivalis,0.1,1,cloudy,176.60238647460935,15.692422076111107,78.20892576844446
2018,2018-07-17,C,5,F,oxyria digyna,4,1,cloudy,176.60238647460935,15.692422076111107,78.20892576844446
2018,2018-07-17,C,5,F,poa arctica,4,1,cloudy,176.60238647460935,15.692422076111107,78.20892576844446
2018,2018-07-17,C,5,F,poa pratensis,4,0,cloudy,176.60238647460935,15.692422076111107,78.20892576844446
2018,2018-07-17,C,5,F,salix polaris,5,1,cloudy,176.60238647460935,15.692422076111107,78.20892576844446
2018,2018-07-17,C,5,F,saxifraga cernua,0.1,1,cloudy,176.60238647460935,15.692422076111107,78.20892576844446
2018,2018-07-17,C,5,F,saxifraga cespitosa,0.1,1,cloudy,176.60238647460935,15.692422076111107,78.20892576844446
2018,2018-07-17,C,5,F,saxifraga oppositifolia,0.1,0,cloudy,176.60238647460935,15.692422076111107,78.20892576844446
2018,2018-07-17,C,5,F,stellaria longipes,3,1,cloudy,176.60238647460935,15.692422076111107,78.20892576844446
2018,2018-07-17,C,5,G,bistorta vivipara,13,1,cloudy,177.94073486328125,15.692237217750002,78.208952555625
2018,2018-07-17,C,5,G,cassiope tetragona,3,1,cloudy,177.94073486328125,15.692237217750002,78.208952555625
2018,2018-07-17,C,5,G,cerastium arcticum,2,1,cloudy,177.94073486328125,15.692237217750002,78.208952555625
2018,2018-07-17,C,5,G,dryas octopetala,0.1,1,cloudy,177.94073486328125,15.692237217750002,78.208952555625
2018,2018-07-17,C,5,G,luzula confusa,6,1,cloudy,177.94073486328125,15.692237217750002,78.208952555625
2018,2018-07-17,C,5,G,oxyria digyna,12,1,cloudy,177.94073486328125,15.692237217750002,78.208952555625
2018,2018-07-17,C,5,G,poa arctica,6,1,cloudy,177.94073486328125,15.692237217750002,78.208952555625
2018,2018-07-17,C,5,G,saxifraga oppositifolia,0.1,0,cloudy,177.94073486328125,15.692237217750002,78.208952555625
2018,2018-07-17,C,5,G,stellaria longipes,0.1,0,cloudy,177.94073486328125,15.692237217750002,78.208952555625
2018,2018-07-19,C,6,A,alopecurus ovatus,2,1,NA,224.70541381835935,15.698836050375002,78.206980012875
2018,2018-07-19,C,6,A,bistorta vivipara,0.5,1,NA,224.70541381835935,15.698836050375002,78.206980012875
2018,2018-07-19,C,6,A,luzula confusa,1,0,NA,224.70541381835935,15.698836050375002,78.206980012875
2018,2018-07-19,C,6,A,pedicularis hirsuta,0.5,1,NA,224.70541381835935,15.698836050375002,78.206980012875
2018,2018-07-19,C,6,A,poa arctica,0.1,0,NA,224.70541381835935,15.698836050375002,78.206980012875
2018,2018-07-19,C,6,A,salix polaris,35,0,NA,224.70541381835935,15.698836050375002,78.206980012875
2018,2018-07-19,C,6,A,stellaria longipes,0.5,0,NA,224.70541381835935,15.698836050375002,78.206980012875
2018,2018-07-19,C,6,B,alopecurus ovatus,5,1,NA,225.4084320068359,15.698623882875,78.207006897125
2018,2018-07-19,C,6,B,bistorta vivipara,0.5,1,NA,225.4084320068359,15.698623882875,78.207006897125
2018,2018-07-19,C,6,B,luzula confusa,1,0,NA,225.4084320068359,15.698623882875,78.207006897125
2018,2018-07-19,C,6,B,pedicularis hirsuta,1,1,NA,225.4084320068359,15.698623882875,78.207006897125
2018,2018-07-19,C,6,B,poa arctica,0.5,0,NA,225.4084320068359,15.698623882875,78.207006897125
2018,2018-07-19,C,6,B,salix polaris,38,0,NA,225.4084320068359,15.698623882875,78.207006897125
2018,2018-07-19,C,6,B,saxifraga cespitosa,0.1,0,NA,225.4084320068359,15.698623882875,78.207006897125
2018,2018-07-19,C,6,B,stellaria longipes,0.5,0,NA,225.4084320068359,15.698623882875,78.207006897125
2018,2018-07-19,C,6,C,alopecurus ovatus,2,0,NA,224.65286254882812,15.698441914666668,78.20703528766667
2018,2018-07-19,C,6,C,bistorta vivipara,2,1,NA,224.65286254882812,15.698441914666668,78.20703528766667
2018,2018-07-19,C,6,C,cerastium arcticum,1,0,NA,224.65286254882812,15.698441914666668,78.20703528766667
2018,2018-07-19,C,6,C,draba alpina,0.1,0,NA,224.65286254882812,15.698441914666668,78.20703528766667
2018,2018-07-19,C,6,C,luzula confusa,2,0,NA,224.65286254882812,15.698441914666668,78.20703528766667
2018,2018-07-19,C,6,C,luzula nivalis,0.5,0,NA,224.65286254882812,15.698441914666668,78.20703528766667
2018,2018-07-19,C,6,C,pedicularis hirsuta,0.1,0,NA,224.65286254882812,15.698441914666668,78.20703528766667
2018,2018-07-19,C,6,C,salix polaris,20,1,NA,224.65286254882812,15.698441914666668,78.20703528766667
2018,2018-07-19,C,6,C,stellaria longipes,1,0,NA,224.65286254882812,15.698441914666668,78.20703528766667
2018,2018-07-18,C,6,G,alopecurus ovatus,3,0,NA,224.0271759033203,15.6965959222,78.2072793844
2018,2018-07-18,C,6,G,bistorta vivipara,3,1,NA,224.0271759033203,15.6965959222,78.2072793844
2018,2018-07-18,C,6,G,cerastium arcticum,6,1,NA,224.0271759033203,15.6965959222,78.2072793844
2018,2018-07-18,C,6,G,festuca viviparoidea,1,1,NA,224.0271759033203,15.6965959222,78.2072793844
2018,2018-07-18,C,6,G,luzula confusa,3,1,NA,224.0271759033203,15.6965959222,78.2072793844
2018,2018-07-18,C,6,G,luzula nivalis,0.5,0,NA,224.0271759033203,15.6965959222,78.2072793844
2018,2018-07-18,C,6,G,poa arctica,3,0,NA,224.0271759033203,15.6965959222,78.2072793844
2018,2018-07-18,C,6,G,potentilla hyparctica,0.5,0,NA,224.0271759033203,15.6965959222,78.2072793844
2018,2018-07-18,C,6,G,salix polaris,3,1,NA,224.0271759033203,15.6965959222,78.2072793844
2018,2018-07-18,C,6,G,stellaria longipes,1,1,NA,224.0271759033203,15.6965959222,78.2072793844
2018,2018-07-19,C,6,D,bistorta vivipara,2,1,NA,224.36822509765625,15.698249327857145,78.20706691085715
2018,2018-07-19,C,6,D,bistorta vivipara,2,1,NA,224.36822509765625,15.698249327857145,78.20706691085715
2018,2018-07-19,C,6,D,bistorta vivipara,2,1,NA,224.36822509765625,15.698249327857145,78.20706691085715
2018,2018-07-19,C,6,D,cerastium arcticum,0.1,1,NA,224.36822509765625,15.698249327857145,78.20706691085715
2018,2018-07-19,C,6,D,cerastium arcticum,0.1,1,NA,224.36822509765625,15.698249327857145,78.20706691085715
2018,2018-07-19,C,6,D,cerastium arcticum,0.1,1,NA,224.36822509765625,15.698249327857145,78.20706691085715
2018,2018-07-19,C,6,D,draba alpina,0.5,1,NA,224.36822509765625,15.698249327857145,78.20706691085715
2018,2018-07-19,C,6,D,draba nivalis,0.5,1,NA,224.36822509765625,15.698249327857145,78.20706691085715
2018,2018-07-19,C,6,D,draba glabella,0.5,1,NA,224.36822509765625,15.698249327857145,78.20706691085715
2018,2018-07-19,C,6,D,festuca viviparoidea,0.1,1,NA,224.36822509765625,15.698249327857145,78.20706691085715
2018,2018-07-19,C,6,D,festuca viviparoidea,0.1,1,NA,224.36822509765625,15.698249327857145,78.20706691085715
2018,2018-07-19,C,6,D,festuca viviparoidea,0.1,1,NA,224.36822509765625,15.698249327857145,78.20706691085715
2018,2018-07-19,C,6,D,luzula confusa,2,1,NA,224.36822509765625,15.698249327857145,78.20706691085715
2018,2018-07-19,C,6,D,luzula confusa,2,1,NA,224.36822509765625,15.698249327857145,78.20706691085715
2018,2018-07-19,C,6,D,luzula confusa,2,1,NA,224.36822509765625,15.698249327857145,78.20706691085715
2018,2018-07-19,C,6,D,luzula nivalis,0.5,0,NA,224.36822509765625,15.698249327857145,78.20706691085715
2018,2018-07-19,C,6,D,luzula nivalis,0.5,0,NA,224.36822509765625,15.698249327857145,78.20706691085715
2018,2018-07-19,C,6,D,luzula nivalis,0.5,0,NA,224.36822509765625,15.698249327857145,78.20706691085715
2018,2018-07-19,C,6,D,pedicularis hirsuta,0.1,0,NA,224.36822509765625,15.698249327857145,78.20706691085715
2018,2018-07-19,C,6,D,pedicularis hirsuta,0.1,0,NA,224.36822509765625,15.698249327857145,78.20706691085715
2018,2018-07-19,C,6,D,pedicularis hirsuta,0.1,0,NA,224.36822509765625,15.698249327857145,78.20706691085715
2018,2018-07-19,C,6,D,poa arctica,1,1,NA,224.36822509765625,15.698249327857145,78.20706691085715
2018,2018-07-19,C,6,D,poa arctica,1,1,NA,224.36822509765625,15.698249327857145,78.20706691085715
2018,2018-07-19,C,6,D,poa arctica,1,1,NA,224.36822509765625,15.698249327857145,78.20706691085715
2018,2018-07-19,C,6,D,potentilla hyparctica,1,1,NA,224.36822509765625,15.698249327857145,78.20706691085715
2018,2018-07-19,C,6,D,potentilla hyparctica,1,1,NA,224.36822509765625,15.698249327857145,78.20706691085715
2018,2018-07-19,C,6,D,potentilla hyparctica,1,1,NA,224.36822509765625,15.698249327857145,78.20706691085715
2018,2018-07-19,C,6,D,salix polaris,20,1,NA,224.36822509765625,15.698249327857145,78.20706691085715
2018,2018-07-19,C,6,D,salix polaris,20,1,NA,224.36822509765625,15.698249327857145,78.20706691085715
2018,2018-07-19,C,6,D,salix polaris,20,1,NA,224.36822509765625,15.698249327857145,78.20706691085715
2018,2018-07-18,C,6,E,bistorta vivipara,1,1,cloudy_windy,223.04421997070312,15.697017461749995,78.207255272375
2018,2018-07-18,C,6,E,luzula confusa,5,1,cloudy_windy,223.04421997070312,15.697017461749995,78.207255272375
2018,2018-07-18,C,6,E,pedicularis hirsuta,0.1,0,cloudy_windy,223.04421997070312,15.697017461749995,78.207255272375
2018,2018-07-18,C,6,E,poa arctica,4,1,cloudy_windy,223.04421997070312,15.697017461749995,78.207255272375
2018,2018-07-18,C,6,E,salix polaris,22,1,cloudy_windy,223.04421997070312,15.697017461749995,78.207255272375
2018,2018-07-18,C,6,E,stellaria longipes,0.5,0,cloudy_windy,223.04421997070312,15.697017461749995,78.207255272375
2018,2018-07-18,C,6,F,bistorta vivipara,1,1,NA,223.80140686035156,15.696810804625,78.20727381
2018,2018-07-18,C,6,F,draba glabella,0.5,1,NA,223.80140686035156,15.696810804625,78.20727381
2018,2018-07-18,C,6,F,luzula confusa,4,1,NA,223.80140686035156,15.696810804625,78.20727381
2018,2018-07-18,C,6,F,luzula nivalis,0.5,0,NA,223.80140686035156,15.696810804625,78.20727381
2018,2018-07-18,C,6,F,pedicularis hirsuta,0.1,0,NA,223.80140686035156,15.696810804625,78.20727381
2018,2018-07-18,C,6,F,poa arctica,4,1,NA,223.80140686035156,15.696810804625,78.20727381
2018,2018-07-18,C,6,F,salix polaris,10,1,NA,223.80140686035156,15.696810804625,78.20727381
2018,2018-07-18,C,6,F,stellaria longipes,0.1,0,NA,223.80140686035156,15.696810804625,78.20727381
2018,2018-07-19,C,7,B,cerastium arcticum,2,1,NA,237.33267211914065,15.697945115,78.2066739308889
2018,2018-07-19,C,7,B,festuca viviparoidea,2,1,NA,237.33267211914065,15.697945115,78.2066739308889
2018,2018-07-19,C,7,B,luzula confusa,0.5,1,NA,237.33267211914065,15.697945115,78.2066739308889
2018,2018-07-19,C,7,B,luzula nivalis,0.5,1,NA,237.33267211914065,15.697945115,78.2066739308889
2018,2018-07-19,C,7,B,micranthes nivalis,0.1,0,NA,237.33267211914065,15.697945115,78.2066739308889
2018,2018-07-19,C,7,B,oxyria digyna,1,1,NA,237.33267211914065,15.697945115,78.2066739308889
2018,2018-07-19,C,7,B,poa arctica,0.1,1,NA,237.33267211914065,15.697945115,78.2066739308889
2018,2018-07-19,C,7,B,salix polaris,12,1,NA,237.33267211914065,15.697945115,78.2066739308889
2018,2018-07-19,C,7,C,cerastium arcticum,0.5,1,NA,237.90086364746097,15.697695457714287,78.206684289
2018,2018-07-19,C,7,C,draba norvegica,0.1,0,NA,237.90086364746097,15.697695457714287,78.206684289
2018,2018-07-19,C,7,C,luzula confusa,8,1,NA,237.90086364746097,15.697695457714287,78.206684289
2018,2018-07-19,C,7,C,luzula nivalis,0.5,1,NA,237.90086364746097,15.697695457714287,78.206684289
2018,2018-07-19,C,7,C,oxyria digyna,2,1,NA,237.90086364746097,15.697695457714287,78.206684289
2018,2018-07-19,C,7,C,poa arctica,0.1,0,NA,237.90086364746097,15.697695457714287,78.206684289
2018,2018-07-19,C,7,C,salix polaris,25,1,NA,237.90086364746097,15.697695457714287,78.206684289
2018,2018-07-19,C,7,C,stellaria longipes,0.5,0,NA,237.90086364746097,15.697695457714287,78.206684289
2018,2018-07-19,C,7,D,draba norvegica,0.5,0,NA,238.1590576171875,15.697435394200005,78.2066866933
2018,2018-07-19,C,7,D,festuca viviparoidea,0.5,1,NA,238.1590576171875,15.697435394200005,78.2066866933
2018,2018-07-19,C,7,D,luzula confusa,4,1,NA,238.1590576171875,15.697435394200005,78.2066866933
2018,2018-07-19,C,7,D,oxyria digyna,2,0,NA,238.1590576171875,15.697435394200005,78.2066866933
2018,2018-07-19,C,7,D,poa arctica,1,1,NA,238.1590576171875,15.697435394200005,78.2066866933
2018,2018-07-19,C,7,A,cerastium arcticum,0.5,0,NA,237.01724243164065,15.69816825388889,78.20666098833334
2018,2018-07-19,C,7,A,draba norvegica,0.5,1,NA,237.01724243164065,15.69816825388889,78.20666098833334
2018,2018-07-19,C,7,A,luzula confusa,5,1,NA,237.01724243164065,15.69816825388889,78.20666098833334
2018,2018-07-19,C,7,A,luzula nivalis,1,1,NA,237.01724243164065,15.69816825388889,78.20666098833334
2018,2018-07-19,C,7,A,oxyria digyna,4,1,NA,237.01724243164065,15.69816825388889,78.20666098833334
2018,2018-07-19,C,7,A,poa arctica,0.1,0,NA,237.01724243164065,15.69816825388889,78.20666098833334
2018,2018-07-19,C,7,A,saxifraga cernua,0.1,0,NA,237.01724243164065,15.69816825388889,78.20666098833334
2018,2018-07-19,C,7,A,saxifraga cespitosa,1,1,NA,237.01724243164065,15.69816825388889,78.20666098833334
