plot_id,tier,MMP,MAT,MaxTemp,MinTemp,BurnedAreaMean
CH_A7,China_2016,158.400329589844,1.46150493621826,14.1575794219971,-19.4348411560059,0
CH_A2,China_2016,158.400329589844,1.46150493621826,14.1575794219971,-19.4348411560059,0
CH_A6,China_2016,158.400329589844,1.46150493621826,14.1575794219971,-19.4348411560059,0
CH_A1,China_2016,158.400329589844,1.46150493621826,14.1575794219971,-19.4348411560059,0
CH_A3,China_2016,158.400329589844,1.46150493621826,14.1575794219971,-19.4348411560059,0
CH_A4,China_2016,158.400329589844,1.46150493621826,14.1575794219971,-19.4348411560059,0
CH_A5,China_2016,158.400329589844,1.46150493621826,14.1575794219971,-19.4348411560059,0
CH_H5,China_2016,151.280975341797,-0.16126012802124,13.1402797698975,-21.3694381713867,0
CH_H4,China_2016,151.280975341797,-0.16126012802124,13.1402797698975,-21.3694381713867,0
CH_H1,China_2016,151.280975341797,-0.16126012802124,13.1402797698975,-21.3694381713867,0
CH_H3,China_2016,151.280975341797,-0.16126012802124,13.1402797698975,-21.3694381713867,0
CH_M3,China_2016,170.031982421875,2.75832509994507,15.0499992370605,-17.75,0
CH_M4,China_2016,170.031982421875,2.75832509994507,15.0499992370605,-17.75,0
CH_M1,China_2016,170.031982421875,2.75832509994507,15.0499992370605,-17.75,0
CH_M6,China_2016,170.031982421875,2.75832509994507,15.0499992370605,-17.75,0
CH_M5,China_2016,170.031982421875,2.75832509994507,15.0499992370605,-17.75,0
CH_M2,China_2016,170.031982421875,2.75832509994507,15.0499992370605,-17.75,0
CH_M7,China_2016,170.031982421875,2.75832509994507,15.0499992370605,-17.75,0
CH_L5,China_2016,165.596496582031,4.9189453125,16.4500007629395,-15.25,0
CH_L7,China_2016,165.596496582031,4.9189453125,16.4500007629395,-15.25,0
CH_L4,China_2016,165.596496582031,4.9189453125,16.4500007629395,-15.25,0
CH_L2,China_2016,165.596496582031,4.9189453125,16.4500007629395,-15.25,0
CH_L3,China_2016,165.596496582031,4.9189453125,16.4500007629395,-15.25,0
CH_L6,China_2016,165.596496582031,4.9189453125,16.4500007629395,-15.25,0
CH_L1,China_2016,165.596496582031,4.9189453125,16.4500007629395,-15.25,0
PE_ACJ_B_1,Peru_2018,226.124862670898,9.00870418548584,14.8341569900513,2.61831188201904,1.11118566989899
PE_ACJ_B_2,Peru_2018,226.115112304688,9.00880813598633,14.8343286514282,2.61865973472595,1.11118566989899
PE_ACJ_B_3,Peru_2018,226.060501098633,9.00939273834229,14.8353061676025,2.62061095237732,1.11118566989899
PE_ACJ_B_4,Peru_2018,226.028884887695,9.00973033905029,14.8358697891235,2.62173938751221,1.11118566989899
PE_ACJ_B_5,Peru_2018,226.033813476563,9.00967788696289,14.8357830047607,2.62156391143799,1.11118566989899
PE_ACJ_C_1,Peru_2018,233.179306030273,8.08553409576416,14.0505561828613,0.75135213136673,1.11118566989899
PE_ACJ_C_2,Peru_2018,233.181198120117,8.0848388671875,14.0499992370605,0.75,1.11118566989899
PE_ACJ_C_3,Peru_2018,233.181167602539,8.0848388671875,14.0500001907349,0.75,1.11118566989899
PE_ACJ_C_4,Peru_2018,233.181198120117,8.0848388671875,14.0499992370605,0.75,1.11118566989899
PE_ACJ_C_5,Peru_2018,233.181182861328,8.0848388671875,14.0500011444092,0.75,1.11118566989899
PE_PIL_B_1,Peru_2018,236.452697753906,7.64848613739014,13.5500001907349,-0.75,0.700324654579163
PE_PIL_B_2,Peru_2018,236.452713012695,7.64848613739014,13.5499992370605,-0.75,0.701537370681763
PE_PIL_B_3,Peru_2018,236.452697753906,7.64848613739014,13.5500001907349,-0.75,0.700751602649689
PE_PIL_B_4,Peru_2018,236.452713012695,7.64848566055298,13.5500011444092,-0.75,0.685693860054016
PE_PIL_B_5,Peru_2018,236.452682495117,7.64848566055298,13.5500001907349,-0.75,0.625388026237488
PE_PIL_C_2,Peru_2018,236.452713012695,7.64848613739014,13.5500001907349,-0.75,0.890487015247345
PE_PIL_C_3,Peru_2018,236.452713012695,7.64848566055298,13.5500011444092,-0.75,0.868421852588654
PE_PIL_C_4,Peru_2018,236.452697753906,7.64848613739014,13.5500001907349,-0.75,0.745004296302795
PE_PIL_C_5,Peru_2018,236.452697753906,7.64848613739014,13.5500001907349,-0.75,0.719983875751495
PE_PIL_C_1,Peru_2018,236.452682495117,7.64848613739014,13.5500011444092,-0.75,0.90479189157486
PE_QUE_B_1,Peru_2018,229.038726806641,6.64772891998291,12.8500003814697,-1.54999995231628,0.464994221925736
PE_QUE_B_2,Peru_2018,229.038726806641,6.64772939682007,12.8500003814697,-1.54999995231628,0.464994221925736
PE_QUE_B_3,Peru_2018,229.038726806641,6.64772987365723,12.8500003814697,-1.54999995231628,0.464994221925736
PE_QUE_B_4,Peru_2018,229.03874206543,6.64772987365723,12.8500003814697,-1.54999995231628,0.464994251728058
PE_QUE_B_5,Peru_2018,229.038726806641,6.64772939682007,12.8500003814697,-1.54999995231628,0.464994221925736
PE_WAY_B_1,Peru_2018,242.598785400391,10.8121089935303,16.5499992370605,4.75,0.883451282978058
PE_WAY_B_2,Peru_2018,242.59880065918,10.8121089935303,16.5499992370605,4.75,0.883451282978058
PE_WAY_B_3,Peru_2018,242.598785400391,10.8121089935303,16.5499992370605,4.75,0.883451282978058
PE_WAY_B_4,Peru_2018,242.59880065918,10.8121089935303,16.5499992370605,4.75,0.883451282978058
PE_WAY_B_5,Peru_2018,242.59880065918,10.8121089935303,16.5499992370605,4.75,0.883451282978058
PE_WAY_C_1,Peru_2018,242.59880065918,10.8121089935303,16.5499992370605,4.75,0.883451342582703
PE_WAY_C_2,Peru_2018,242.598785400391,10.8121089935303,16.5499992370605,4.75,0.883451282978058
PE_WAY_C_3,Peru_2018,242.59880065918,10.8121089935303,16.5499992370605,4.75,0.883451282978058
PE_WAY_C_4,Peru_2018,242.598785400391,10.8121089935303,16.5499992370605,4.75,0.883451223373413
PE_WAY_C_5,Peru_2018,242.59880065918,10.8121089935303,16.5499992370605,4.75,0.883451282978058
PE_ACJ_B_1,Peru_2019,226.124862670898,9.00870418548584,14.8341569900513,2.61831188201904,1.11118566989899
PE_ACJ_B_2,Peru_2019,226.115112304688,9.00880813598633,14.8343286514282,2.61865973472595,1.11118566989899
PE_ACJ_B_3,Peru_2019,226.060501098633,9.00939273834229,14.8353061676025,2.62061095237732,1.11118566989899
PE_ACJ_B_4,Peru_2019,226.028884887695,9.00973033905029,14.8358697891235,2.62173938751221,1.11118566989899
PE_ACJ_B_5,Peru_2019,226.033813476563,9.00967788696289,14.8357830047607,2.62156391143799,1.11118566989899
PE_ACJ_C_1,Peru_2019,233.179306030273,8.08553409576416,14.0505561828613,0.75135213136673,1.11118566989899
PE_ACJ_C_2,Peru_2019,233.181198120117,8.0848388671875,14.0499992370605,0.75,1.11118566989899
PE_ACJ_C_3,Peru_2019,233.181167602539,8.0848388671875,14.0500001907349,0.75,1.11118566989899
PE_ACJ_C_4,Peru_2019,233.181198120117,8.0848388671875,14.0499992370605,0.75,1.11118566989899
PE_ACJ_C_5,Peru_2019,233.181182861328,8.0848388671875,14.0500011444092,0.75,1.11118566989899
PE_ACJ_NB_1,Peru_2019,230.835144042969,8.95834922790527,14.7500410079956,2.45008230209351,1.11118566989899
PE_ACJ_NB_2,Peru_2019,230.835144042969,8.95834922790527,14.7500410079956,2.45008230209351,1.11118566989899
PE_ACJ_NB_3,Peru_2019,230.835144042969,8.95834922790527,14.7500410079956,2.45008230209351,1.11118566989899
PE_ACJ_NB_4,Peru_2019,230.835144042969,8.95834922790527,14.7500410079956,2.45008230209351,1.11118566989899
PE_ACJ_NB_5,Peru_2019,230.835144042969,8.95834922790527,14.7500410079956,2.45008230209351,1.11118566989899
PE_PIL_B_1,Peru_2019,236.452697753906,7.64848613739014,13.5500001907349,-0.75,0.700324654579163
PE_PIL_B_2,Peru_2019,236.452713012695,7.64848613739014,13.5499992370605,-0.75,0.701537370681763
PE_PIL_B_3,Peru_2019,236.452697753906,7.64848613739014,13.5500001907349,-0.75,0.700751602649689
PE_PIL_B_4,Peru_2019,236.452713012695,7.64848566055298,13.5500011444092,-0.75,0.685693860054016
PE_PIL_B_5,Peru_2019,236.452682495117,7.64848566055298,13.5500001907349,-0.75,0.625388026237488
PE_PIL_C_1,Peru_2019,236.452682495117,7.64848613739014,13.5500011444092,-0.75,0.90479189157486
PE_PIL_C_2,Peru_2019,236.452713012695,7.64848613739014,13.5500001907349,-0.75,0.890487015247345
PE_PIL_C_3,Peru_2019,236.452713012695,7.64848566055298,13.5500011444092,-0.75,0.868421852588654
PE_PIL_C_4,Peru_2019,236.452697753906,7.64848613739014,13.5500001907349,-0.75,0.745004296302795
PE_PIL_C_5,Peru_2019,236.452697753906,7.64848613739014,13.5500001907349,-0.75,0.719983875751495
PE_QUE_B_1,Peru_2019,229.038726806641,6.64772891998291,12.8500003814697,-1.54999995231628,0.464994221925736
PE_QUE_B_2,Peru_2019,229.038726806641,6.64772939682007,12.8500003814697,-1.54999995231628,0.464994221925736
PE_QUE_B_3,Peru_2019,229.038726806641,6.64772987365723,12.8500003814697,-1.54999995231628,0.464994221925736
PE_QUE_B_4,Peru_2019,229.03874206543,6.64772987365723,12.8500003814697,-1.54999995231628,0.464994251728058
PE_QUE_B_5,Peru_2019,229.038726806641,6.64772939682007,12.8500003814697,-1.54999995231628,0.464994221925736
PE_TRE_NB_1,Peru_2019,251.3779296875,7.67954158782959,13.5500001907349,-1.25,0.930353581905365
PE_TRE_NB_2,Peru_2019,251.3779296875,7.67954063415527,13.5499992370605,-1.25,0.930353581905365
PE_TRE_NB_3,Peru_2019,251.3779296875,7.67954111099243,13.5500001907349,-1.25,0.930353581905365
PE_TRE_NB_4,Peru_2019,251.3779296875,7.67954111099243,13.5500011444092,-1.25,0.930353581905365
PE_TRE_NB_5,Peru_2019,251.377944946289,7.67954111099243,13.5499992370605,-1.25,0.93035364151001
PE_TRE_C_1,Peru_2019,268.454467773438,6.83864688873291,12.75,-3.65000009536743,0.930353581905365
PE_TRE_C_2,Peru_2019,268.454467773438,6.83864688873291,12.75,-3.65000009536743,0.930353581905365
PE_TRE_C_3,Peru_2019,268.454467773438,6.83864784240723,12.75,-3.65000033378601,0.93035364151001
PE_TRE_C_4,Peru_2019,268.454467773438,6.83864688873291,12.75,-3.65000009536743,0.930353581905365
PE_TRE_C_5,Peru_2019,268.454467773438,6.83864736557007,12.75,-3.65000009536743,0.93035364151001
PE_WAY_B_1,Peru_2019,242.598785400391,10.8121089935303,16.5499992370605,4.75,0.883451282978058
PE_WAY_B_2,Peru_2019,242.59880065918,10.8121089935303,16.5499992370605,4.75,0.883451282978058
PE_WAY_B_3,Peru_2019,242.598785400391,10.8121089935303,16.5499992370605,4.75,0.883451282978058
PE_WAY_B_4,Peru_2019,242.59880065918,10.8121089935303,16.5499992370605,4.75,0.883451282978058
PE_WAY_B_5,Peru_2019,242.59880065918,10.8121089935303,16.5499992370605,4.75,0.883451282978058
PE_WAY_C_1,Peru_2019,242.59880065918,10.8121089935303,16.5499992370605,4.75,0.883451342582703
PE_WAY_C_2,Peru_2019,242.598785400391,10.8121089935303,16.5499992370605,4.75,0.883451282978058
PE_WAY_C_3,Peru_2019,242.59880065918,10.8121089935303,16.5499992370605,4.75,0.883451282978058
PE_WAY_C_4,Peru_2019,242.598785400391,10.8121089935303,16.5499992370605,4.75,0.883451223373413
PE_WAY_C_5,Peru_2019,242.59880065918,10.8121089935303,16.5499992370605,4.75,0.883451282978058
PE_ACJ_B_1,Peru_2020,226.124862670898,9.00870418548584,14.8341569900513,2.61831188201904,1.11118566989899
PE_ACJ_B_2,Peru_2020,226.115112304688,9.00880813598633,14.8343286514282,2.61865973472595,1.11118566989899
PE_ACJ_B_3,Peru_2020,226.060501098633,9.00939273834229,14.8353061676025,2.62061095237732,1.11118566989899
PE_ACJ_B_4,Peru_2020,226.028884887695,9.00973033905029,14.8358697891235,2.62173938751221,1.11118566989899
PE_ACJ_B_5,Peru_2020,226.033813476563,9.00967788696289,14.8357830047607,2.62156391143799,1.11118566989899
PE_ACJ_C_1,Peru_2020,233.179306030273,8.08553409576416,14.0505561828613,0.75135213136673,1.11118566989899
PE_ACJ_C_2,Peru_2020,233.181198120117,8.0848388671875,14.0499992370605,0.75,1.11118566989899
PE_ACJ_C_3,Peru_2020,233.181167602539,8.0848388671875,14.0500001907349,0.75,1.11118566989899
PE_ACJ_C_4,Peru_2020,233.181198120117,8.0848388671875,14.0499992370605,0.75,1.11118566989899
PE_ACJ_C_5,Peru_2020,233.181182861328,8.0848388671875,14.0500011444092,0.75,1.11118566989899
PE_ACJ_NB_1,Peru_2020,230.835144042969,8.95834922790527,14.7500410079956,2.45008230209351,1.11118566989899
PE_ACJ_NB_2,Peru_2020,230.835144042969,8.95834922790527,14.7500410079956,2.45008230209351,1.11118566989899
PE_ACJ_NB_3,Peru_2020,230.835144042969,8.95834922790527,14.7500410079956,2.45008230209351,1.11118566989899
PE_ACJ_NB_4,Peru_2020,230.835144042969,8.95834922790527,14.7500410079956,2.45008230209351,1.11118566989899
PE_ACJ_NB_5,Peru_2020,230.835144042969,8.95834922790527,14.7500410079956,2.45008230209351,1.11118566989899
PE_QUE_B_1,Peru_2020,229.038726806641,6.64772891998291,12.8500003814697,-1.54999995231628,0.464994221925736
PE_QUE_B_2,Peru_2020,229.038726806641,6.64772939682007,12.8500003814697,-1.54999995231628,0.464994221925736
PE_QUE_B_3,Peru_2020,229.038726806641,6.64772987365723,12.8500003814697,-1.54999995231628,0.464994221925736
PE_QUE_B_4,Peru_2020,229.03874206543,6.64772987365723,12.8500003814697,-1.54999995231628,0.464994251728058
PE_QUE_B_5,Peru_2020,229.038726806641,6.64772939682007,12.8500003814697,-1.54999995231628,0.464994221925736
PE_TRE_NB_1,Peru_2020,251.3779296875,7.67954158782959,13.5500001907349,-1.25,0.930353581905365
PE_TRE_NB_2,Peru_2020,251.3779296875,7.67954063415527,13.5499992370605,-1.25,0.930353581905365
PE_TRE_NB_3,Peru_2020,251.3779296875,7.67954111099243,13.5500001907349,-1.25,0.930353581905365
PE_TRE_NB_4,Peru_2020,251.3779296875,7.67954111099243,13.5500011444092,-1.25,0.930353581905365
PE_TRE_NB_5,Peru_2020,251.377944946289,7.67954111099243,13.5499992370605,-1.25,0.93035364151001
PE_TRE_C_1,Peru_2020,268.454467773438,6.83864688873291,12.75,-3.65000009536743,0.930353581905365
PE_TRE_C_2,Peru_2020,268.454467773438,6.83864688873291,12.75,-3.65000009536743,0.930353581905365
PE_TRE_C_3,Peru_2020,268.454467773438,6.83864784240723,12.75,-3.65000033378601,0.93035364151001
PE_TRE_C_4,Peru_2020,268.454467773438,6.83864688873291,12.75,-3.65000009536743,0.930353581905365
PE_TRE_C_5,Peru_2020,268.454467773438,6.83864736557007,12.75,-3.65000009536743,0.93035364151001
PE_WAY_B_1,Peru_2020,242.598785400391,10.8121089935303,16.5499992370605,4.75,0.883451282978058
PE_WAY_B_2,Peru_2020,242.59880065918,10.8121089935303,16.5499992370605,4.75,0.883451282978058
PE_WAY_B_3,Peru_2020,242.598785400391,10.8121089935303,16.5499992370605,4.75,0.883451282978058
PE_WAY_B_4,Peru_2020,242.59880065918,10.8121089935303,16.5499992370605,4.75,0.883451282978058
PE_WAY_B_5,Peru_2020,242.59880065918,10.8121089935303,16.5499992370605,4.75,0.883451282978058
PE_WAY_C_1,Peru_2020,242.59880065918,10.8121089935303,16.5499992370605,4.75,0.883451342582703
PE_WAY_C_2,Peru_2020,242.598785400391,10.8121089935303,16.5499992370605,4.75,0.883451282978058
PE_WAY_C_3,Peru_2020,242.59880065918,10.8121089935303,16.5499992370605,4.75,0.883451282978058
PE_WAY_C_4,Peru_2020,242.598785400391,10.8121089935303,16.5499992370605,4.75,0.883451223373413
PE_WAY_C_5,Peru_2020,242.59880065918,10.8121089935303,16.5499992370605,4.75,0.883451282978058
SV_ITEXBIS_L10,Svalbard_2018,43.4122314453125,-4.71204710006714,7.10552597045898,-21.1179809570313,
SV_ITEXBIS_L2,Svalbard_2018,43.4122314453125,-4.71204710006714,7.10552597045898,-21.1179809570313,
SV_ITEXBIS_L3,Svalbard_2018,43.4122314453125,-4.71204710006714,7.10552597045898,-21.1179809570313,
SV_ITEXBIS_L6,Svalbard_2018,43.4122314453125,-4.71204710006714,7.10552597045898,-21.1179809570313,
SV_ITEXBIS_L8,Svalbard_2018,43.4122314453125,-4.71204710006714,7.10552597045898,-21.1179809570313,
SV_ITEXCAS_L1,Svalbard_2018,43.4122314453125,-4.71204710006714,7.10552597045898,-21.1179809570313,
SV_ITEXCAS_L10,Svalbard_2018,43.4122314453125,-4.71204710006714,7.10552597045898,-21.1179809570313,
SV_ITEXCAS_L3,Svalbard_2018,43.4122314453125,-4.71204710006714,7.10552597045898,-21.1179809570313,
SV_ITEXCAS_L7,Svalbard_2018,43.4122314453125,-4.71204710006714,7.10552597045898,-21.1179809570313,
SV_ITEXCAS_L9,Svalbard_2018,43.4122314453125,-4.71204710006714,7.10552597045898,-21.1179809570313,
SV_ITEXDRY_L1,Svalbard_2018,43.4122314453125,-4.71204710006714,7.10552597045898,-21.1179809570313,
SV_ITEXDRY_L2,Svalbard_2018,43.4122314453125,-4.71204710006714,7.10552597045898,-21.1179809570313,
SV_ITEXDRY_L5,Svalbard_2018,43.4122314453125,-4.71204710006714,7.10552597045898,-21.1179809570313,
SV_ITEXDRY_L7,Svalbard_2018,43.4122314453125,-4.71204710006714,7.10552597045898,-21.1179809570313,
SV_ITEXDRY_L8,Svalbard_2018,43.4122314453125,-4.71204710006714,7.10552597045898,-21.1179809570313,
SV_C2A,Svalbard_2018,37.4714775085449,-3.87862157821655,7.24999952316284,-20.25,
SV_C2B,Svalbard_2018,37.4765281677246,-3.87882351875305,7.25000047683716,-20.25,
SV_C2C,Svalbard_2018,37.4813041687012,-3.87901449203491,7.24999952316284,-20.25,
SV_C2D,Svalbard_2018,37.4871826171875,-3.87924933433533,7.24999952316284,-20.2499980926514,
SV_C2E,Svalbard_2018,37.4910850524902,-3.87940549850464,7.25,-20.25,
SV_C3A,Svalbard_2018,38.1436195373535,-3.90905332565308,7.25000047683716,-20.2386665344238,
SV_C3B,Svalbard_2018,38.1532936096191,-3.90986585617065,7.25,-20.2373085021973,
SV_C3C,Svalbard_2018,38.1692276000977,-3.91120338439941,7.25,-20.235071182251,
SV_C3D,Svalbard_2018,38.1842765808106,-3.91246771812439,7.25000047683716,-20.2329597473145,
SV_C3E,Svalbard_2018,38.1989288330078,-3.91369795799255,7.25,-20.2309017181397,
SV_C4A,Svalbard_2018,38.4112396240234,-3.93152761459351,7.25,-20.2011051177979,
SV_C4B,Svalbard_2018,38.431282043457,-3.93321108818054,7.25,-20.1982936859131,
SV_C4C,Svalbard_2018,38.4542617797852,-3.93514037132263,7.25,-20.1950702667236,
SV_C4D,Svalbard_2018,38.4780387878418,-3.93713712692261,7.24999952316284,-20.1917304992676,
SV_C4E,Svalbard_2018,38.5004959106445,-3.9390230178833,7.25,-20.1885814666748,
SV_B5A,Svalbard_2018,42.9019775390625,-4.47210121154785,6.94683313369751,-18.6531658172607,
SV_B5B,Svalbard_2018,42.8822212219238,-4.47083044052124,6.94807958602905,-18.6517524719238,
SV_B5C,Svalbard_2018,42.8609809875488,-4.46916151046753,6.9489107131958,-18.6503925323486,
SV_B5D,Svalbard_2018,42.8379554748535,-4.46720123291016,6.94956016540527,-18.6489944458008,
SV_B5E,Svalbard_2018,42.8140830993652,-4.46502161026001,6.94998645782471,-18.6476230621338,
SV_C5A,Svalbard_2018,38.756290435791,-4.00494527816772,7.22863531112671,-20.2717761993408,
SV_C5B,Svalbard_2018,38.7145576477051,-3.99637722969055,7.23109340667725,-20.264404296875,
SV_C5C,Svalbard_2018,38.6764678955078,-3.98821759223938,7.23350238800049,-20.2568130493164,
SV_C5D,Svalbard_2018,38.6171264648438,-3.97708606719971,7.23645734786987,-20.2486553192139,
SV_C5E,Svalbard_2018,38.5847473144531,-3.96963667869568,7.2387490272522,-20.2407665252686,
SV_C6A,Svalbard_2018,42.4140663146973,-4.64911699295044,7.05000019073486,-20.6146068572998,
SV_C6B,Svalbard_2018,42.4580802917481,-4.65543222427368,7.05000066757202,-20.6175518035889,
SV_C6C,Svalbard_2018,42.4957542419434,-4.66083765029907,7.05000019073486,-20.6200752258301,
SV_C6D,Svalbard_2018,42.5343627929688,-4.66637706756592,7.05000019073486,-20.6226577758789,
SV_C6E,Svalbard_2018,42.7622566223145,-4.6990761756897,7.05000019073486,-20.6379089355469,
SV_C6F,Svalbard_2018,42.7948875427246,-4.70375776290894,7.04999971389771,-20.6400909423828,
SV_C6G,Svalbard_2018,42.827392578125,-4.70842218399048,7.05000019073486,-20.6422672271729,
SV_C7A,Svalbard_2018,42.5507392883301,-4.66872692108154,7.05000019073486,-20.6237545013428,
SV_C7B,Svalbard_2018,42.5945358276367,-4.6750111579895,7.05000019073486,-20.6266841888428,
SV_C7C,Svalbard_2018,42.6421012878418,-4.68183565139771,7.05000066757202,-20.6298675537109,
SV_C7D,Svalbard_2018,42.6900405883789,-4.68871402740479,7.05000019073486,-20.6330757141113,
NO_Hog_TTC 101,Norway_2022,130.108261108398,3.68079090118408,20.9550971984863,-18.9474544525147,0
NO_Hog_TTC 110,Norway_2022,130.108261108398,3.68079090118408,20.9550971984863,-18.9474544525147,0
NO_Hog_TTC 115,Norway_2022,130.108261108398,3.68079090118408,20.9550971984863,-18.9474544525147,0
NO_Joa_109 AN3C 109,Norway_2022,142.217971801758,2.48806405067444,19.6879730224609,-19.7228775024414,0
NO_Joa_156 AN2C 156,Norway_2022,142.217971801758,2.48806405067444,19.6879730224609,-19.7228775024414,0
NO_Joa_81 AN1C 81,Norway_2022,142.217971801758,2.48806405067444,19.6879730224609,-19.7228775024414,0
NO_Lia_27 AN3C 27,Norway_2022,173.934036254883,0.124243162572384,17.0499992370605,-21.25,0
NO_Lia_4 AN1C 4,Norway_2022,173.934036254883,0.124243162572384,17.0499992370605,-21.25,0
NO_Lia_77 AN2C 77,Norway_2022,173.934036254883,0.124243162572384,17.0499992370605,-21.25,0
NO_Vik_TTC 140,Norway_2022,121.783966064453,5.01970195770264,22.5499992370606,-18.1499996185303,0
NO_Vik_TTC 141,Norway_2022,121.783966064453,5.01970195770264,22.5499992370606,-18.1499996185303,0
NO_Vik_TTC 146,Norway_2022,121.783966064453,5.01970195770264,22.5499992370606,-18.1499996185303,0
US_almont1,Colorado_2014,42.0548400878906,4.39394521713257,24.5499992370605,-18.1499996185303,0
US_almont2,Colorado_2014,42.0548400878906,4.39394521713257,24.5499992370605,-18.1499996185303,0
US_almont3,Colorado_2014,42.0548400878906,4.39394521713257,24.5499992370605,-18.1499996185303,0
US_almont4,Colorado_2014,42.0548400878906,4.39394521713257,24.5499992370605,-18.1499996185303,0
US_almont5,Colorado_2014,42.0548400878906,4.39394521713257,24.5499992370605,-18.1499996185303,0
US_cbt1,Colorado_2014,58.1698417663574,3.15681147575378,23.3500003814697,-18.5499992370605,0
US_cbt2,Colorado_2014,58.1698417663574,3.15681147575378,23.3500003814697,-18.5499992370605,0
US_cbt3,Colorado_2014,58.1698417663574,3.15681147575378,23.3500003814697,-18.5499992370605,0
US_cbt4,Colorado_2014,58.1698417663574,3.15681147575378,23.3500003814697,-18.5499992370605,0
US_cbt5,Colorado_2014,58.1698417663574,3.15681147575378,23.3500003814697,-18.5499992370605,0
US_road1,Colorado_2014,61.0390472412109,2.44016122817993,22.9500007629395,-19.25,0
US_road2,Colorado_2014,61.0390472412109,2.44016122817993,22.9500007629395,-19.25,0
US_road3,Colorado_2014,61.0390472412109,2.44016122817993,22.9500007629395,-19.25,0
US_road4,Colorado_2014,61.0390472412109,2.44016122817993,22.9500007629395,-19.25,0
US_road5,Colorado_2014,61.0390472412109,2.44016122817993,22.9500007629395,-19.25,0
US_pfeiler1,Colorado_2014,88.5398483276367,0.247729495167732,22.0499992370605,-21.4500007629395,0.635103046894074
US_pfeiler2,Colorado_2014,88.5398483276367,0.247729495167732,22.0499992370605,-21.4500007629395,0.635103046894074
US_pfeiler3,Colorado_2014,88.5398483276367,0.247729495167732,22.0499992370605,-21.4500007629395,0.635103046894074
US_pfeiler4,Colorado_2014,88.5398483276367,0.247729495167732,22.0499992370605,-21.4500007629395,0.635103046894074
US_pfeiler5,Colorado_2014,88.5398483276367,0.247729495167732,22.0499992370605,-21.4500007629395,0.635103046894074
US_pbm1,Colorado_2014,95.2676696777344,-0.738277196884155,21.5652332305908,-22.5271472930908,0.192381724715233
US_pbm2,Colorado_2014,95.2676696777344,-0.738277196884155,21.5652332305908,-22.5271472930908,0.192381724715233
US_pbm3,Colorado_2014,95.2676696777344,-0.738277196884155,21.5652332305908,-22.5271472930908,0.192381724715233
US_pbm4,Colorado_2014,95.2676696777344,-0.738277196884155,21.5652332305908,-22.5271472930908,0.192381724715233
US_pbm5,Colorado_2014,95.2676696777344,-0.738277196884155,21.5652332305908,-22.5271472930908,0.192381724715233
US_cinnamon1,Colorado_2014,106.537048339844,-0.940507769584656,21.6335201263428,-22.7829685211182,0.687119483947754
US_cinnamon2,Colorado_2014,106.537048339844,-0.940507769584656,21.6335201263428,-22.7829685211182,0.687119483947754
US_cinnamon3,Colorado_2014,106.537048339844,-0.940507769584656,21.6335201263428,-22.7829685211182,0.687119483947754
US_cinnamon4,Colorado_2014,106.537048339844,-0.940507769584656,21.6335201263428,-22.7829685211182,0.687119483947754
US_cinnamon5,Colorado_2014,106.537048339844,-0.940507769584656,21.6335201263428,-22.7829685211182,0.687119483947754
US_almont1,Colorado_2015,42.0548400878906,4.39394521713257,24.5499992370605,-18.1499996185303,0
US_almont2,Colorado_2015,42.0548400878906,4.39394521713257,24.5499992370605,-18.1499996185303,0
US_almont3,Colorado_2015,42.0548400878906,4.39394521713257,24.5499992370605,-18.1499996185303,0
US_almont4,Colorado_2015,42.0548400878906,4.39394521713257,24.5499992370605,-18.1499996185303,0
US_cbt1,Colorado_2015,58.1698417663574,3.15681147575378,23.3500003814697,-18.5499992370605,0
US_cbt2,Colorado_2015,58.1698417663574,3.15681147575378,23.3500003814697,-18.5499992370605,0
US_cbt3,Colorado_2015,58.1698417663574,3.15681147575378,23.3500003814697,-18.5499992370605,0
US_cbt4,Colorado_2015,58.1698417663574,3.15681147575378,23.3500003814697,-18.5499992370605,0
US_cbt5,Colorado_2015,58.1698417663574,3.15681147575378,23.3500003814697,-18.5499992370605,0
US_road1,Colorado_2015,61.0390472412109,2.44016122817993,22.9500007629395,-19.25,0
US_road2,Colorado_2015,61.0390472412109,2.44016122817993,22.9500007629395,-19.25,0
US_road3,Colorado_2015,61.0390472412109,2.44016122817993,22.9500007629395,-19.25,0
US_road4,Colorado_2015,61.0390472412109,2.44016122817993,22.9500007629395,-19.25,0
US_road5,Colorado_2015,61.0390472412109,2.44016122817993,22.9500007629395,-19.25,0
US_pfeiler1,Colorado_2015,88.5398483276367,0.247729495167732,22.0499992370605,-21.4500007629395,0.635103046894074
US_pfeiler2,Colorado_2015,88.5398483276367,0.247729495167732,22.0499992370605,-21.4500007629395,0.635103046894074
US_pfeiler3,Colorado_2015,88.5398483276367,0.247729495167732,22.0499992370605,-21.4500007629395,0.635103046894074
US_pfeiler4,Colorado_2015,88.5398483276367,0.247729495167732,22.0499992370605,-21.4500007629395,0.635103046894074
US_pfeiler5,Colorado_2015,88.5398483276367,0.247729495167732,22.0499992370605,-21.4500007629395,0.635103046894074
US_pbm1,Colorado_2015,95.2676696777344,-0.738277196884155,21.5652332305908,-22.5271472930908,0.192381724715233
US_pbm2,Colorado_2015,95.2676696777344,-0.738277196884155,21.5652332305908,-22.5271472930908,0.192381724715233
US_pbm3,Colorado_2015,95.2676696777344,-0.738277196884155,21.5652332305908,-22.5271472930908,0.192381724715233
US_pbm4,Colorado_2015,95.2676696777344,-0.738277196884155,21.5652332305908,-22.5271472930908,0.192381724715233
US_pbm5,Colorado_2015,95.2676696777344,-0.738277196884155,21.5652332305908,-22.5271472930908,0.192381724715233
US_cinnamon1,Colorado_2015,106.537048339844,-0.940507769584656,21.6335201263428,-22.7829685211182,0.687119483947754
US_cinnamon2,Colorado_2015,106.537048339844,-0.940507769584656,21.6335201263428,-22.7829685211182,0.687119483947754
US_cinnamon3,Colorado_2015,106.537048339844,-0.940507769584656,21.6335201263428,-22.7829685211182,0.687119483947754
US_cinnamon4,Colorado_2015,106.537048339844,-0.940507769584656,21.6335201263428,-22.7829685211182,0.687119483947754
US_cinnamon5,Colorado_2015,106.537048339844,-0.940507769584656,21.6335201263428,-22.7829685211182,0.687119483947754
US_cbt1,Colorado_2016,58.1698417663574,3.15681147575378,23.3500003814697,-18.5499992370605,0
US_cbt2,Colorado_2016,58.1698417663574,3.15681147575378,23.3500003814697,-18.5499992370605,0
US_cbt3,Colorado_2016,58.1698417663574,3.15681147575378,23.3500003814697,-18.5499992370605,0
US_cbt4,Colorado_2016,58.1698417663574,3.15681147575378,23.3500003814697,-18.5499992370605,0
US_cbt5,Colorado_2016,58.1698417663574,3.15681147575378,23.3500003814697,-18.5499992370605,0
US_road1,Colorado_2016,61.0390472412109,2.44016122817993,22.9500007629395,-19.25,0
US_road2,Colorado_2016,61.0390472412109,2.44016122817993,22.9500007629395,-19.25,0
US_road3,Colorado_2016,61.0390472412109,2.44016122817993,22.9500007629395,-19.25,0
US_road4,Colorado_2016,61.0390472412109,2.44016122817993,22.9500007629395,-19.25,0
US_road5,Colorado_2016,61.0390472412109,2.44016122817993,22.9500007629395,-19.25,0
US_pfeiler1,Colorado_2016,88.5398483276367,0.247729495167732,22.0499992370605,-21.4500007629395,0.635103046894074
US_pfeiler2,Colorado_2016,88.5398483276367,0.247729495167732,22.0499992370605,-21.4500007629395,0.635103046894074
US_pfeiler3,Colorado_2016,88.5398483276367,0.247729495167732,22.0499992370605,-21.4500007629395,0.635103046894074
US_pfeiler4,Colorado_2016,88.5398483276367,0.247729495167732,22.0499992370605,-21.4500007629395,0.635103046894074
US_pfeiler5,Colorado_2016,88.5398483276367,0.247729495167732,22.0499992370605,-21.4500007629395,0.635103046894074
US_cinnamon1,Colorado_2016,106.537048339844,-0.940507769584656,21.6335201263428,-22.7829685211182,0.687119483947754
US_cinnamon2,Colorado_2016,106.537048339844,-0.940507769584656,21.6335201263428,-22.7829685211182,0.687119483947754
US_cinnamon3,Colorado_2016,106.537048339844,-0.940507769584656,21.6335201263428,-22.7829685211182,0.687119483947754
US_cinnamon4,Colorado_2016,106.537048339844,-0.940507769584656,21.6335201263428,-22.7829685211182,0.687119483947754
US_cinnamon5,Colorado_2016,106.537048339844,-0.940507769584656,21.6335201263428,-22.7829685211182,0.687119483947754
US_almont1,Colorado_2017,42.0548400878906,4.39394521713257,24.5499992370605,-18.1499996185303,0
US_almont2,Colorado_2017,42.0548400878906,4.39394521713257,24.5499992370605,-18.1499996185303,0
US_almont3,Colorado_2017,42.0548400878906,4.39394521713257,24.5499992370605,-18.1499996185303,0
US_almont4,Colorado_2017,42.0548400878906,4.39394521713257,24.5499992370605,-18.1499996185303,0
US_almont5,Colorado_2017,42.0548400878906,4.39394521713257,24.5499992370605,-18.1499996185303,0
US_cbt1,Colorado_2017,58.1698417663574,3.15681147575378,23.3500003814697,-18.5499992370605,0
US_cbt2,Colorado_2017,58.1698417663574,3.15681147575378,23.3500003814697,-18.5499992370605,0
US_cbt3,Colorado_2017,58.1698417663574,3.15681147575378,23.3500003814697,-18.5499992370605,0
US_cbt4,Colorado_2017,58.1698417663574,3.15681147575378,23.3500003814697,-18.5499992370605,0
US_cbt5,Colorado_2017,58.1698417663574,3.15681147575378,23.3500003814697,-18.5499992370605,0
US_road1,Colorado_2017,61.0390472412109,2.44016122817993,22.9500007629395,-19.25,0
US_road2,Colorado_2017,61.0390472412109,2.44016122817993,22.9500007629395,-19.25,0
US_road3,Colorado_2017,61.0390472412109,2.44016122817993,22.9500007629395,-19.25,0
US_road4,Colorado_2017,61.0390472412109,2.44016122817993,22.9500007629395,-19.25,0
US_road5,Colorado_2017,61.0390472412109,2.44016122817993,22.9500007629395,-19.25,0
US_pfeiler1,Colorado_2017,88.5398483276367,0.247729495167732,22.0499992370605,-21.4500007629395,0.635103046894074
US_pfeiler2,Colorado_2017,88.5398483276367,0.247729495167732,22.0499992370605,-21.4500007629395,0.635103046894074
US_pfeiler3,Colorado_2017,88.5398483276367,0.247729495167732,22.0499992370605,-21.4500007629395,0.635103046894074
US_pfeiler4,Colorado_2017,88.5398483276367,0.247729495167732,22.0499992370605,-21.4500007629395,0.635103046894074
US_pfeiler5,Colorado_2017,88.5398483276367,0.247729495167732,22.0499992370605,-21.4500007629395,0.635103046894074
US_pbm1,Colorado_2017,95.2676696777344,-0.738277196884155,21.5652332305908,-22.5271472930908,0.192381724715233
US_pbm2,Colorado_2017,95.2676696777344,-0.738277196884155,21.5652332305908,-22.5271472930908,0.192381724715233
US_pbm3,Colorado_2017,95.2676696777344,-0.738277196884155,21.5652332305908,-22.5271472930908,0.192381724715233
US_pbm4,Colorado_2017,95.2676696777344,-0.738277196884155,21.5652332305908,-22.5271472930908,0.192381724715233
US_pbm5,Colorado_2017,95.2676696777344,-0.738277196884155,21.5652332305908,-22.5271472930908,0.192381724715233
US_cbt1,Colorado_2018,58.1698417663574,3.15681147575378,23.3500003814697,-18.5499992370605,0
US_cbt2,Colorado_2018,58.1698417663574,3.15681147575378,23.3500003814697,-18.5499992370605,0
US_cbt3,Colorado_2018,58.1698417663574,3.15681147575378,23.3500003814697,-18.5499992370605,0
US_cbt4,Colorado_2018,58.1698417663574,3.15681147575378,23.3500003814697,-18.5499992370605,0
US_cbt5,Colorado_2018,58.1698417663574,3.15681147575378,23.3500003814697,-18.5499992370605,0
US_cinnamon1,Colorado_2018,106.537048339844,-0.940507769584656,21.6335201263428,-22.7829685211182,0.687119483947754
US_cinnamon2,Colorado_2018,106.537048339844,-0.940507769584656,21.6335201263428,-22.7829685211182,0.687119483947754
US_cinnamon3,Colorado_2018,106.537048339844,-0.940507769584656,21.6335201263428,-22.7829685211182,0.687119483947754
US_cinnamon4,Colorado_2018,106.537048339844,-0.940507769584656,21.6335201263428,-22.7829685211182,0.687119483947754
US_cinnamon5,Colorado_2018,106.537048339844,-0.940507769584656,21.6335201263428,-22.7829685211182,0.687119483947754
US_pbm1,Colorado_2018,95.2676696777344,-0.738277196884155,21.5652332305908,-22.5271472930908,0.192381724715233
US_pbm2,Colorado_2018,95.2676696777344,-0.738277196884155,21.5652332305908,-22.5271472930908,0.192381724715233
US_pbm3,Colorado_2018,95.2676696777344,-0.738277196884155,21.5652332305908,-22.5271472930908,0.192381724715233
US_pbm4,Colorado_2018,95.2676696777344,-0.738277196884155,21.5652332305908,-22.5271472930908,0.192381724715233
US_pbm5,Colorado_2018,95.2676696777344,-0.738277196884155,21.5652332305908,-22.5271472930908,0.192381724715233
US_pfeiler1,Colorado_2018,88.5398483276367,0.247729495167732,22.0499992370605,-21.4500007629395,0.635103046894074
US_pfeiler2,Colorado_2018,88.5398483276367,0.247729495167732,22.0499992370605,-21.4500007629395,0.635103046894074
US_pfeiler3,Colorado_2018,88.5398483276367,0.247729495167732,22.0499992370605,-21.4500007629395,0.635103046894074
US_pfeiler4,Colorado_2018,88.5398483276367,0.247729495167732,22.0499992370605,-21.4500007629395,0.635103046894074
US_pfeiler5,Colorado_2018,88.5398483276367,0.247729495167732,22.0499992370605,-21.4500007629395,0.635103046894074
US_road1,Colorado_2018,61.0390472412109,2.44016122817993,22.9500007629395,-19.25,0
US_road2,Colorado_2018,61.0390472412109,2.44016122817993,22.9500007629395,-19.25,0
US_road3,Colorado_2018,61.0390472412109,2.44016122817993,22.9500007629395,-19.25,0
US_road4,Colorado_2018,61.0390472412109,2.44016122817993,22.9500007629395,-19.25,0
US_road5,Colorado_2018,61.0390472412109,2.44016122817993,22.9500007629395,-19.25,0
SA_2000east1,South_Africa_2023,72.2377243041992,12.726676940918,25.5640144348145,-2.87897658348084,25.2355556488037
SA_2000east2,South_Africa_2023,72.2385177612305,12.7265310287476,25.5639133453369,-2.87913203239441,25.2355556488037
SA_2000east3,South_Africa_2023,72.239128112793,12.7264194488525,25.5638332366943,-2.87925004959106,25.2355556488037
SA_2000east4,South_Africa_2023,72.2396850585938,12.7263145446777,25.5637588500977,-2.87936043739319,25.2355575561523
SA_2000east5,South_Africa_2023,72.2402496337891,12.7262105941772,25.5636863708496,-2.87947130203247,25.2355556488037
SA_2000west1,South_Africa_2023,71.8471832275391,12.7988843917847,25.6149864196777,-2.80252146720886,25.2355556488037
SA_2000west3,South_Africa_2023,71.9009170532227,12.788948059082,25.6079711914063,-2.81304168701172,25.2355575561523
SA_2000west4,South_Africa_2023,71.9285583496094,12.7838373184204,25.604362487793,-2.81845259666443,25.2355575561523
SA_2000west5,South_Africa_2023,71.9565124511719,12.7786712646484,25.6007194519043,-2.82392430305481,25.2355556488037
SA_2200east1,South_Africa_2023,79.1476135253906,11.6522703170776,24.4500007629395,-3.95000004768372,25.2355575561523
SA_2200east2,South_Africa_2023,79.1476135253906,11.6522703170776,24.4500007629395,-3.95000004768372,25.2355556488037
SA_2200east3,South_Africa_2023,79.1476135253906,11.6522703170776,24.4499988555908,-3.95000004768372,25.2355556488037
SA_2200east4,South_Africa_2023,79.1476135253906,11.6522703170776,24.4500026702881,-3.94999980926514,25.2355575561523
SA_2200east5,South_Africa_2023,79.1476135253906,11.6522703170776,24.4499988555908,-3.95000004768372,25.2355556488037
SA_2200west1,South_Africa_2023,79.1476135253906,11.6522703170776,24.4500007629395,-3.95000004768372,25.2355556488037
SA_2200west2,South_Africa_2023,79.1476135253906,11.6522703170776,24.4500007629395,-3.9500002861023,25.2355575561523
SA_2200west3,South_Africa_2023,79.1476135253906,11.6522703170776,24.4499988555908,-3.9500002861023,25.2355556488037
SA_2200west4,South_Africa_2023,79.1476135253906,11.6522703170776,24.4500007629395,-3.94999980926514,25.2355575561523
SA_2200west5,South_Africa_2023,79.1476135253906,11.6522703170776,24.4500026702881,-3.95000004768372,25.2355575561523
SA_2400east1,South_Africa_2023,90.3961944580078,10.1128902435303,22.8500003814697,-5.55000019073486,51.4787483215332
SA_2400east2,South_Africa_2023,90.3961944580078,10.1128902435303,22.8500003814697,-5.55000019073486,51.4787483215332
SA_2400east3,South_Africa_2023,90.3961944580078,10.1128902435303,22.8500003814697,-5.55000019073486,51.4787521362305
SA_2400east4,South_Africa_2023,90.3961944580078,10.1128902435303,22.8500003814697,-5.55000019073486,51.4787483215332
SA_2400east5,South_Africa_2023,90.3961944580078,10.1128902435303,22.8500003814697,-5.55000019073486,51.4787521362305
SA_2400west1,South_Africa_2023,90.3961944580078,10.1128902435303,22.8500003814697,-5.55000019073486,51.4787483215332
SA_2400west2,South_Africa_2023,90.3961944580078,10.1128902435303,22.8500003814697,-5.55000019073486,51.4787483215332
SA_2400west3,South_Africa_2023,90.3961944580078,10.1128902435303,22.8500003814697,-5.55000019073486,51.4787521362305
SA_2400west4,South_Africa_2023,90.3961944580078,10.1128902435303,22.8500003814697,-5.55000019073486,51.4787521362305
SA_2400west5,South_Africa_2023,90.3961944580078,10.1128902435303,22.8500003814697,-5.55000019073486,51.4787483215332
SA_2600east1,South_Africa_2023,93.3884048461914,9.86970233917236,22.5499992370606,-5.75,51.4787483215332
SA_2600east2,South_Africa_2023,93.3884048461914,9.86970233917236,22.5499992370606,-5.75,51.4787483215332
SA_2600east3,South_Africa_2023,93.3884048461914,9.86970233917236,22.5499992370606,-5.75,51.4787483215332
SA_2600east4,South_Africa_2023,93.3884048461914,9.86970233917236,22.5499992370606,-5.75,51.4787483215332
SA_2600east5,South_Africa_2023,93.3884048461914,9.86970233917236,22.5499992370606,-5.75,51.4787521362305
SA_2600west1,South_Africa_2023,93.3838424682617,9.87004661560059,22.5499992370606,-5.75,51.4787521362305
SA_2600west2,South_Africa_2023,93.3820190429688,9.87018203735352,22.5499992370606,-5.75,51.4787483215332
SA_2600west3,South_Africa_2023,93.3796768188477,9.87035846710205,22.5499992370606,-5.74999952316284,51.4787483215332
SA_2600west4,South_Africa_2023,93.3773727416992,9.87053298950195,22.5499992370606,-5.75000047683716,51.4787521362305
SA_2600west5,South_Africa_2023,93.3747100830078,9.87073230743408,22.5499992370606,-5.75,51.4787521362305
SA_2800east1,South_Africa_2023,100.549362182617,8.35605430603027,21.1499996185303,-7.25000047683716,51.4787483215332
SA_2800east3,South_Africa_2023,100.549354553223,8.35605430603027,21.1499996185303,-7.25,51.4787521362305
SA_2800east5,South_Africa_2023,100.549362182617,8.35605430603027,21.1499996185303,-7.25,51.4787521362305
SA_2800west1,South_Africa_2023,100.549362182617,8.35605430603027,21.1499996185303,-7.25,51.4787483215332
SA_2800west2,South_Africa_2023,100.549362182617,8.35605430603027,21.1499996185303,-7.25,51.4787521362305
SA_2800west3,South_Africa_2023,100.549362182617,8.35605430603027,21.1499996185303,-7.25,51.4787483215332
SA_2800west4,South_Africa_2023,100.550628662109,8.35560321807861,21.1496658325195,-7.25050020217896,51.4787521362305
SA_2800west5,South_Africa_2023,100.555824279785,8.35375308990479,21.1482982635498,-7.25255346298218,51.4787521362305
SA_2000west2,South_Africa_2023,71.8738174438477,12.7939586639404,25.6115093231201,-2.80773639678955,25.2355575561523
SA_2800east2,South_Africa_2023,100.549369812012,8.35605430603027,21.1499996185303,-7.25,51.4787483215332
SA_2800east4,South_Africa_2023,100.549369812012,8.35605430603027,21.1499996185303,-7.25000047683716,51.4787483215332
SA_2800east4,South_Africa_2023,100.549362182617,8.35605430603027,21.1499996185303,-7.25,51.4787483215332
