Year,Site,Date,DOY,Plot,Elev,Season,Amb_TempC_Day,IR_LeafTemp_Day,AmbTempC_Night,IR_leaf_temp_Night,Temp_Amb_DayR,Temp_Leaf_DayR,Soil_Efflux_Day,SoilTDay,Soil_Efflux_Nght,SoilTNgt,% Bare,% Cover,%Gram,%Herb,%Shrub,%dead,%Litter,%BareSoil,%Cactus,%Rock,Height,Biomass,Biomass calculated? (1=yes),SOC,SWC,day_tstart,day_tfinish,day_camb,day_tav,day_pav,day_wav,day_nee_lm,day_nee_exp,day_lm_rsqd,day_exp_sigma,day_aic_lm,day_aic_nlm,day_lm_code,day_exp_good,nigh_.tstart,night_tfinish,night_camb,night_tav,night_pav,night_wav,night_nee_lm,night_nee_exp,night_lm_rsqd,night_exp_sigma,night_aic_lm,night_aic_nlm,night_lm_code,night_exp_good,dayresp_tstart,dayresp_tfinish,dayresp_camb,dayresp_tav,dayresp_pav,dayresp_wav,dayresp_nee_lm,dayresp_nee_exp,dayresp_lm_rsqd,dayresp_exp_sigma,dayresp_aic_lm,dayresp_aic_nlm,dayresp_lm_code,dayresp_exp_good
2016,Almont,30-May,151,1,2475,Early,17.78,19.52,8.89,6.52,17.78,20.36,0.773840444,12.62308502,0.827584259,0.72606854,0.603550296,0.396449704,0.023668639,0.053254438,0.230769231,0,0,0.603550296,0,0.088757396,20,,,0.812458166,16.98624089,10,80,292.5419427,16.63913043,75.95358696,11.50184783,3.416377522,2.839695416,0.982147406,0.396368917,0.682760019,73.06488199,1,1,20,60,294.908426,12.1793617,75.9856383,7.046382979,-0.599772494,-343.5182804,0.091848267,0.529915529,71.78200154,66.66033774,1,0,10,80,294.0659717,18.08268817,75.93634409,11.44494624,-1.233688425,-1.114254285,0.846978263,0.279690441,19.79832554,24.2522073,1,1
2016,Almont,30-May,151,2,2475,Early,18.33,21.28,8.33,3.64,18.33,18.60,0.887729274,13.66876717,0.887391238,-0.529908192,0.408284024,0.591715976,0.100591716,0.053254438,0.384615385,0,0,0.408284024,0,0.053254438,29.4,,,1.07253133,14.05149925,10,80,302.7509085,20.15619565,75.92217391,11.235,3.698031413,3.256653527,0.977267628,0.378459295,31.14842655,66.59172153,1,1,10,80,300.9040672,13.07086957,76.04630435,7.076413043,-0.54968219,0.910725436,0.099819698,1.167785691,179.3337059,224.3375808,1,1,10,80,303.6622038,21.0201087,75.91728261,11.66456522,-1.182853232,-0.953657822,0.953529544,0.189184361,-77.29982141,-30.48239249,1,1
2016,Almont,30-May,151,3,2475,Early,16.67,18.48,9.44,2.80,16.67,20.40,0.517283007,12.47892087,0.332586108,-0.082701644,0.579881657,0.420118343,0.100591716,0.041420118,0.278106509,0,0,0.579881657,0,0,21.6,,,0.865153793,16.32145584,10,80,303.1377867,22.57956522,75.91597826,11.69663043,3.98608304,-9.919428857,0.952153616,0.439676199,97.72365964,87.58192431,1,0,10,80,297.5791041,12.52978495,76.03408602,7.012258065,-0.819680367,-282.9493409,0.236248029,0.712449824,162.9709378,155.1558562,1,0,10,80,303.9552046,23.3540625,75.91010417,12.7125,-1.858873269,-1.439847846,0.971906626,0.293498369,-49.31653626,30.99861933,1,1
2016,Almont,30-May,151,4,2475,Early,17.78,20.04,9.44,3.36,17.78,21.68,0.629016899,10.88806547,0.557947692,-1.23437473,0.473372781,0.526627219,0.112426036,0.112426036,0.301775148,0,0,0.473372781,0,0,26.6,,,0.85640242,20.0434366,10,80,307.5670113,24.58365591,75.89236559,10.62462366,3.460049756,2.393546199,0.888820303,0.888855076,141.0999157,186.1273165,1,1,10,80,297.7843136,12.72771739,76.04663043,7.143695652,-1.455047814,-117.9118436,0.580700421,0.63266208,138.1719799,138.5276297,1,0,10,80,308.2338955,25.21521739,75.88880435,11.34597826,-1.655707941,-1.616165485,0.925016422,0.247257941,8.193053857,6.997020075,1,1
2016,Almont,30-May,151,5,2475,Early,17.78,22.36,8.89,3.08,17.78,22.06,0.969253216,10.12065506,0.798214293,-0.431069142,0.49112426,0.50887574,0.076923077,0.094674556,0.337278107,0,0,0.49112426,0,0,24,,,0.879183657,11.89869089,10,80,313.8825094,26.37066667,75.88342857,11.43847619,4.107951052,2.837234157,0.973127734,0.822837188,61.34361512,175.3226975,1,1,10,80,299.7186219,13.04217391,76.05,7.054891304,-1.049854509,-0.599572911,0.27747657,0.895996436,182.9954865,187.2476289,1,1,10,80,314.4821186,26.92892857,75.87991071,12.129375,-2.151339379,-10.25834453,0.898252858,0.380271823,70.09819796,67.26061277,1,0
2016,Almont,24-Jun,176,1,2475,Peak,21.67,20.92,14.44,13.60,21.67,19.88,1.759368618,15.55693715,0.912828873,16.48632584,0.621301775,0.378698225,0.023668639,0.017751479,0.25443787,0,0,0.621301775,0,0.082840237,25.2,,,0.810887641,10.46712239,10,60,292.0553213,15.74451613,76.3144086,15.07602151,1.177915549,-147.1740447,0.729127251,0.210331965,13.26174303,-10.05406759,1,0,10,80,305.5654451,17.61042105,76.32147368,12.124,-1.57937061,-1.229068606,0.961565182,0.255765804,-53.09810245,11.73323589,1,1,10,80,293.106495,16.7626087,76.30869565,16.4076087,-2.947919883,-2.777895469,0.967382372,0.286208194,23.69949353,27.47725751,1,1
2016,Almont,24-Jun,176,2,2475,Peak,21.67,19.76,14.44,11.88,21.67,20.76,3.325122882,19.63810883,0.803486051,15.34098206,0.49112426,0.50887574,0.094674556,0.035502959,0.331360947,0,0,0.49112426,0,0.047337278,25.6,,,0.993813822,11.85531313,2,40,298.5093477,18.93445652,76.29891304,16.05565217,0.921752445,0.142106644,0.632903272,0.452090239,-10.13943036,51.45039003,1,1,10,80,302.1584882,17.57934783,76.33978261,12.12336957,-0.728478758,-119.1468509,0.619600493,0.252807361,30.9218846,10.1044169,1,0,10,80,299.3247194,19.72184783,76.29619565,16.79478261,-2.656042247,-2.216182989,0.956414143,0.384483431,31.83254685,68.80262544,1,1
2016,Almont,24-Jun,176,3,2475,Peak,22.22,21.56,14.44,11.08,22.22,22.24,2.608315727,16.41458079,0.488564589,15.50051079,0.591715976,0.408284024,0.088757396,0.041420118,0.278106509,0,0,0.591715976,0,0,23.2,,,0.967894757,11.86642814,2,60,300.0912262,20.96494624,76.30172043,17.56634409,1.125262632,-170.2065825,0.784686522,0.220195392,10.7350581,-6.974264473,1,0,10,80,301.2463838,17.51684211,76.35136842,12,-2.456258004,-2.25499272,0.972242039,0.234871523,-14.39520357,-0.198060569,1,1,10,80,300.7806008,21.61186813,76.29428571,17.77351648,-3.721793873,-3.470578333,0.98219245,0.285769153,15.33196592,27.26233371,1,1
2016,Almont,24-Jun,176,4,2475,Peak,22.78,23.24,13.89,11.28,22.78,22.68,1.481080742,16.72962774,0.594055263,14.90989304,0.591715976,0.408284024,0.071005917,0.112426036,0.224852071,0,0,0.591715976,0,0,26.4,,,0.883816033,11.02843979,2,60,303.3442208,22.9051087,76.29141304,15.20271739,1.109084642,-192.8573727,0.800286931,0.160564015,3.948892354,-43.60968436,1,0,10,80,302.7741575,17.58945652,76.3623913,11.9623913,-2.240020147,-1.945516307,0.958515958,0.288602415,2.096819834,28.64353012,1,1,10,80,304.0130589,23.51892473,76.28139785,16.57677419,-3.658263881,-2.961599292,0.98025279,0.483936488,21.09000396,101.0100424,1,1
2016,Almont,24-Jun,176,5,2475,Peak,23.33,24.16,13.89,11.12,23.33,22.96,2.559939974,17.92276484,0.570795443,14.58274384,0.562130178,0.437869822,0.059171598,0.076923077,0.301775148,0,0,0.562130178,0,0,25,,,0.852802711,9.896115087,2,60,306.4686599,24.63908163,76.28102041,17.0744898,1.076397553,-16.23525136,0.820857792,0.230520167,-6.569247642,-1.658790126,1,0,10,80,303.9111743,17.64630435,76.36880435,11.83228261,-1.118127468,-0.742452027,0.794088908,0.361519974,30.53781161,59.3775174,1,1,10,80,306.9678568,25.11714286,76.27923077,18.95417582,-3.457734205,-3.027924636,0.962476639,0.43532801,61.10598744,86.19049916,1,1
2016,CBT,3-Jun,155,1,2710,Early,21.11,17.68,8.89,5.52,21.11,19.68,2.008861844,8.903051122,2.941672476,17.27870331,0.082840237,0.917159763,0.786982249,0.124260355,0.00591716,0,0,0.082840237,0,0,19.4,,,3.916679193,15.10558533,10,80,297.8021194,19.87413043,74.31815217,12.27630435,4.592483568,4.143698258,0.951471903,0.602192333,120.7047433,131.6172918,1,1,10,80,334.5580687,14.00945652,74.1826087,7.195543478,-4.265547525,-3.221369031,0.936197442,0.832737513,127.4460863,176.9971154,1,1,10,80,299.2692489,21.2304717,74.29613208,12.445,-5.578923596,-5.084809192,0.967963072,0.599014446,118.3505176,130.876528,1,1
2016,CBT,3-Jun,155,2,2710,Early,22.22,19.36,8.33,6.20,22.22,16.40,2.345882774,8.244713847,3.580296262,14.5627744,0.029585799,0.970414201,0.75147929,0,0.218934911,0,0,0.029585799,0,0,26.6,,,4.960502597,40.76024099,10,80,297.0658111,22.0221978,74.31615385,12.49835165,3.061653447,2.143182916,0.924260067,0.71974738,97.87477596,156.5825686,1,1,10,80,329.7292754,13.84692308,74.20593407,7.478241758,-9.572823507,-8.515131535,0.972205363,1.009166688,180.4875956,203.8997571,1,1,10,80,297.4200715,22.34098901,74.3078022,13.23758242,-5.801000959,-4.795622155,0.942489871,0.968238476,167.9676521,198.1035062,1,1
2016,CBT,3-Jun,155,3,2710,Early,22.22,26.88,7.22,3.64,22.22,23.24,2.313669688,9.769986343,3.467794631,15.64193598,0.094674556,0.905325444,0.828402367,0.071005917,0,0,0,0.094674556,0,0.00591716,13.6,,,4.332414365,23.43865138,10,80,299.5694443,22.89494505,74.30571429,10.53934066,3.525777426,2.943516731,0.969964636,0.474786325,48.99605564,98.33760863,1,1,10,80,339.1011976,13.62538462,74.2121978,6.90010989,-8.200154281,-6.881840924,0.979469035,0.958468544,136.2615006,196.6836721,1,1,10,80,299.8687109,23.20120879,74.30835165,11.61769231,-10.7316856,-8.413651875,0.994861955,1.419534886,80.16654947,251.6683653,1,1
2016,CBT,3-Jun,155,4,2710,Early,23.33,21.56,7.22,2.80,23.33,20.44,2.668767357,8.987216059,4.004298942,16.23361766,0.023668639,0.976331361,0.390532544,0.331360947,0.25443787,0,0,0.023668639,0,0,23,,,5.034992772,24.94256532,10,80,303.5014453,23.76879121,74.30472527,13.02868132,6.487211679,5.923351204,0.9804673,0.576671149,105.0245771,125.5546322,1,1,10,80,330.2197787,13.40574468,74.22638298,7.082446809,-10.87712325,-9.382107008,0.979510415,1.149141374,176.0966781,222.0843716,1,1,10,80,303.7918766,24.06228261,74.30706522,12.32141304,-8.618911004,-6.518628125,0.966048886,1.521414017,185.6847085,261.3718918,1,1
2016,CBT,3-Jun,155,5,2710,Early,25.00,26.64,6.11,5.84,25.00,23.60,2.424842151,8.588468933,4.137967603,14.69877421,0.017751479,0.982248521,0.982248521,0,0,0,0,0.017751479,0,0,12.2,,,4.436542779,37.72119106,10,80,301.2835973,24.62736264,74.29835165,12.55879121,5.861140464,5.366447798,0.980974735,0.506895979,89.04283254,107.4993419,1,1,10,80,357.2823329,12.91637363,74.23747253,7.431538462,-7.954404556,-6.275136608,0.979581291,1.114258679,131.215007,217.7687721,1,1,10,80,301.6562961,24.99263736,74.29758242,13.37901099,-6.032663743,-5.233353941,0.984526305,0.613202726,78.58543158,134.1539109,1,1
2016,CBT,5-Jul,187,1,2710,Peak,18.89,16.60,13.33,11.52,18.89,14.80,2.682485663,12.41725362,3.907829859,19.34275335,0.366863905,0.633136095,0.50295858,0.124260355,0.00591716,0,0.218934911,0.366863905,0,0,42.8,,,4.019711972,21.09332379,10,80,311.1084527,17.45340659,74.21615385,12.55032967,3.94264863,2.545700027,0.974965846,0.362249561,49.38943235,60.46319975,1,1,10,80,357.9173303,23.0232,73.9759,8.0656,-5.804737079,-5.134345808,0.973112707,0.640344036,111.9904799,140.2173104,1,1,10,80,312.1466743,18.36913043,74.2023913,15.43097826,-4.678294715,-4.116299785,0.992378695,0.377202939,-11.16376232,66.12619609,1,1
2016,CBT,5-Jul,187,2,2710,Peak,18.33,16.68,12.78,7.20,18.33,18.56,3.244881376,11.3688441,3.487603204,16.6789683,0.118343195,0.881656805,0.633136095,0.017751479,0.230769231,0,0.100591716,0.118343195,0,0,31.4,,,4.632045754,30.06304098,10,80,310.8052869,19.9883871,74.20419355,16.72892473,2.667815643,1.751977076,0.830865037,0.843053888,142.752381,178.7208512,1,1,10,80,393.8167631,22.18645833,73.99385417,8.266354167,-11.3146191,-9.007304941,0.986609711,1.528478516,155.9075851,262.02046,1,1,10,80,311.5515537,20.67282828,74.19929293,17.44828283,-8.179392845,-6.851284983,0.970342491,1.084221776,167.6685364,213.9430132,1,1
2016,CBT,5-Jul,187,3,2710,Peak,19.44,18.48,12.22,6.20,19.44,16.77,3.787380454,13.72108841,4.632646142,17.85837351,0.24852071,0.75147929,0.680473373,0.071005917,0,0,0.118343195,0.24852071,0,0,22.8,,,5.485195812,38.05115025,10,80,313.2503145,21.7323913,74.18728261,16.11826087,4.81946013,4.171466641,0.975860221,0.550148437,77.97370575,118.9628659,1,1,2,50,405.4665713,21.15574468,73.99021277,8.700531915,-5.061879627,-268.7633812,0.836401199,0.683252618,124.703165,103.609738,1,0,10,80,313.7114067,22.17336957,74.18902174,16.32869565,-6.48291407,-5.19956704,0.980801339,0.902250793,103.6107411,188.2214811,1,1
2016,CBT,5-Jul,187,4,2710,Peak,18.89,16.36,11.67,5.16,18.89,18.32,4.245047528,13.03290939,5.299114407,18.73625132,0.100591716,0.899408284,0.289940828,0.301775148,0.307692308,0,0.053254438,0.100591716,0,0,33.8,,,4.822802422,34.00735721,10,80,313.0340226,23.11319588,74.18556701,17.94402062,8.703147368,7.012221787,0.981930491,1.179520858,141.7431373,222.5689054,1,1,10,80,423.9034293,20.41178947,74.00252632,8.405157895,-13.8547829,-10.10438644,0.992338785,2.297400582,143.7403196,319.0712293,1,1,10,80,313.6309894,23.66754545,74.18290909,19.37690909,-13.63674264,-11.59011943,0.997119502,1.251735321,74.53302002,234.0565855,1,1
2016,CBT,5-Jul,187,5,2710,Peak,19.44,21.00,10.00,5.74,19.44,20.52,3.553336884,11.62509206,4.111026581,16.78857447,0.147928994,0.852071006,0.852071006,0,0,0,0.041420118,0.147928994,0,0,18.4,,,5.53829001,40.79659129,10,80,315.2987204,24.44593407,74.17791209,18.03879121,3.866807902,3.03519008,0.863919619,0.973843638,179.6452238,198.9116337,1,1,10,80,444.5265422,18.94981308,74.02616822,8.772242991,-12.09264599,-4.476680973,0.962683537,1.379545156,238.2994126,247.6678057,1,1,10,80,315.7729811,24.88107843,74.17480392,19.44509804,-8.185363269,-7.024134572,0.992445639,0.77925336,71.44825576,167.7036003,1,1
2016,Cinnamon,27-Jul,209,1,3463,Peak,21.11,20.00,10.00,10.64,21.11,19.56,1.300381896,12.37353477,,,0.467455621,0.532544379,0.307692308,0.224852071,0,0,0.035502959,0.467455621,0,0,27.6,,,2.892821969,21.10281419,10,80,335.0462512,26.95849057,68.09650943,15.67358491,7.354435098,6.387218032,0.991010002,0.7402673,81.27177616,160.5181152,1,1,10,80,333.4936721,16.31673913,68.06826087,11.65728261,-4.479287143,-3.76541177,0.977094232,0.588548461,72.60725072,128.4088258,1,1,10,80,335.3194019,27.25263636,68.10772727,17.21863636,-3.270878712,-3.083665583,0.974122699,0.33025554,42.82032628,47.51786866,1,1
2016,Cinnamon,27-Jul,209,2,3463,Peak,20.00,16.96,8.89,7.24,20.00,17.68,1.428694489,11.37076632,,,0.426035503,0.573964497,0.313609467,0.24260355,0,0,0.01183432,0.426035503,0,0.017751479,28.6,,,3.60643447,22.89663829,10,80,334.3410687,25.5840678,68.0890678,16.66508475,8.459014955,7.339043628,0.992618604,0.820823375,86.53800687,174.9796414,1,1,10,80,335.7604657,15.89217391,68.04173913,11.94119565,-3.404062861,-2.839037851,0.969387232,0.492558247,54.66169174,103.4823091,1,1,10,80,334.8597006,25.99035714,68.07607143,16.90008929,-3.55830301,-8.417162443,0.980664928,0.265817462,33.03117006,17.12990584,1,1
2016,Cinnamon,27-Jul,209,3,3463,Peak,19.44,17.24,8.89,6.72,19.44,18.28,1.244866356,12.59484545,,,0.698224852,0.301775148,0.142011834,0.153846154,0,0,0.029585799,0.698224852,0,0.00591716,21.6,,,3.459953956,22.66476103,10,80,330.2367981,23.4632381,68.07028571,13.91161905,5.526704181,5.360578686,0.948860262,0.746527231,165.3290203,161.6970213,1,1,10,80,325.6602936,15.56457447,68.03170213,10.73074468,-4.684811789,-4.141587435,0.991162225,0.407726814,9.916200128,77.02016057,1,1,20,80,331.1066317,24.24894309,68.07130081,15.96414634,-1.932405591,-1.36555314,0.862193921,0.493139519,63.04714917,89.40295339,1,1
2016,Cinnamon,27-Jul,209,4,3463,Peak,20.00,15.44,8.89,7.96,20.00,16.72,1.929451059,11.72957268,,,0.455621302,0.544378698,0.284023669,0.207100592,0.047337278,0,0.094674556,0.455621302,0,0.00591716,24.2,,,4.249351302,23.9432409,10,80,319.0234691,18.53,68.06733333,16.17580952,10.77921683,8.627894176,0.974061616,1.701288767,208.0896965,277.0163157,1,1,10,80,332.1234611,15.56271739,68.02826087,10.98673913,-5.230592982,-4.623817686,0.984030495,0.523133352,68.1377095,111.9136251,1,1,10,80,320.1389555,19.54948276,68.06724138,18.47655172,-5.553029458,-6.005040995,0.959141779,0.658158456,148.1014985,144.0589283,1,1
2016,Cinnamon,27-Jul,209,5,3463,Peak,21.11,12.52,8.89,7.64,21.11,13.76,1.432767825,17.36736501,,,0.414201183,0.585798817,0.266272189,0.230769231,0.017751479,0,0.029585799,0.414201183,0,0.071005917,29,,,3.598057475,17.17932546,10,80,312.2764432,14.21673684,68.06810526,12.99578947,7.036370336,5.350407151,0.992955881,1.10766335,51.03003802,216.937646,1,1,10,80,336.3484341,15.36360825,68.02340206,11.09340206,-3.151976246,-2.800768378,0.97303324,0.36529026,34.15526278,61.63344577,1,1,10,80,313.5311208,15.34732558,68.06244186,16.57116279,-2.993637631,-2.468992348,0.982877272,0.396436371,-5.426162291,73.0887053,1,1
2016,PBM,6-Jul,,1,,Early,,,,,,,,,,,0.201183432,0.798816568,0.041420118,0.75739645,0,0,0.017751479,0.201183432,0,0,66.6,,,,,,,,,,,,,,,,,,,,,,,,,,,,,,,,,,,,,,,,,,,,,,
2016,PBM,,,2,,Early,,,,,,,,,,,0.183431953,0.816568047,0,0.816568047,0,0,0,0.183431953,0,0,91.8,,,,,,,,,,,,,,,,,,,,,,,,,,,,,,,,,,,,,,,,,,,,,,
2016,PBM,,,3,,Early,,,,,,,,,,,0.24260355,0.75739645,0.023668639,0.733727811,0,0,0,0.24260355,0,0,109.8,,,,,,,,,,,,,,,,,,,,,,,,,,,,,,,,,,,,,,,,,,,,,,
2016,PBM,,,4,,Early,,,,,,,,,,,0.360946746,0.639053254,0.00591716,0.621301775,0,0,0,0.360946746,0,0.01183432,30,,,,,,,,,,,,,,,,,,,,,,,,,,,,,,,,,,,,,,,,,,,,,,
2016,PBM,,,5,,Early,,,,,,,,,,,0.449704142,0.550295858,0.017751479,0.532544379,0,0,0,0.449704142,0,0,20,,,,,,,,,,,,,,,,,,,,,,,,,,,,,,,,,,,,,,,,,,,,,,
2016,PBM,6-Jul,188,1,3380,Peak,15.00,11.48,11.11,13.44,14.44,12.24,3.816117486,9.304731496,,,0.118343195,0.881656805,0.088757396,0.792899408,0,0,0.023668639,0.118343195,0,0,73.8,,,2.9530581,27.63665182,10,80,317.3623622,14.57934066,68.37989011,12.22230769,11.03819428,9.918415758,0.98797452,0.946685491,152.7071241,194.9518977,1,1,10,80,350.1160685,17.05307692,68.24351648,5.031318681,-5.179272425,-57.12722085,0.90942664,0.778933803,194.9822919,167.6461771,1,0,10,80,318.5326786,15.63864583,68.37947917,12.0384375,-8.806796468,-7.178245944,0.992905617,1.094064995,83.36361185,215.2082829,1,1
2016,PBM,6-Jul,188,2,3380,Peak,14.44,15.32,11.11,10.12,15.56,15.36,2.475720358,7.825403722,,,0.130177515,0.869822485,0,0.869822485,0,0,0,0.130177515,0,0,104.2,,,3.566562512,28.06754272,10,80,329.5681244,17.80923077,68.36681319,11.47373626,19.02513439,15.015709,0.995153394,2.633477295,166.4778727,342.9598919,1,1,10,80,366.4903979,17.50576087,68.23086957,5.931413043,-6.490338756,-5.532552609,0.995933131,0.629480861,0.602400377,137.8218909,1,1,10,80,330.3070804,18.46288889,68.36711111,15.34866667,-8.002037237,-6.766395787,0.995533088,0.816881203,38.58992775,174.3056429,1,1
2016,PBM,6-Jul,188,3,3380,Peak,15.56,13.12,11.11,10.32,15.56,12.64,0.934029351,6.763375537,,,0.177514793,0.822485207,0.00591716,0.816568047,0,0,0,0.177514793,0,0,126,,,1.144685464,18.99264314,10,80,329.1167154,20.40776596,68.35914894,12.28968085,21.80443396,19.11209181,0.889888177,4.743089632,416.9494631,420.5586913,1,1,10,80,346.7868504,17.90958333,68.22520833,6.3953125,-6.962359873,-5.938902007,0.998483617,0.64457469,-59.37603975,141.1392266,1,1,10,80,329.7764575,21.00451613,68.36107527,15.36731183,-6.090662523,-4.791515756,0.991277972,0.891201025,48.86885613,186.4963308,1,1
2016,PBM,6-Jul,188,4,3380,Peak,15.56,15.08,11.11,4.44,15.56,15.76,3.004167336,9.792294693,,,0.443786982,0.556213018,0.059171598,0.49704142,0,0,0,0.443786982,0,0,41.2,,,1.49224536,13.78902408,10,80,339.122986,21.82326087,68.34967391,10.25630435,8.269462409,7.130984616,0.99149643,0.82988111,90.1882712,176.516071,1,1,10,80,358.2833452,19.96,68.20204301,3.127419355,-3.995775788,-3.419289255,0.969701287,0.540136166,77.07178107,116.3915055,1,1,10,80,339.5214578,22.17032609,68.34978261,11.3151087,-4.900767242,-4.536377719,0.981634646,0.435623295,71.56354592,86.28542941,1,1
2016,PBM,6-Jul,188,5,3380,Peak,15.56,15.84,11.11,6.76,15.56,11.64,1.720234565,13.05710615,,,0.402366864,0.597633136,0.01183432,0.585798817,0,0,0.01183432,0.402366864,0,0,26.6,,,1.527383489,15.76690565,10,80,341.8713951,22.7712766,68.30489362,9.079468085,3.728933118,3.294125575,0.814226578,1.074746845,210.4172199,212.7141868,1,1,20,70,346.5054841,20.61043011,68.15215054,2.334946237,-3.249876339,-1.565670462,0.931464319,0.826031066,46.12147357,126.740464,1,1,10,80,342.1595146,23.02574468,68.30606383,9.843191489,-3.358712347,-2.795078973,0.964520308,0.51703814,66.22419801,110.2728581,1,1
2016,Pfeiler,16-Jun,168,1,3155,Early,17.22,15.64,7.78,8.40,17.22,15.64,2.001702815,6.747989909,9.214690162,19.52094294,,,,,,,,,,,,,,2.408159182,23.21328169,10,80,327.4270341,18.48082474,69.89463918,8.054123711,5.747187574,5.112539272,0.99325568,0.449121772,16.8286573,90.55769618,1,1,10,80,350.2123341,16.98804348,70.0973913,5.7525,-6.449391462,-5.133184489,0.979994302,0.944545923,109.8864858,194.635131,1,1,10,80,328.6499398,19.52953704,69.88496914,5.45154321,-4.638160256,-3.998187451,0.991037473,0.454686605,6.856617159,92.28170432,1,1
2016,Pfeiler,16-Jun,168,2,3155,Early,16.67,15.76,7.78,6.28,16.67,15.76,2.019936386,7.249155045,2.40280457,15.5158577,,,,,,,,,,,,,,2.179185835,22.63535017,10,80,327.7985821,20.38851064,69.87521277,9.587553191,8.826452916,7.387132355,0.971687279,1.222774095,182.3213438,230.7793647,1,1,10,80,336.9672079,16.95836957,70.08326087,5.352065217,-7.697306561,-6.350373606,0.998791797,0.819580912,-65.70483736,174.7675658,1,1,10,80,328.3018181,20.82129032,69.87096774,12.82075269,-7.987476534,-7.269855522,0.979287095,0.767404528,146.0639886,165.558499,1,1
2016,Pfeiler,16-Jun,168,3,3155,Early,15.56,15.64,6.67,3.96,15.56,15.64,3.113749062,6.822064145,3.566711132,13.25964864,,,,,,,,,,,,,,4.040812632,32.09196503,10,80,324.8251062,21.51900709,69.85141844,13.75085106,11.78600906,9.226718291,0.997895753,1.618881726,37.69152608,270.0652536,1,1,10,80,355.4914674,16.11666667,70.07935484,6.609354839,-3.015359336,-2.760521279,0.965888783,0.342412042,40.55071933,52.57860165,1,1,10,80,325.1425754,21.81065217,69.85228261,14.49923913,-10.41391178,-8.673596345,0.997583634,1.111486082,30.6538516,217.4199777,1,1
2016,Pfeiler,16-Jun,168,4,3155,Early,15.56,18.72,6.67,8.92,15.56,18.72,2.037190634,8.670512772,2.305865036,16.26595637,,,,,,,,,,,,,,2.6618478,18.72084495,10,80,329.5449411,22.25154639,69.83164948,10.44453608,6.005836871,5.82943934,0.986404162,0.380972126,75.61952454,67.51819784,1,1,10,80,339.7700714,15.68784946,70.07602151,4.919892473,-7.019286983,-5.862324058,0.99110924,0.779071803,62.80626134,167.6709782,1,1,10,80,329.8831681,22.56293478,69.83358696,11.41663043,-6.606108753,-5.849402433,0.987166614,0.621745431,85.27779805,136.0908308,1,1
2016,Pfeiler,16-Jun,168,5,3155,Early,15.56,18.64,6.11,5.72,15.56,18.64,2.270798833,8.294333267,3.264956843,16.38371099,,,,,,,,,,,,,,2.809979931,26.33535849,10,80,332.9448765,23.15670103,69.80134021,11.38474227,3.653885894,3.188240762,0.976613153,0.427758805,44.8931164,83.73485753,1,1,10,80,356.1218373,15.48163043,70.06336957,5.138913043,-5.853086669,-5.452265106,0.985032856,0.438084419,74.3394486,87.07415605,1,1,10,80,333.3657578,23.52141304,69.79902174,11.61032609,-9.267217268,-8.282741761,0.987076575,0.83208514,134.430201,176.8873954,1,1
2016,Pfeiler,14-Jul,196,1,3155,Peak,15.56,7.96,11.11,12.28,15.56,14.12,1.979723743,9.364023081,3.41233124,22.20724436,0.295857988,0.704142012,0.118343195,0.585798817,0,0,0.01183432,0.295857988,0,0,61.6,,,2.37193729,9.51472884,10,80,313.0320287,21.05666667,70.40064516,8.586451613,10.9651902,8.81043456,0.983098573,1.543674317,174.7856713,263.4054364,1,1,10,80,339.273213,20.20159574,70.28053191,2.894255319,-4.343361261,-3.846549235,0.99423105,0.341927661,-34.81117011,52.38041576,1,1,10,80,313.3619913,21.375,70.4026087,10.9148913,-5.039267094,-4.235328441,0.896935036,1.082794896,199.7804811,213.7586462,1,1
2016,Pfeiler,14-Jul,196,2,3155,Peak,16.67,17.76,11.67,9.44,16.67,20.20,1.660919316,10.21433856,1.668534299,16.44816182,0.071005917,0.928994083,0.029585799,0.899408284,0,0,0,0.071005917,0,0,87.2,,,2.471240172,11.65963865,10,80,315.3602832,22.36703297,70.37791209,13.44472527,11.78072908,10.27241776,0.996255798,0.989544313,78.4166612,201.1507647,1,1,10,80,339.1467616,19.77380435,70.26978261,2.428695652,-4.658766225,-3.729509182,0.993403596,0.600610709,-15.50121036,131.2491059,1,1,10,80,315.5147891,22.54043956,70.38472527,13.12362637,-8.183256648,-7.249407118,0.990378323,0.713861283,94.11686414,155.4329408,1,1
2016,Pfeiler,14-Jul,196,3,3155,Peak,17.22,20.40,11.11,8.52,17.22,16.94,2.169399391,9.710075887,2.482643268,15.85904846,0.106508876,0.893491124,0,0.893491124,0,0,0.088757396,0.106508876,0,0,86.8,,,2.707386934,12.27202415,10,80,315.757567,22.86956044,70.36637363,10.02879121,9.844416728,8.395241007,0.996345823,0.940516701,50.97459284,194.0366448,1,1,10,80,341.4224849,19.61097826,70.25336957,2.517826087,-5.078798642,-4.325973771,0.997355951,0.468044488,-68.4589154,96.33539714,1,1,10,80,315.858525,22.99022222,70.37255556,13.77355556,-7.868135427,-6.641085209,0.997745337,0.775663425,-14.65453928,167.0571453,1,1
2016,Pfeiler,14-Jul,196,4,3155,Peak,18.33,16.24,11.67,9.52,18.33,19.20,1.764110843,11.65676956,1.847666932,16.31423086,0.071005917,0.928994083,0.343195266,0.585798817,0,0,0.017751479,0.071005917,0,0,61.6,,,2.854791066,9.380868124,10,80,318.2039636,23.40108696,70.34673913,10.91108696,11.95262736,8.78731386,0.986050396,2.135638626,174.7584367,308.8494685,1,1,10,80,333.398644,19.32141304,70.24152174,1.95423913,-4.502935787,-3.903119104,0.98960766,0.433148368,11.96013472,85.48777293,1,1,10,80,318.6162189,23.77725275,70.34483516,13.3610989,-7.663167282,-6.203705696,0.991255879,0.995569404,78.62116279,202.0006054,1,1
2016,Pfeiler,14-Jul,196,5,3155,Peak,17.78,17.32,11.67,10.08,17.78,14.48,2.148728207,10.91163025,2.525206175,16.58065211,0.023668639,0.976331361,0.035502959,0.881656805,0.059171598,0,0.017751479,0.023668639,0,0,65.4,,,2.325393824,9.95468083,10,80,326.2091602,24.97835165,70.32395604,11.57648352,17.39771532,14.59729279,0.966870787,2.523180254,291.8083881,332.1950827,1,1,10,80,332.156508,18.46336957,70.22717391,1.86826087,-5.543286097,-4.669981029,0.995413766,0.558820353,-17.41585591,121.152455,1,1,10,80,326.8788934,25.57549451,70.32043956,15.1032967,-8.958832304,-7.690225449,0.994309847,0.866777681,71.2739577,182.606081,1,1
2016,Road,7-Jun,159,1,2815,Early,16.11,16.68,11.11,8.84,16.11,15.48,1.916103735,12.54301554,2.339209033,17.75007985,0.284023669,0.715976331,0.065088757,0.591715976,0.047337278,0,0,0.284023669,0,0.01183432,20.6,,,3.618497935,17.60098115,10,80,291.6200011,10.57964286,73.00955357,13.27133929,6.66978753,4.871897913,0.990044489,1.094830633,56.50770945,215.306222,1,1,10,80,330.3119135,14.94836957,72.96076087,9.27576087,-3.916998224,-3.525713157,0.991637075,0.281491572,-29.89788743,25.15087916,1,1,10,80,292.7251205,11.61802198,73.00010989,14.76483516,-6.2214248,-5.48136822,0.974580878,0.661445616,115.0284637,144.7564153,1,1
2016,Road,7-Jun,159,2,2815,Early,18.89,18.68,11.11,8.40,18.89,14.92,3.180647278,11.5360199,4.367430512,17.51846135,0.278106509,0.721893491,0.25443787,0.420118343,0.047337278,0,0,0.278106509,0,0,26.4,,,3.331688421,12.38217562,10,80,294.5875922,13.40530612,73.00632653,13.38887755,7.364533211,6.028620328,0.990371553,0.85510508,69.56546095,180.7079387,1,1,10,80,334.0289353,15.24941176,72.98058824,9.253823529,-5.946689418,-5.319806612,0.992350471,0.434564691,23.14290143,85.94480267,1,1,10,80,295.4967599,14.26592233,73.00029126,14.74805825,-7.443271134,-6.837686292,0.986295109,0.55227275,97.09952862,119.5024132,1,1
2016,Road,7-Jun,159,3,2815,Early,17.78,14.56,11.11,9.36,17.78,14.68,1.933705864,10.18090833,2.274957147,18.26465352,0.278106509,0.721893491,0.112426036,0.384615385,0.224852071,0,0,0.278106509,0,0,32.2,,,3.122059756,9.617063964,10,80,299.7373071,15.82842105,73.00368421,15.60368421,8.308801894,-2.427559572,0.96691051,0.75259893,177.597106,162.8310719,1,0,10,80,334.6325369,15.26717391,72.98673913,9.331195652,-8.353436298,-6.88884722,0.99217458,0.936747915,72.40479269,196.1821308,1,1,10,80,300.5406803,16.58,72.9979,16.3548,-6.064684742,-5.402433941,0.978614739,0.60576362,101.5137366,132.4451062,1,1
2016,Road,7-Jun,159,4,2815,Early,17.78,16.20,10.00,8.56,17.78,17.48,5.022922277,9.395307032,3.959081076,14.46937332,0.159763314,0.840236686,0.165680473,0.349112426,0.325443787,0,0,0.159763314,0,0,44.2,,,4.935860914,32.7025988,10,80,300.200224,18.5496875,72.99854167,16.00208333,5.309189126,1.397946116,0.943871616,0.715163918,154.6040873,155.6881761,1,1,10,80,349.2047064,15.2843617,72.9937234,9.497765957,-16.68130097,-13.99393563,0.987761797,1.823532074,203.2971954,286.7308119,1,1,10,80,301.1499475,19.45008929,72.99294643,17.42848214,-7.016373622,-5.893590504,0.990618071,0.749863351,64.43382779,162.3212668,1,1
2016,Road,7-Jun,159,5,2815,Early,20.00,17.00,10.00,8.40,20.00,15.24,3.598762217,8.017014058,3.40503168,13.92138418,0.230769231,0.769230769,0.106508876,0.662721893,0,0,0,0.230769231,0,0,29.6,,,5.132053709,56.76114371,10,80,306.1488845,20.51135417,72.98697917,15.35802083,9.255964405,7.518070713,0.987671582,1.172790968,123.6128534,224.9363562,1,1,10,80,337.9573438,15.33181818,73.00737374,9.926767677,-11.81076173,-9.906153628,0.995460493,1.164350718,83.37204567,223.9251722,1,1,10,80,306.6422429,20.98845361,72.98793814,16.97938144,-7.431451249,-6.446526284,0.985041738,0.756757982,106.812192,163.6026174,1,1
2016,Road,7-Jul,189,1,2815,Peak,16.67,17.00,9.44,10.80,16.67,17.44,3.237829133,13.76058477,3.184269932,19.33631795,0.360946746,0.639053254,0.047337278,0.420118343,0.159763314,0,0.071005917,0.360946746,0,0.01183432,35.4,,,3.04523219,15.49553466,10,80,292.4736942,8.26423913,73.14163043,11.30869565,9.370132226,7.870762759,0.988500482,0.983917766,113.4142587,200.3524531,1,1,10,80,379.9339962,22.19258065,73.08451613,7.373548387,-7.281117967,-5.648934502,0.981949985,1.107247787,116.4746379,216.8851122,1,1,10,80,293.6394773,9.372580645,73.13817204,13.40344086,-6.233783355,-5.142615377,0.946680112,0.98772184,168.3721378,200.8926848,1,1
2016,Road,7-Jul,189,2,2815,Peak,17.22,16.52,8.89,7.12,17.22,17.20,4.496499538,12.52650731,9.283910215,18.22047551,0.224852071,0.775147929,0.029585799,0.443786982,0.301775148,0,0.136094675,0.224852071,0,0,46.8,,,3.067461656,18.40693852,10,80,300.410587,12.36232323,73.13989899,13.07010101,10.04147703,8.781672219,0.992695404,0.827083827,93.00237026,176.0433755,1,1,10,80,376.3831788,20.98214286,73.11346939,7.291428571,-8.104117731,-7.64706562,0.979584493,0.655779259,140.0976419,143.5519211,1,1,10,80,301.6338957,13.4983871,73.13311828,14.38763441,-10.620773,-9.288391968,0.992340544,0.883096841,105.1423343,185.2174094,1,1
2016,Road,7-Jul,189,3,2815,Peak,17.78,19.56,8.89,6.76,17.78,20.80,2.403412297,10.54660581,3.220480345,21.44695206,0.355029586,0.644970414,0.023668639,0.337278107,0.284023669,0,0.112426036,0.355029586,0,0,54.8,,,3.282904645,18.34374017,10,80,305.2624231,15.60182796,73.13655914,10.84397849,9.49871041,7.990014402,0.914194606,1.778524027,267.1861688,283.2320022,1,1,10,80,387.2445039,20.2804902,73.12843137,7.035588235,-4.550294662,-4.13884529,0.977292688,0.420144218,65.31475306,81.22025196,1,1,10,80,306.2245098,16.51086957,73.13630435,14.17902174,-7.801085994,-6.307679963,0.986367133,0.998182613,104.1512786,202.3676014,1,1
2016,Road,7-Jul,189,4,2815,Peak,17.22,17.52,8.33,6.32,17.22,17.20,3.74749694,9.365341059,4.009797853,14.98852997,0.153846154,0.846153846,0.124260355,0.25443787,0.467455621,0,0.118343195,0.153846154,0,0,50.2,,,4.307446597,25.72601573,10,80,304.1554894,18.26428571,73.14340659,14.09648352,8.97577948,7.869134205,0.905108669,1.688052342,268.7442339,275.9228237,1,1,10,80,374.230327,19.8284466,73.14776699,6.975048544,-8.58775697,-7.50104779,0.988103705,0.793519947,108.5597807,170.2435428,1,1,10,80,304.9572153,19.02967391,73.14271739,15.07641304,-12.4750119,-10.38955814,0.993632291,1.380678464,117.5834015,247.7827697,1,1
2016,Road,7-Jul,189,5,2815,Peak,18.33,16.92,6.67,5.52,18.33,18.28,3.652944122,9.164498393,4.150509592,15.89232229,0.100591716,0.899408284,0.207100592,0.680473373,0.01183432,0,0,0.100591716,0,0,71.8,,,5.561453574,32.69547511,10,80,313.0893196,20.5801087,73.14315217,14.25326087,14.10801944,12.26379529,0.987493009,1.358678754,184.0277515,245.5340483,1,1,10,80,377.2966152,18.90296703,73.16956044,7.175824176,-9.434245888,-7.32202609,0.982005343,1.418683306,151.2730249,251.5843539,1,1,10,80,313.7791318,21.21195652,73.13934783,17.70521739,-11.23286681,-8.558341222,0.995699279,1.648863877,76.13322287,272.6343758,1,1
2018,Almont,25-May,,1,,Early,21.11,26.80,17.22,17.50,,,0.51967725,19.6558,0.45453677,24.308015,0.366863905,0.633136095,0.059171598,0.00591716,0.337278107,0,0.065088757,0.301775148,0,0.230769231,20.4,,,,,10,80,,,,,2.221972142,1.973736986,0.939399628,,35.23172853,48.42079251,,,60,90,,,,,-2.658043013,-0.493246488,0.868638316,,3.089568547,53.39817537,,,,,,,,,,,,,,,,
2018,Almont,25-May,,2,,Early,20.55,24.64,16.66,16.12,,,0.2492409,22.594655,0.378632005,23.36743,0.437869822,0.562130178,0.053254438,0,0.473372781,0,0.059171598,0.378698225,0.01183432,0.023668639,30,,,,,10,50,,,,,2.569176392,2.19826092,0.908956538,,7.33874126,13.40896539,,,10,40,,,,,-2.904884429,-1.698212115,0.931851113,,-13.91812899,25.41878857,,,,,,,,,,,,,,,,
2018,Almont,25-May,,3,,Early,21.11,28.04,16.66,15.68,,,0.036288075,22.482755,0.087728155,22.668035,0.544378698,0.455621302,0.041420118,0.00591716,0.390532544,0,0.124260355,0.420118343,0,0.017751479,14.6,,,,,5,45,,,,,3.606398826,-35.67885195,0.874729096,,49.28554027,46.28058756,,,5,45,,,,,-1.639936452,-78.64204347,0.842597667,,-6.018426194,-13.70224601,,,,,,,,,,,,,,,,
2018,Almont,25-May,,4,,Early,20.55,28.72,16.11,14.88,,,0.34822405,24.629515,0.37820552,21.261215,0.437869822,0.562130178,0.183431953,0,0.378698225,0,0.047337278,0.390532544,0,0,15.8,,,,,10,80,,,,,1.339700136,-59.11530566,0.833614705,,41.11337303,22.6467814,,,10,80,,,,,-0.445927427,-281.2991371,0.426075005,,18.68040124,-5.160911377,,,,,,,,,,,,,,,,
2018,Almont,25-May,,5,,Early,20.55,22.24,16.11,14.76,,,0.176192945,19.687005,0.27266456,22.74793,0.50295858,0.49704142,0.153846154,0.00591716,0.337278107,0,0.112426036,0.390532544,0,0,17.2,,,,,10,80,,,,,2.031610438,1.908212879,0.920556001,,40.07957368,41.88895938,,,10,70,,,,,-1.399125734,-1.004031416,0.778955662,,42.76487973,60.31187048,,,,,,,,,,,,,,,,
2018,CBT,26-May,,1,,Early,18.33,17.4,15.00,10.76,18.33,16.04,0.836942195,12.661105,0.818805025,17.58369,0.153846154,0.846153846,0.781065089,0.065088757,0,0,0.071005917,0.082840237,0,0,10.8,,,,,10,50,,,,,3.809072,2.750895,0.954095,,8.72454,49.2728,,,10,80,,,,,-2.631699955,-2.173668423,0.979299397,,-22.82470375,47.00408046,,,10,80,,,,,-3.48247,-2.64896,0.989478,,-30.1425,111.1128,,
2018,CBT,26-May,,2,,Early,18.33,18.36,14.44,9.20,18.33,18.76,1.546987355,10.464765,1.58186979,12.888555,0.213017751,0.786982249,0.526627219,0.00591716,0.25443787,0,0.207100592,0.00591716,0,0,14,,,,,10,80,,,,,2.217274,-15.5589,0.942537,,30.66886,19.0791,,,10,80,,,,,-1.734234963,-10.05356943,0.93366395,,4.272405671,3.05275197,,,10,80,,,,,-0.90093,-0.60066,0.794533,,5.748939,35.88571,,
2018,CBT,26-May,,3,,Early,18.88,20.8,15.00,5.76,18.88,21.16,1.430875795,13.912355,1.48986635,13.545525,0.171597633,0.828402367,0.792899408,0.035502959,0,0,0.159763314,0.01183432,0,0,11.4,,,,,10,80,,,,,2.240075,2.095591,0.9706,,-16.3478,-9.56576,,,10,80,,,,,-3.845165735,-3.194578703,0.986206246,,1.942639508,87.04921197,,,10,80,,,,,-1.20879,-0.9938,0.911621,,-21.0552,2.681101,,
2018,CBT,26-May,,4,,Early,18.88,23.12,14.44,6.52,18.88,22.84,1.107091985,13.01678,1.629823575,13.945725,0.236686391,0.76331361,0.692307692,0.071005917,0,0,0.224852071,0.01183432,0,0,15.4,,,,,10,70,,,,,3.005182,1.997851,0.975392,,-6.42096,104.7469,,,10,80,,,,,-4.522159185,-3.925846727,0.968700793,,84.34186529,116.4269205,,,10,80,,,,,-1.58911,-1.09719,0.851579,,60.3106,95.88126,,
2018,CBT,26-May,,5,,Early,18.88,22.12,14.44,6.44,18.88,17.72,2.30357827,11.73143,2.481669315,13.06078,0.082840237,0.917159763,0.786982249,0.130177515,0,0,0.041420118,0.041420118,0,0,13.8,,,,,10,80,,,,,2.086653,1.823299,0.962143,,-6.51206,20.07017,,,10,80,,,,,-4.783511784,-4.099066834,0.993039337,,-16.1148997,85.75625382,,,10,80,,,,,-1.24133,-10.8843,0.789209,,56.03772,54.95987,,
2018,CBT,18-Jun,,1,,Peak,15.55,11.93,11.11,14.80,15.55,13.36,2.0273135,11.99728,3.193663,24.86359,0.289940828,0.710059172,0.609467456,0.100591716,0,0.029585799,0.26035503,0,0,0,36.4,,,,,10,80,,,,,3.094177,2.69673,0.978229,,3.730376,46.42405,,,10,80,,,,,-7.12478,-6.42559,0.992593,,45.70744,103.9921,,,20,80,,,,,-2.33624,-1.51697,0.931106,,24.90494,86.68623,,
2018,CBT,18-Jun,,2,,Peak,20.00,15.40,10.55,8.92,20,22.533333,2.1792855,12.965645,3.932596,17.738485,0.408284024,0.591715976,0.313609467,0.01183432,0.266272189,0.159763314,0.24852071,0,0,0,33.2,,,,,10,80,,,,,1.457624,-9.99525,0.889329,,21.46327,20.52679,,,10,80,,,,,-9.76623,-8.31465,0.985096,,140.6269,207.7569,,,20,80,,,,,-4.01422,-2.32729,0.968563,,42.47084,159.6701,,
2018,CBT,18-Jun,,3,,Peak,21.11,21.44,10.00,10.00,21.11,18,3.4633185,15.29716,4.086334,17.14864,0.124260355,0.875739645,0.840236686,0.035502959,0,0,0.124260355,0,0,0,14.8,,,,,10,80,,,,,3.351349,2.773574,0.975976,,26.06802,87.6631,,,10,80,,,,,-8.49375,-7.04408,0.988151,,104.4618,196.7311,,,20,80,,,,,-5.63032,-3.49462,0.946826,,118.6225,197.8438,,
2018,CBT,18-Jun,,4,,Peak,20.55,20.05,10.00,8.80,20.55,20.24,2.874618,16.18088,4.160811,18.43537,0.289940828,0.710059172,0.597633136,0.112426036,0,0,0.278106509,0.01183432,0,0,20.2,,,,,10,80,,,,,3.323569,2.607164,0.977174,,22.75584,109.1106,,,10,80,,,,,-9.9049,-9.04526,0.991526,,102.121,142.3211,,,20,80,,,,,-3.92438,-2.34218,0.967975,,43.20352,154.7367,,
2018,CBT,18-Jun,,5,,Peak,21.11,19.36,11.11,7.16,21.11,15.12,2.849085,16.47341,5.263482,18.205945,0.195266272,0.804733728,0.615384615,0.189349112,0,0,0.082840237,0.112426036,0,0,23.8,,,,,10,80,,,,,5.287773,4.238613,0.972182,,103.6157,170.2158,,,10,80,,,,,-10.4411,-8.94815,0.992338,,102.3429,197.8984,,,20,80,,,,,-4.49026,-2.8455,0.976445,,41.15299,158.2589,,
2018,Cinnamon,19-Jun,,1,,Peak,15.00,14.10,13.33,7.72,15,13.66,1.853013,11.8908,2.431573,16.69217,0.183431953,0.816568047,0.420118343,0.396449704,0,0,0.041420118,0.142011834,0,0,44.6,,,,,10,80,,,,,5.073222,4.407525,0.973429,,105.4424,144.7837,,,10,80,,,,,-5.67207,-5.21095,0.974968,,115.7144,128.6449,,,10,80,,,,,-3.37164,-3.15549,0.936604,,112.2367,114.3919,,
2018,Cinnamon,19-Jun,,2,,Peak,17.22,14.06,14.44,9.10,17.22,15.12,0.8894655,11.191915,1.5749475,17.90171,0.384615385,0.615384615,0.307692308,0.301775148,0,0,0.059171598,0.325443787,0,0.00591716,32.6,,,,,10,80,,,,,3.788821,1.666359,0.979754,,43.59432,39.28376,,,10,80,,,,,-1.38698,-1.01173,0.56245,,157.3435,163.6591,,,10,80,,,,,-1.5998,-7.16653,0.907261,,34.96466,33.15052,,
2018,Cinnamon,19-Jun,,3,,Peak,16.11,16.84,13.33,5.64,16.11,12.58,1.523805,11.66222,2.1806365,16.031185,0.183431953,0.816568047,0.295857988,0.301775148,0.218934911,0,0.00591716,0.177514793,0,0,29,,,,,10,80,,,,,9.249659,7.688671,0.995327,,64.65959,209.9733,,,10,80,,,,,-5.69669,-5.08826,0.978724,,103.7192,133.08,,,10,80,,,,,-3.90986,-3.25237,0.979343,,49.41627,114.6461,,
2018,Cinnamon,19-Jun,,4,,Peak,17.22,13.32,12.22,6.28,17.22,14,2.0119915,12.2965,2.613323,16.25125,0.112426036,0.887573965,0.213017751,0.295857988,0.378698225,0,0.017751479,0.094674556,0,0,31.4,,,,,10,80,,,,,5.66125,4.124439,0.983386,,84.96439,204.5074,,,10,80,,,,,0.597273,-67.9726,0.355183,,97.63978,94.75601,,,10,80,,,,,-4.27249,-3.03791,0.952551,,122.3735,197.9039,,
2018,Cinnamon,19-Jun,,5,,Peak,15.55,14.58,13.33,8.54,15.55,12.8,1.889938,11.507,2.7115265,17.117085,0.171597633,0.828402367,0.289940828,0.473372781,0,0,0.017751479,0.153846154,0,0.065088757,29,,,,,10,80,,,,,3.400485,2.967758,0.976664,,35.73473,75.1231,,,10,80,,,,,-4.7601,-59.6804,0.920353,,176.1745,109.8107,,,10,80,,,,,-4.10084,-3.59569,0.983821,,36.64997,84.80707,,
2018,PBM,12-Jun,,1,,Early,17.22,13.28,8.33,7.08,17.22,11.96,8.218135,10.610275,8.722129,14.596525,0.25443787,0.74556213,0.153846154,0.591715976,0,0,0.088757396,0.165680473,0,0,37.6,,,,,10,80,,,,,3.698176,3.227901,0.981059,,31.84383,77.11177,,,10,80,,,,,-6.30319,-5.00833,0.980967,,108.3209,196.0334,,,10,80,,,,,-9.85725,-8.52006,0.994462,,83.37201,190.5497,,
2018,PBM,12-Jun,,2,,Early,16.66,18.80,7.77,6.08,16.66,20.22,2.186149,12.5661965,3.2776915,12.64326,0.230769231,0.769230769,0.266272189,0.50295858,0,0,0.177514793,0.053254438,0,0,41.6,,,,,10,80,,,,,7.272729,5.790826,0.972039,,158.3293,226.3945,,,10,80,,,,,-5.72145,-4.47357,0.990144,,46.61098,232.7892,,,10,80,,,,,-10.3063,-8.31017,0.986099,,157.7468,255.3028,,
2018,PBM,12-Jun,,3,,Early,17.77,22.88,7.77,6.08,17.77,23.36,1.9079925,13.67123,1.2663825,14.065485,0.479289941,0.520710059,0.065088757,0.455621302,0,0,0.467455621,0.01183432,0,0,41.8,,,,,10,80,,,,,11.23499,8.629931,0.988526,,156.9084,286.4596,,,10,80,,,,,-4.78929,-4.26137,0.9622,,118.94,136.0071,,,10,80,,,,,-7.18602,-5.43724,0.955748,,192.362,255.1214,,
2018,PBM,12-Jun,,4,,Early,17.77,24.52,8.33,9.12,17.77,25.2,1.5712795,15.20231,3.1003235,15.51545,0.230769231,0.769230769,0.366863905,0.402366864,0,0,0.082840237,0.147928994,0,0,21.8,,,,,10,80,,,,,4.716325,0.233097,0.972079,,98.43303,93.42994,,,10,80,,,,,-2.32239,-2.20469,0.978703,,-26.6133,70.74815,,,10,80,,,,,-4.65798,-3.94672,0.991348,,12.75345,111.1751,,
2018,PBM,12-Jun,,5,,Early,17.77,28.32,8.33,8.00,17.77,8.48,1.6016005,12.541145,1.2436685,17.23925,0.550295858,0.449704142,0.124260355,0.325443787,0,0,0.053254438,0.49704142,0,0,14,,,,,20,80,,,,,2.034632,1.40828,0.970022,,-30.5929,56.87237,,,10,80,,,,,-4.50247,-3.86541,0.984521,,44.26021,105.9933,,,10,80,,,,,-1.37698,-0.95884,0.955176,,-40.4232,46.1382,,
2018,PBM,2-Jul,,1,,Peak,21.11,21.88,12.77,3.50,21.11,22.5,4.51568,11.22237,5.370445,14.277115,,,,,,,,,,,,,,,,10,80,,,,,11.52012,9.682759,0.992234,,131.3072,238.3484,,,10,80,,,,,-1.76389,-10.7568,0.297068,,269.1865,267.2114,,,10,80,,,,,-6.9612,-6.01144,0.994278,,38.43825,147.4655,,
2018,PBM,2-Jul,,2,,Peak,22.22,16.26,10.00,2.58,22.22,16.08,2.465446,11.447895,2.976709,12.33942,,,,,,,,,,,,,,,,10,80,,,,,20.97528,17.77058,0.999027,,69.69248,302.9954,,,10,80,,,,,-4.54776,-2.64012,0.935664,,152.0534,249.5284,,,10,80,,,,,-7.52588,-6.45,0.993137,,63.85231,166.5576,,
2018,PBM,2-Jul,,3,,Peak,22.22,17.04,8.88,4.14,22.22,12.4,1.254869,12.69528,2.018216,13.237715,,,,,,,,,,,,,,,,10,80,,,,,24.68221,19.79193,0.985928,,284.2615,382.2355,,,10,80,,,,,-2.47591,-2.11456,0.950538,,45.52352,95.3546,,,10,80,,,,,-5.47174,-4.7166,0.996593,,-30.4852,108.3244,,
2018,PBM,2-Jul,,4,,Peak,22.22,31.96,8.88,6.66,22.22,31.1,1.308497,17.217475,3.1520765,17.861435,,,,,,,,,,,,,,,,10,80,,,,,4.151204,-17.0484,0.89178,,183.418,160.6923,,,10,80,,,,,-3.96512,-3.07679,0.975836,,59.34808,145.4108,,,10,80,,,,,-3.58324,-2.49857,0.96534,,76.28043,174.4699,,
2018,PBM,2-Jul,,5,,Peak,23.22,31.04,8.88,8.4,23.33,35.82,1.099299,17.357275,1.6873635,20.87842,,,,,,,,,,,,,,,,10,80,,,,,3.506069,-17.4914,0.874681,,170.103,158.4615,,,10,80,,,,,-0.2855,-0.5404,0.27755,,15.92833,33.90878,,,40,80,,,,,-1.58922,-0.46465,0.754089,,24.71854,62.57459,,
2018,Pfeiler,7-Jun,,1,,Early,21.11,21.72,9.44,13.08,21.11,24.56,2.299215,12.171225,3.3218155,20.068115,0.360946746,0.639053254,0.047337278,0.591715976,0,0,0.307692308,0.053254438,0,0,14.2,,,,,10,80,,,,,4.757267,3.807883,0.988591,,33.21554,146.9801,,,10,80,,,,,-5.26936,-4.05321,0.990563,,30.33076,172.8816,,,10,80,,,,,-4.48376,-3.8357,0.985832,,40.86367,102.3898,,
2018,Pfeiler,7-Jun,,2,,Early,21.66,20.92,9.44,7.52,21.66,21.8,2.5842075,9.754733,3.259002,15.840255,0.236686391,0.76331361,0.053254438,0.710059172,0,0,0.189349112,0.047337278,0,0,42,,,,,10,80,,,,,9.945182,7.71555,0.986168,,152.8345,267.8865,,,10,80,,,,,-6.61876,-5.65095,0.987869,,80.3175,156.178,,,10,80,,,,,-7.08648,-8.65072,0.969152,,162.876,161.1092,,
2018,Pfeiler,7-Jun,,3,,Early,21.66,22.04,9.44,9.8,21.66,21.16,2.7500955,10.883455,3.341519,13.80734,0.213017751,0.786982249,0.076923077,0.710059172,0,0,0.195266272,0.017751479,0,0,40.8,,,,,10,40,,,,,7.800166,6.729665,0.850449,,82.09072,79.63377,,,10,80,,,,,-3.84995,-3.06304,0.966392,,76.91132,138.3615,,,10,80,,,,,-8.07783,-7.02528,0.9894,,104.5597,174.5724,,
2018,Pfeiler,7-Jun,,4,,Early,22.22,30.46666667,9.44,9.84,22.22,23.32,3.6710165,12.952635,4.3646455,16.24105,0.319526627,0.680473373,0.159763314,0.520710059,0,0,0.24852071,0.071005917,0,0,27.2,,,,,10,45,,,,,5.769888,2.838376,0.934211,,50.38665,107.5539,,,10,80,,,,,-7.41879,-6.68051,0.989246,,87.25342,131.641,,,10,80,,,,,-5.58289,-4.39033,0.973433,,118.1541,193.3455,,
2018,Pfeiler,7-Jun,,5,,Early,21.11,23.84,10,9.76,21.11,21.12,3.046905,11.549615,3.1942755,17.54749,0.343195266,0.656804734,0.035502959,0.621301775,0,0,0.307692308,0.035502959,0,0,21,,,,,10,80,,,,,3.807937,3.404666,0.96694,,79.74233,99.74292,,,10,80,,,,,-7.20244,-6.17605,0.997957,,-35.7938,140.2667,,,10,80,,,,,-6.78621,-6.04942,0.954005,,186.6011,200.4579,,
2018,Pfeiler,2-Jul,,1,,Peak,17.77,12.32,11.11,9.56,17.77,13.24,1.6230675,13.84394,2.1238755,18.370525,0.180555556,0.819444444,0.083333333,0.736111111,0,0,0.0625,0.118055556,0,0,39.6,,,,,10,80,,,,,7.182205,5.640969,0.990516,,72.06453,204.2937,,,10,80,,,,,-3.46102,-2.82917,0.99009,,-30.0999,81.9766,,,10,80,,,,,-3.40753,-2.84881,0.979728,,21.35023,85.40382,,
2018,Pfeiler,2-Jul,,2,,Peak,21.11,12.9,10,8.82,21.11,14.36,2.183936,11.83776,2.3940895,16.567395,0.0625,0.9375,0.0625,0.875,0,0,0.020833333,0.041666667,0,0,69.2,,,,,10,80,,,,,8.52279,7.047049,0.996785,,19.97384,192.681,,,10,80,,,,,-3.79882,-3.42508,0.989553,,-13.0261,33.27243,,,10,80,,,,,-3.55642,-2.73108,0.986809,,-3.13056,120.7683,,
2018,Pfeiler,2-Jul,,3,,Peak,20,12.88,10,7.94,20,16.68,1.534438,10.709065,1.9096,14.733675,0.034722222,0.965277778,0.041666667,0.923611111,0,0,0.013888889,0.020833333,0,0,57.6,,,,,10,80,,,,,12.67158,10.63383,0.996505,,83.03626,239.4081,,,10,80,,,,,-4.50503,-4.00271,0.992989,,-17.218,57.50036,,,10,80,,,,,-7.17607,-5.99272,0.998098,,-40.5629,171.631,,
2018,Pfeiler,2-Jul,,4,,Peak,17.77,13.72,10,9.64,17.77,15.58,1.6500335,11.628595,11.9693295,17.875845,0.054347826,0.945652174,0.092391304,0.85326087,0,0,0,0.054347826,0,0,,,,,,10,80,,,,,13.99517,11.82806,0.998106,,53.60664,243.6254,,,10,80,,,,,-2.5311,-2.09529,0.965881,,15.23334,63.3325,,,10,80,,,,,-7.09908,-5.7448,0.997664,,-27.2121,180.3722,,
2018,Pfeiler,2-Jul,,5,,Peak,20,14.98,10,9.88,20,15.48,2.538992,13.72478,1.897723,15.801815,0.0625,0.9375,0.006944444,0.930555556,0,0,0.041666667,0.020833333,0,0,56.8,,,,,10,80,,,,,12.86382,10.74554,0.997936,,48.21931,242.7804,,,10,80,,,,,-4.86173,-4.30826,0.992107,,2.309687,72.07238,,,10,80,,,,,-4.72746,-3.86911,0.991948,,3.403676,126.6224,,
2018,Road,27-May,,1,,Early,16.66,16.6,10.55,4.32,16.66,13.12,1.546898375,14.557825,2.02538758,18.193925,0.50887574,0.650887574,0.094674556,0.360946746,0,0,0.165680473,0.343195266,0,0.035502959,28.4,,,,,10,80,,,,,3.964064591,3.618862984,0.975390195,,48.47164155,65.52570543,,,10,80,,,,,-3.016260756,-2.426648258,0.973943935,,18.58989917,88.15782437,,,10,80,,,,,-1.211867592,-24.0372697,0.847561486,,18.88133884,14.64999113,,
2018,Road,27-May,,2,,Early,16.66,15.16,9.44,4.16,16.66,15.96,1.20655443,12.542595,1.869235725,18.2475,0.408284024,0.639053254,0.01183432,0.325443787,0.25443787,0,0.183431953,0.224852071,0,0,32,,,,,10,80,,,,,6.540532625,6.143902564,0.978485985,,110.876401,115.0484749,,,10,80,,,,,-3.486653497,-3.034896494,0.986164858,,-7.352783107,51.72349412,,,10,80,,,,,-3.018371928,-2.43841589,0.983141334,,-15.84896678,73.38872887,,
2018,Road,27-May,,3,,Early,16.66,15.88,8.88,0.28,16.66,17.12,2.69728707,11.984245,3.84589439,18.281,0.207100592,0.733727811,0.278106509,0.307692308,0.207100592,0,0.118343195,0.088757396,0,0,51,,,,,10,80,,,,,5.500254118,-11.38139944,0.915476858,,189.6235082,179.2254706,,,10,80,,,,,-2.873672949,-6.342663045,0.951612192,,56.13049293,58.5893764,,,10,80,,,,,-6.012635566,-5.428705132,0.970784083,,123.5958803,140.8452987,,
2018,Road,27-May,,4,,Early,17.22,17.48,6.66,1.6,17.22,18.36,2.144406095,11.973045,3.096104535,18.770945,0.230769231,0.881656805,0.177514793,0.136094675,0.455621302,0,0.035502959,0.195266272,0,0,52.2,,,,,10,80,,,,,5.247183472,4.452448464,0.972955344,,99.96260536,145.2471454,,,10,80,,,,,-4.2056062,-3.120855949,0.978090025,,51.70191239,157.4345772,,,10,80,,,,,-4.791402275,-3.979265603,0.990904975,,8.820402723,116.6475641,,
2018,Road,27-May,,5,,Early,16.11,19.88,5,0.52,16.11,16.96,2.47548843,11.107646,2.75631326,16.86676,0.201183432,1,0.289940828,0.50887574,0,0,0.112426036,0.088757396,0,0,98.8,,,,,10,80,,,,,6.921126437,6.402495687,0.986929456,,87.73918766,106.1934393,,,10,80,,,,,-7.372148036,-6.503559489,0.994807632,,27.76290491,121.9138016,,,10,80,,,,,-7.989467796,-7.016041709,0.994123241,,51.19530947,142.5885241,,
2018,Road,20-Jun,,1,,Peak,16.66,17.48,8.88,10.36,16.66,17.2,2.795488,15.150535,,,0.349112426,0.597222222,0.047337278,0.568047337,0,0,0.01183432,0.337278107,0,0.035502959,29.8,,,,,10,80,,,,,4.461391,4.017044,0.987855,,14.49285,55.9309,,,10,80,,,,,-4.53908,-3.09433,0.944774,,130.9677,208.9747,,,10,80,,,,,-2.73282,-2.07849,0.961712,,28.42052,98.92898,,
2018,Road,20-Jun,,2,,Peak,17.77,21.36,8.88,6.88,17.77,16.6,1.899334,12.1095,,,0.360946746,0.729166667,0.01183432,0.431952663,0.195266272,0,0.100591716,0.26035503,0,0,34.8,,,,,10,80,,,,,7.626257,6.406922,0.994201,,38.82767,164.3947,,,10,80,,,,,-4.19258,-2.83417,0.938795,,126.8895,201.5019,,,10,80,,,,,-5.06207,-4.05679,0.989282,,24.97307,141.7114,,
2018,Road,20-Jun,,3,,Peak,17.77,16.48,8.88,6.6,17.77,19.1,3.0018875,11.72379,,,0.266272189,0.85915493,0.112426036,0.396449704,0.224852071,0,0.035502959,0.230769231,0,0,57,,,,,10,80,,,,,7.461336,6.880835,0.987209,,93.91232,116.8721,,,10,80,,,,,-7.52427,-6.87455,0.979738,,128.1583,147.2694,,,10,80,,,,,-7.23824,-5.96439,0.986527,,93.8478,183.9844,,
2018,Road,20-Jun,,4,,Peak,17.77,18.35,7.77,5.28,17.77,19.12,3.023991,10.5881,,,0.118343195,0.902777778,0.278106509,0.159763314,0.443786982,0,0,0.118343195,0,0,45.6,,,,,10,80,,,,,8.948824,8.329494,0.979953,,154.4785,163.3862,,,10,80,,,,,-8.62418,-7.89584,0.970565,,174.3802,185.812,,,10,80,,,,,-10.4889,-8.50703,0.982334,,168.3617,250.913,,
2018,Road,20-Jun,,5,,Peak,20,21.05,7.77,5.72,20,13.3,2.2191905,10.98769,,,0,0.993055556,0.088757396,0.911242604,0,0,0,0,0,0,91.6,,,,,10,80,,,,,23.74936,19.34815,0.99468,,197.4677,345.2634,,,10,80,,,,,-7.79856,-6.75909,0.991018,,74.15322,154.7763,,,10,80,,,,,-8.75454,-7.51086,0.996524,,25.78821,167.3022,,