Date ,tent_type,plot,site,season,par_without_tent,par_with_tent,difference,avg_tent_difference,proportion_light_reduction,,,,,
06.18.2020,New tent?,1,CBT,Peak,988.2,No data,,764.4,,,,,,
06.18.2020,New tent?,2,CBT,Peak,973.2,273,700.2,,0.719482121,,,,,
06.18.2020,New tent?,3,CBT,Peak,638.4,No data,,,,,,,,
06.18.2020,New tent?,4,CBT,Peak,1043,270,773,,0.741131352,,,,,
06.18.2020,New tent?,5,CBT,Peak,1056,236,820,,0.776515152,,,,,
06.24.2020,New tent?,1,Road,Peak,1446,922,524,592.82,0.362378976,,,,,
06.24.2020,New tent?,2,Road,Peak,1452,975.1,476.9,,0.328443526,,,,,
06.24.2020,New tent?,3,Road,Peak,1492,975.1,516.9,,0.346447721,,,,,
06.24.2020,New tent?,4,Road,Peak,1445,976.5,468.5,,0.324221453,,,,,
06.24.2020,New tent?,5,Road,Peak,1392,414.2,977.8,,0.702442529,,,,,
07.03.2020,New tent?,1,Pfeiler,Peak,1219,609.1,609.9,548.354,0.500328138,,,,,
07.03.2020,New tent?,2,Pfeiler,Peak,1543,70.64,1472.36,,0.954219054,,,,,
07.03.2020,New tent?,3,Pfeiler,Peak,441.9,530.19,-88.29,, ,,,,,
07.03.2020,New tent?,4,Pfeiler,Peak,782.3,812.5,-30.2,, ,,,,,
07.03.2020,New tent?,5,Pfeiler,Peak,1797,1019,778,, ,,,,,
07.14.2020,New tent?,1,PBM,Peak,297,No data,#VALUE!,#VALUE!,,,,,,
07.14.2020,New tent?,2,PBM,Peak,190.8,125.1,65.7,,0.344339623,,,,,
07.14.2020,New tent?,3,PBM,Peak,No data,No data,No data,,,,,,,
07.14.2020,New tent?,4,PBM,Peak,702.4,318.5,383.9,,0.54655467,,,,,
07.14.2020,New tent?,5,PBM,Peak,255.1,576.6,-321.5,, ,,,,,
07.30.2020,New tent?,1,Cinnamon,Peak,515.4,No data,,601.1333333,,,,,,
07.30.2020,New tent?,2,Cinnamon,Peak,1250,633.6,616.4,,0.49312,,,,,
07.30.2020,New tent?,3,Cinnamon,Peak,1264,735.2,528.8,,0.41835443,,,,,
07.30.2020,New tent?,4,Cinnamon,Peak,1397,738.8,658.2,,0.47115247,,,,,
07.30.2020,New tent?,5,Cinnamon,Peak,1329,No data,,,,,,,,
06.07.2021,New Flux Tent ,1,almont,peak,1234,748,486,554.6,0.393841167,,,,,
06.07.2021,New Flux Tent ,2,almont,peak,1124,524,600,,0.533807829,,,,,
06.07.2021,New Flux Tent ,3,almont,peak,1382,832,550,,0.397973951,,,,,
06.07.2021,New Flux Tent ,4,almont,peak,1373,816,557,,0.405680991,,,,,
06.07.2021,New Flux Tent ,5,almont,peak,1413,833,580,,0.410474168,,,,,
06.11.2021,New Flux Tent ,1,CBT,early,1123,666.7,456.3,420.42,0.406322351,,,,,
06.11.2021,New Flux Tent ,2,CBT,early,1201,711.2,489.8,,0.407826811,,,,,
06.11.2021,New Flux Tent ,3,CBT,early,1113,673,440,,0.395327942,,,,,
06.11.2021,New Flux Tent ,4,CBT,early,930,559,371,,0.398924731,,,,,
06.11.2021,New Flux Tent ,5,CBT,early,1089,744,345,,0.316804408,,,,,
06.14.2021,New Flux Tent ,1,Road,early,1292,777.6,514.4,581.94,0.398142415,,,,,
06.14.2021,New Flux Tent ,2,Road,early,1260,724.1,535.9,,0.42531746,,,,,
06.14.2021,New Flux Tent ,3,Road,early,1364,754.6,609.4,,0.446774194,,,,,
06.14.2021,New Flux Tent ,4,Road,early,1310,692,618,,0.471755725,,,,,
06.14.2021,New Flux Tent ,5,Road,early,1286,654,632,,0.491446345,,,,,
06.18.2021,New Flux Tent ,1,Pfeiler,early,830,455,375,420,0.451807229,,,,,
06.18.2021,New Flux Tent ,2,Pfeiler,early,932,540,392,,0.420600858,,,,,
06.18.2021,New Flux Tent ,3,Pfeiler,early,1012,558,454,,0.448616601,,,,,
06.18.2021,New Flux Tent ,4,Pfeiler,early,965,501,464,,0.480829016,,,,,
06.18.2021,New Flux Tent ,5,Pfeiler,early,823,408,415,,0.504252734,,,,,
06.22.2021,New Flux Tent ,1,CBT,peak,904,445,459,537.6,0.507743363,,,,,
06.22.2021,New Flux Tent ,2,CBT,peak,898,433,465,,0.517817372,,,,,
06.22.2021,New Flux Tent ,3,CBT,peak,1103,509,594,,0.538531278,,,,,
06.22.2021,New Flux Tent ,4,CBT,peak,1035,532,503,,0.485990338,,,,,
06.22.2021,New Flux Tent ,5,CBT,peak,1191,524,667,,0.560033585,,,,,
06.24.2021,New Flux Tent ,1,Road,peak,920,495,425,345,0.461956522,,,,,
06.24.2021,New Flux Tent ,2,Road,peak,1122,577,545,,0.48573975,,,,,
06.24.2021,New Flux Tent ,3,Road,peak,1200,623,577,,0.480833333,,,,,
06.24.2021,New Flux Tent ,4,Road,peak,700,613,87,,0.124285714,,,,,
06.24.2021,New Flux Tent ,5,Road,peak,539,448,91,,0.168831169,,,,,
06.28.2021,New Flux Tent ,1,PBM,early,1026,255,771,465.2,0.751461988,,,,,
06.28.2021,New Flux Tent ,2,PBM,early,897,433,464,,0.517279822,,,,,
06.28.2021,New Flux Tent ,3,PBM,early,991,499,492,,0.496468214,,,,,
06.28.2021,New Flux Tent ,4,PBM,early,538,347,191,,0.355018587,,,,,
06.28.2021,New Flux Tent ,5,PBM,early,999,591,408,,0.408408408,,,,,
07.19.2021,New Flux Tent ,1,Pfeiler,peak,1147,391,756,702,0.659110724,,,,,
07.19.2021,New Flux Tent ,2,Pfeiler,peak,1251,473,778,,0.621902478,,,,,
07.19.2021,New Flux Tent ,3,Pfeiler,peak,1012,328,684,,0.675889328,,,,,
07.19.2021,New Flux Tent ,4,Pfeiler,peak,1166,556,610,,0.523156089,,,,,
07.19.2021,New Flux Tent ,5,Pfeiler,peak,1301,619,682,,0.524212145,,,,,
07.26.2021,New Flux Tent ,1,PBM,peak,1051,61.16,989.84,699.768,0.941807802,,,,,
07.26.2021,New Flux Tent ,2,PBM,peak,1073,370,703,,0.655172414,,,,,
07.26.2021,New Flux Tent ,3,PBM,peak,1105,436,669,,0.605429864,,,,,
07.26.2021,New Flux Tent ,4,PBM,peak,1034,527,507,,0.49032882,,,,,
07.26.2021,New Flux Tent ,5,PBM,peak,1292,662,630,,0.487616099,,,,,
06.09.2022,New Flux Tent ,1,almont,peak,1813,848,965,1027.2,0.532266961,,,,,
06.09.2022,New Flux Tent ,2,almont,peak,1847,831,1016,,0.550081213,,,,,
06.09.2022,New Flux Tent ,3,almont,peak,1968,974,994,,0.505081301,,,,,
06.09.2022,New Flux Tent ,4,almont,peak,2108,913,1195,,0.566888046,,,,,
06.09.2022,New Flux Tent ,5,almont,peak,2066,1100,966,,0.467570184,,,,,
06.10.2022,New Flux Tent ,1,CBT,early,1394,647,747,1018.8,0.535868006,,,,,
06.10.2022,New Flux Tent ,2,CBT,early,1853,580,1273,,0.686994064,,,,,
06.10.2022,New Flux Tent ,3,CBT,early,1838,875,963,,0.523939064,,,,,
06.10.2022,New Flux Tent ,4,CBT,early,1840,878,962,,0.522826087,,,,,
06.10.2022,New Flux Tent ,5,CBT,early,2184,1035,1149,,0.526098901,,,,,
06.15.2022,New Flux Tent ,1,Road,early,1925,866,1059,1080.8,0.55012987,,,,,
06.15.2022,New Flux Tent ,2,Road,early,1943,979,964,,0.49613999,,,,,
06.15.2022,New Flux Tent ,3,Road,early,2007,733,1274,,0.634778276,,,,,
06.15.2022,New Flux Tent ,4,Road,early,1937,938,999,,0.515745999,,,,,
06.15.2022,New Flux Tent ,5,Road,early,1907,799,1108,,0.581017305,,,,,
06.20.2022,New Flux Tent ,1,Pfeiler,early,1506,744,762,1236.2,0.505976096,,,,,
06.20.2022,New Flux Tent ,2,Pfeiler,early,1797,261,1536,,0.85475793,,,,,
06.20.2022,New Flux Tent ,3,Pfeiler,early,1917,555,1362,,0.710485133,,,,,
06.20.2022,New Flux Tent ,4,Pfeiler,early,2038,851,1187,,0.582433759,,,,,
06.20.2022,New Flux Tent ,5,Pfeiler,early,2226,892,1334,,0.599281222,,,,,
06.21.2022,New Flux Tent ,1,CBT,peak,1658,426,1232,1047.2,0.743063932,,,,,
06.21.2022,New Flux Tent ,2,CBT,peak,1618,501,1117,,0.690358467,,,,,
06.21.2022,New Flux Tent ,3,CBT,peak,1556,625,931,,0.598329049,,,,,
06.21.2022,New Flux Tent ,4,CBT,peak,1439,682,757,,0.526059764,,,,,
06.21.2022,New Flux Tent ,5,CBT,peak,2000,801,1199,,0.5995,,,,,
06.27.2022,New Flux Tent ,1,Road,peak,1445,697,748,911.2,0.517647059,,,,,
06.27.2022,New Flux Tent ,2,Road,peak,1545,739,806,,0.521682848,,,,,
06.27.2022,New Flux Tent ,3,Road,peak,1464,684,780,,0.532786885,,,,,
06.27.2022,New Flux Tent ,4,Road,peak,1621,796,825,,0.508945096,,,,,
06.27.2022,New Flux Tent ,5,Road,peak,1735,338,1397,,0.80518732,,,,,
06.28.2022,New Flux Tent ,1,PBM,early,1669,507,1162,1359.8,0.696225285,,,,,
06.28.2022,New Flux Tent ,2,PBM,early,1654,291,1363,,0.824062878,,,,,
06.28.2022,New Flux Tent ,3,PBM,early,2038,120,1918,,0.941118744,,,,,
06.28.2022,New Flux Tent ,4,PBM,early,2032,836,1196,,0.588582677,,,,,
06.28.2022,New Flux Tent ,5,PBM,early,1907,747,1160,,0.608285265,,,,,
07.07.2022,New Flux Tent ,1,Pfeiler,peak,1662,420,1242,929.2,0.747292419,,,,,
07.07.2022,New Flux Tent ,2,Pfeiler,peak,1763,775,988,,0.560408395,,,,,
07.07.2022,New Flux Tent ,3,Pfeiler,peak,1468,770,698,,0.475476839,,,,,
07.07.2022,New Flux Tent ,4,Pfeiler,peak,1504,532,972,,0.646276596,,,,,
07.07.2022,New Flux Tent ,5,Pfeiler,peak,1450,704,746,,0.514482759,,,,,
07.13.2022,New Flux Tent ,1,PBM,peak,1573,371,1202,#VALUE!,0.764144946,,,,,
07.13.2022,New Flux Tent ,2,PBM,peak,1673,NA,#VALUE!,,,,,,,
07.13.2022,New Flux Tent ,3,PBM,peak,1760,NA,#VALUE!,,,,,,,
07.13.2022,New Flux Tent ,4,PBM,peak,1555,660,895,,0.575562701,,,,,
07.13.2022,New Flux Tent ,5,PBM,peak,1616,651,965,,0.597153465,,,,,
08.03.2022,New Flux Tent ,1,Cinnamon,peak,1084,671,413,,0.38099631,,,,,
08.03.2022,New Flux Tent ,2,Cinnamon,peak,928,424,504,,0.543103448,,,,,
08.03.2022,New Flux Tent ,3,Cinnamon,peak,1210,549,661,,0.546280992,,,,,
08.03.2022,New Flux Tent ,4,Cinnamon,peak,1232,676,556,,0.451298701,,,,,
08.03.2022,New Flux Tent ,5,Cinnamon,peak,1346,580,766,,0.569093611,,,,,
06.12.2023,New Flux Tent ,1,almont,peak,1518,700.5,817.5,903.5,0.538537549,,,,,
06.12.2023,New Flux Tent ,2,almont,peak,1772,717.2,1054.8,,0.595259594,,,,,
06.12.2023,New Flux Tent ,3,almont,peak,1519,686.6,832.4,,0.5479921,,,,,
06.12.2023,New Flux Tent ,4,almont,peak,1654,735.3,918.7,,0.555441354,,,,,
06.12.2023,New Flux Tent ,5,almont,peak,1776,881.9,894.1,,0.503434685,,,,,
06/19/2023,New Flux Tent ,1,CBT,early,1686,674.4,1011.6,980.12,0.6,,,,,
06/19/2023,New Flux Tent ,2,CBT,early,1436,627.5,808.5,,0.563022284,,,,,
06/19/2023,New Flux Tent ,3,CBT,early,1354,590,764,,0.564254062,,,,,
06/19/2023,New Flux Tent ,4,CBT,early,1883,648.7,1234.3,,0.655496548,,,,,
06/19/2023,New Flux Tent ,5,CBT,early,1828,745.8,1082.2,,0.592013129,,,,,
06/21/2023,New Flux Tent ,1,Road,early,1686,674.4,1011.6,980.12,0.6,,,,,
06/21/2023,New Flux Tent ,2,Road,early,1436,627.5,808.5,,0.563022284,,,,,
06/21/2023,New Flux Tent ,3,Road,early,1354,590,764,,0.564254062,,,,,
06/21/2023,New Flux Tent ,4,Road,early,1883,648.7,1234.3,,0.655496548,,,,,
06/21/2023,New Flux Tent ,5,Road,early,1828,745.8,1082.2,,0.592013129,,,,,
06/28/2023,New Flux Tent ,1,Pfeiler,early,1685,850,835,869.42,0.495548961,,,,,
06/28/2023,New Flux Tent ,2,Pfeiler,early,1563,750.9,812.1,,0.519577735,,,,,
06/28/2023,New Flux Tent ,3,Pfeiler,early,1752,806,946,,0.539954338,,,,,
06/28/2023,New Flux Tent ,4,Pfeiler,early,1539,722.9,816.1,,0.530279402,,,,,
06/28/2023,New Flux Tent ,5,Pfeiler,early,1757,819.1,937.9,,0.533807627,,,,,
06/30/2023,New Flux Tent ,1,CBT,peak,1164,482.1,681.9,895.26,0.585824742,,,,,
06/30/2023,New Flux Tent ,2,CBT,peak,1247,531.2,715.8,,0.574017642,,,,,
06/30/2023,New Flux Tent ,3,CBT,peak,1834,843.5,990.5,,0.540076336,,,,,
06/30/2023,New Flux Tent ,4,CBT,peak,1852,831.2,1020.8,,0.551187905,,,,,
06/30/2023,New Flux Tent ,5,CBT,peak,1875,807.7,1067.3,,0.569226667,,,,,
07.06.2023,New Flux Tent ,1,Road,peak,1343,566.5,776.5,1000.96,0.578183172,,,,,
07.06.2023,New Flux Tent ,2,Road,peak,1866,840.5,1025.5,,0.549571275,,,,,
07.06.2023,New Flux Tent ,3,Road,peak,1842,733.7,1108.3,,0.601682953,,,,,
07.06.2023,New Flux Tent ,4,Road,peak,1852,838.9,1013.1,,0.547030238,,,,,
07.06.2023,New Flux Tent ,5,Road,peak,1526,444.6,1081.4,,0.708650066,,,,,
07.07.2023,New Flux Tent ,1,PBM,early,1501,715,786,962.78,0.523650899,,,,,
07.07.2023,New Flux Tent ,2,PBM,early,1696,683.4,1012.6,,0.597051887,,,,,
07.07.2023,New Flux Tent ,3,PBM,early,1840,893.1,946.9,,0.514619565,,,,,
07.07.2023,New Flux Tent ,4,PBM,early,1812,666.6,1145.4,,0.632119205,,,,,
07.07.2023,New Flux Tent ,5,PBM,early,1647,724,923,,0.560412872,,,,,
07/17/2023,New Flux Tent ,1,Pfeiler,peak,1207,658.5,548.5,869.62,0.454432477,,,,,
07/17/2023,New Flux Tent ,2,Pfeiler,peak,1623,288,1335,,0.822550832,,,,,
07/17/2023,New Flux Tent ,3,Pfeiler,peak,1576,712.8,863.2,,0.547715736,,,,,
07/17/2023,New Flux Tent ,4,Pfeiler,peak,1609,761.5,847.5,,0.526724674,,,,,
07/17/2023,New Flux Tent ,5,Pfeiler,peak,1518,764.1,753.9,,0.496640316,,,,,
07/21/2023,New Flux Tent ,1,PBM,peak,1506,505.4,1000.6,1091.52,0.664409031,,,,,
07/21/2023,New Flux Tent ,2,PBM,peak,1530,302.6,1227.4,,0.802222222,,,,,
07/21/2023,New Flux Tent ,3,PBM,peak,1808,328.1,1479.9,,0.818528761,,,,,
07/21/2023,New Flux Tent ,4,PBM,peak,1667,753.3,913.7,,0.548110378,,,,,
07/21/2023,New Flux Tent ,5,PBM,peak,1566,730,836,,0.533844189,,,,,
08.01.2023,New Flux Tent ,1,Cinnamon,peak,1448,675.2,772.8,,0.533701657,,,,,
08.01.2023,New Flux Tent ,2,Cinnamon,peak,2176,951,1225,,0.562959559,,,,,
08.01.2023,New Flux Tent ,3,Cinnamon,peak,2215,1019,1196,,0.539954853,,,,,
08.01.2023,New Flux Tent ,4,Cinnamon,peak,2458,1022,1436,,0.584214809,,,,,
08.01.2023,New Flux Tent ,5,Cinnamon,peak,2199,1035,1164,,0.529331514,,,,,
06.12.2024,Same as 2023,1,Almont,peak,1581,654,927,1092.8,0.586337761,,,,,
06.12.2024,Same as 2023,2,Almont,peak,1739,781,958,,0.550891317,,,,,
06.12.2024,Same as 2023,3,Almont,peak,1946,902,1044,,0.536485098,,,,,
06.12.2024,Same as 2023,4,Almont,peak,2086,682,1404,,0.673058485,,,,,
06.12.2024,Same as 2023,5,Almont,peak,1925,794,1131,,0.587532468,,,,,
06.13.2024,Same as 2023,1,CBT,early,1114,547,567,833.8,0.508976661,,,,,
06.13.2024,Same as 2023,2,CBT,early,1115,509,606,,0.543497758,,,,,
06.13.2024,Same as 2023,3,CBT,early,1653,650,1003,,0.60677556,,,,,
06.13.2024,Same as 2023,4,CBT,early,1722,726,996,,0.578397213,,,,,
06.13.2024,Same as 2023,5,CBT,early,1739,742,997,,0.573317999,,,,,
07.09.2024,Same as 2023,1,CBT,peak,734,273,461,883.8,0.628065395,,,,,
07.09.2024,Same as 2023,2,CBT,peak,1248,470,778,,0.623397436,,,,,
07.09.2024,Same as 2023,3,CBT,peak,1496,562,934,,0.624331551,,,,,
07.09.2024,Same as 2023,4,CBT,peak,1884,747,1137,,0.603503185,,,,,
07.09.2024,Same as 2023,5,CBT,peak,1733,624,1109,,0.639930756,,,,,
07.05.2024,Same as 2023,1,PBM,early,1931,729,1202,1318.4,0.622475401,,,,,
07.05.2024,Same as 2023,2,PBM,early,1921,589,1332,,0.69338886,,,,,
07.05.2024,Same as 2023,3,PBM,early,2019,657,1362,,0.674591382,,,,,
07.05.2024,Same as 2023,4,PBM,early,2145,731,1414,,0.659207459,,,,,
07.05.2024,Same as 2023,5,PBM,early,1902,620,1282,,0.67402734,,,,,
07.29.2024,Same as 2023,1,PBM,peak,1696,537,1159,1231.4,0.683372642,,,,,
07.29.2024,Same as 2023,2,PBM,peak,1970,586,1384,,0.702538071,,,,,
07.29.2024,Same as 2023,3,PBM,peak,1842,417,1425,,0.773615635,,,,,
07.29.2024,Same as 2023,4,PBM,peak,2111,969,1142,,0.540975841,,,,,
07.29.2024,Same as 2023,5,PBM,peak,1692,645,1047,,0.618794326,,,,,
06.25.2024,Same as 2023,1,Pfeiler,early,1350,506,844,-163,0.625185185,,,,,
06.25.2024,Same as 2023,2,Pfeiler,early,639,670,-31,,,,,,,
06.25.2024,Same as 2023,3,Pfeiler,early,208,837,-629,,,,,,,
06.25.2024,Same as 2023,4,Pfeiler,early,395,838,-443,,,,,,,
06.25.2024,Same as 2023,5,Pfeiler,early,208,764,-556,,,,,,,
07.23.2024,Same as 2023,1,Pfeiler,peak,1514,706,808,1085.6,0.533685601,,,,,
07.23.2024,Same as 2023,2,Pfeiler,peak,1567,383,1184,,0.755583918,,,,,
07.23.2024,Same as 2023,3,Pfeiler,peak,1778,577,1201,,0.675478065,,,,,
07.23.2024,Same as 2023,4,Pfeiler,peak,1899,822,1077,,0.5671406,,,,,
07.23.2024,Same as 2023,5,Pfeiler,peak,2026,868,1158,,0.571569595,,,,,
06.23.2024,Same as 2023,1,Road,early,1426,626,800,988.6,0.561009818,,,,,
06.23.2024,Same as 2023,2,Road,early,1552,648,904,,0.582474227,,,,,
06.23.2024,Same as 2023,3,Road,early,1634,740,894,,0.547123623,,,,,
06.23.2024,Same as 2023,4,Road,early,1950,815,1135,,0.582051282,,,,,
06.23.2024,Same as 2023,5,Road,early,1799,589,1210,,0.672595887,,,,,
07.20.2024,Same as 2023,1,Road,peak,1639,672,967,873.6,0.589993899,,,,,
07.20.2024,Same as 2023,2,Road,peak,1450,660,790,,0.544827586,,,,,
07.20.2024,Same as 2023,3,Road,peak,1437,652,785,,0.546276966,,,,,
07.20.2024,Same as 2023,4,Road,peak,1522,622,900,,0.591327201,,,,,
07.20.2024,Same as 2023,5,Road,peak,1377,451,926,,0.672476398,,,,,
08.02.2024,Same as 2023,1,Cinnamon,peak,1384,681,703,564.6,0.507947977,,,,,
08.02.2024,Same as 2023,2,Cinnamon,peak,1167,550,617,,0.528706084,,,,,
08.02.2024,Same as 2023,3,Cinnamon,peak,1726,795,931,,0.539397451,,,,,
08.02.2024,Same as 2023,4,Cinnamon,peak,663,460,203,,0.306184012,,,,,
08.02.2024,Same as 2023,5,Cinnamon,peak,910,541,369,,0.405494505,,,,,
06.09.2025,New_Tent_2025,1,ALM,Peak,1900,1285,615,686.48,0.323684211,,,,,
06.09.2025,New_Tent_2025,2,ALM,Peak,1605,868.6,736.4,,0.458816199,,,,,
06.09.2025,New_Tent_2025,3,ALM,Peak,1693,1123,570,,0.336680449,,,,,
06.09.2025,New_Tent_2025,4,ALM,Peak,1809,1238,571,,0.315644002,,,,,
06.09.2025,New_Tent_2025,5,ALM,Peak,2065,1125,940,,0.455205811,,,,,
06.13.2025,New_Tent_2025,1,CBT,Early,1610,919.2,690.8,630.48,0.429068323,,,,,
06.13.2025,New_Tent_2025,2,CBT,Early,1693,1068,625,,0.369167159,,,,,
06.13.2025,New_Tent_2025,3,CBT,Early,1512,852.2,659.8,,0.436375661,,,,,
06.13.2025,New_Tent_2025,4,CBT,Early,1409,934.2,474.8,,0.336976579,,,,,
06.13.2025,New_Tent_2025,5,CBT,Early,1857,1155,702,,0.378029079,,,,,
06.16.2025,New_Tent_2025,1,Road,Early,1726,1120,606,703.48,0.351100811,,,,,
06.16.2025,New_Tent_2025,2,Road,Early,1622,927.5,694.5,,0.428175092,,,,,
06.16.2025,New_Tent_2025,3,Road,Early,1511,754.1,756.9,,0.500926539,,,,,
06.16.2025,New_Tent_2025,4,Road,Early,1810,1015,795,,0.439226519,,,,,
06.16.2025,New_Tent_2025,5,Road,Early,1673,1008,665,,0.39748954,,,,,
06.20.2025,New_Tent_2025,1,Pfeiler ,Early,1750,775,975,841.98,0.557142857,,,,,
06.20.2025,New_Tent_2025,2,Pfeiler ,Early,1382,330,1052,,0.76121563,,,,,
06.20.2025,New_Tent_2025,3,Pfeiler ,Early,1469,678,791,,0.538461538,,,,,
06.20.2025,New_Tent_2025,4,Pfeiler ,Early,1697,934.1,762.9,,0.449558044,,,,,
06.20.2025,New_Tent_2025,5,Pfeiler ,Early,1798,1169,629,,0.349833148,,,,,
06.23.2025,New_Tent_2025,1,CBT,Peak ,876.3,611.5,264.8,559.54,0.302179619,,,,,
06.23.2025,New_Tent_2025,2,CBT,Peak ,1120,615.2,504.8,,0.450714286,,,,,
06.23.2025,New_Tent_2025,3,CBT,Peak ,1521,784.6,736.4,,0.484155161,,,,,
06.23.2025,New_Tent_2025,4,CBT,Peak ,1489,824.3,664.7,,0.446406985,,,,,
06.23.2025,New_Tent_2025,5,CBT,Peak ,1619,992,627,,0.387276096,,,,,
06.27.2025,New_Tent_2025,1,PBM,Early,1728,189.4,1538.6,1083,0.890393519,,,,,
06.27.2025,New_Tent_2025,2,PBM,Early,1756,218.8,1537.2,,0.875398633,,,,,
06.27.2025,New_Tent_2025,3,PBM,Early,1328,638.4,689.6,,0.519277108,,,,,
06.27.2025,New_Tent_2025,4,PBM,Early,1458,600.2,857.8,,0.588340192,,,,,
06.27.2025,New_Tent_2025,5,PBM,Early,1573,781.2,791.8,,0.503369358,,,,,
06.30.2025,New_Tent_2025,1,Road,Peak,1124,718.5,405.5,550.56,0.360765125,,,,,
06.30.2025,New_Tent_2025,2,Road,Peak,1398,794.4,603.6,,0.431759657,,,,,
06.30.2025,New_Tent_2025,3,Road,Peak,1322,754.8,567.2,,0.429046899,,,,,
06.30.2025,New_Tent_2025,4,Road,Peak,1415,869.3,545.7,,0.38565371,,,,,
06.30.2025,New_Tent_2025,5,Road,Peak,1517,886.2,630.8,,0.415820699,,,,,
07.11.2025,New_Tent_2025,1,Pfeiler ,Peak ,1260,651.6,608.4,582.84,0.482857143,,,,,
07.11.2025,New_Tent_2025,2,Pfeiler ,Peak ,1278,347.7,930.3,,0.727934272,,,,,
07.11.2025,New_Tent_2025,3,Pfeiler ,Peak ,1183,506.7,676.3,,0.571682164,,,,,
07.11.2025,New_Tent_2025,4,Pfeiler ,Peak ,1120,995.2,124.8,,0.111428571,,,,,
07.11.2025,New_Tent_2025,5,Pfeiler ,Peak ,1402,827.6,574.4,,0.409700428,,,,,
07.15.2025,New_Tent_2025,1,PBM,Peak,1173,665,508,518.18,0.433077579,,,,,
07.15.2025,New_Tent_2025,2,PBM,Peak,1260,730,530,,0.420634921,,,,,
07.15.2025,New_Tent_2025,3,PBM,Peak,1274,762,512,,0.40188383,,,,,
07.15.2025,New_Tent_2025,4,PBM,Peak,1281,737.4,543.6,,0.424355972,,,,,
07.15.2025,New_Tent_2025,5,PBM,Peak,1216,718.7,497.3,,0.408963816,,,,,
07.25.2025,New_Tent_2025,1,Cinammon,Peak,1126,646.2,479.8,497.1,0.426110124,,,,,
07.25.2025,New_Tent_2025,2,Cinammon,Peak,1175,722.1,452.9,,0.385446809,,,,,
07.25.2025,New_Tent_2025,3,Cinammon,Peak,1221,715.3,505.7,,0.414168714,,,,,
07.25.2025,New_Tent_2025,4,Cinammon,Peak,1276,742.8,533.2,,0.417868339,,,,,
07.25.2025,New_Tent_2025,5,Cinammon,Peak,1260,746.1,513.9,,0.407857143,,,,,
,,,,,,,,,,,,,,
,,,,,,,,,,,,,,
,,,,,,,,,,,,,,
,,,,,,,,,,,,,,
,,,,,,,,,,,,,,
,,,,,,,,,,,,,,
,,,,,,,,,,,,,,
,,,,,,,,,,,,,,
,,,,,,,,,,,,,,
,,,,,,,,,,,,,,
,,,,,,,,,,,,,,
,,,,,,,,,,,,,,
,,,,,,,,,,,,,,
,,,,,,,,,,,,,,
,,,,,,,,,,,,,,
,,,,,,,,,,,,,,
,,,,,,,,,,,,,,
,,,,,,,,,,,,,,
,,,,,,,,,,,,,,
,,,,,,,,,,,,,,
,,,,,,,,,,,,,,
,,,,,,,,,,,,,,
,,,,,,,,,,,,,,
,,,,,,,,,,,,,,
,,,,,,,,,,,,,,
,,,,,,,,,,,,,,
,,,,,,,,,,,,,,
,,,,,,,,,,,,,,
,,,,,,,,,,,,,,
,,,,,,,,,,,,,,
,,,,,,,,,,,,,,
,,,,,,,,,,,,,,
,,,,,,,,,,,,,,
,,,,,,,,,,,,,,
,,,,,,,,,,,,,,
,,,,,,,,,,,,,,
,,,,,,,,,,,,,,
,,,,,,,,,,,,,,
,,,,,,,,,,,,,,
,,,,,,,,,,,,,,
,,,,,,,,,,,,,,
,,,,,,,,,,,,,,
,,,,,,,,,,,,,,
,,,,,,,,,,,,,,
,,,,,,,,,,,,,,
,,,,,,,,,,,,,,
,,,,,,,,,,,,,,
,,,,,,,,,,,,,,
,,,,,,,,,,,,,,
,,,,,,,,,,,,,,
,,,,,,,,,,,,,,
,,,,,,,,,,,,,,
,,,,,,,,,,,,,,
,,,,,,,,,,,,,,
,,,,,,,,,,,,,,
,,,,,,,,,,,,,,
,,,,,,,,,,,,,,
,,,,,,,,,,,,,,
,,,,,,,,,,,,,,
,,,,,,,,,,,,,,
,,,,,,,,,,,,,,
,,,,,,,,,,,,,,
,,,,,,,,,,,,,,
,,,,,,,,,,,,,,
,,,,,,,,,,,,,,
,,,,,,,,,,,,,,
,,,,,,,,,,,,,,
,,,,,,,,,,,,,,
,,,,,,,,,,,,,,
,,,,,,,,,,,,,,
,,,,,,,,,,,,,,
,,,,,,,,,,,,,,
,,,,,,,,,,,,,,
,,,,,,,,,,,,,,
,,,,,,,,,,,,,,
,,,,,,,,,,,,,,
,,,,,,,,,,,,,,
,,,,,,,,,,,,,,
,,,,,,,,,,,,,,
,,,,,,,,,,,,,,
,,,,,,,,,,,,,,
,,,,,,,,,,,,,,
,,,,,,,,,,,,,,
,,,,,,,,,,,,,,
,,,,,,,,,,,,,,
,,,,,,,,,,,,,,
,,,,,,,,,,,,,,
,,,,,,,,,,,,,,
,,,,,,,,,,,,,,
,,,,,,,,,,,,,,
,,,,,,,,,,,,,,
,,,,,,,,,,,,,,
,,,,,,,,,,,,,,
,,,,,,,,,,,,,,
,,,,,,,,,,,,,,
,,,,,,,,,,,,,,
,,,,,,,,,,,,,,
,,,,,,,,,,,,,,
,,,,,,,,,,,,,,
,,,,,,,,,,,,,,
,,,,,,,,,,,,,,
,,,,,,,,,,,,,,
,,,,,,,,,,,,,,
,,,,,,,,,,,,,,
,,,,,,,,,,,,,,
,,,,,,,,,,,,,,
,,,,,,,,,,,,,,
,,,,,,,,,,,,,,
,,,,,,,,,,,,,,
,,,,,,,,,,,,,,
,,,,,,,,,,,,,,
,,,,,,,,,,,,,,
,,,,,,,,,,,,,,
,,,,,,,,,,,,,,
,,,,,,,,,,,,,,
,,,,,,,,,,,,,,
,,,,,,,,,,,,,,
,,,,,,,,,,,,,,
,,,,,,,,,,,,,,
,,,,,,,,,,,,,,
,,,,,,,,,,,,,,
,,,,,,,,,,,,,,
,,,,,,,,,,,,,,
,,,,,,,,,,,,,,
,,,,,,,,,,,,,,
,,,,,,,,,,,,,,
,,,,,,,,,,,,,,
,,,,,,,,,,,,,,
,,,,,,,,,,,,,,
,,,,,,,,,,,,,,
,,,,,,,,,,,,,,
,,,,,,,,,,,,,,
,,,,,,,,,,,,,,
,,,,,,,,,,,,,,
,,,,,,,,,,,,,,
,,,,,,,,,,,,,,
,,,,,,,,,,,,,,
,,,,,,,,,,,,,,
,,,,,,,,,,,,,,
,,,,,,,,,,,,,,
,,,,,,,,,,,,,,
,,,,,,,,,,,,,,
,,,,,,,,,,,,,,
,,,,,,,,,,,,,,
,,,,,,,,,,,,,,
,,,,,,,,,,,,,,
,,,,,,,,,,,,,,
,,,,,,,,,,,,,,
,,,,,,,,,,,,,,
,,,,,,,,,,,,,,
,,,,,,,,,,,,,,
,,,,,,,,,,,,,,
,,,,,,,,,,,,,,
,,,,,,,,,,,,,,
,,,,,,,,,,,,,,
,,,,,,,,,,,,,,
,,,,,,,,,,,,,,
,,,,,,,,,,,,,,
,,,,,,,,,,,,,,
,,,,,,,,,,,,,,
,,,,,,,,,,,,,,
,,,,,,,,,,,,,,
,,,,,,,,,,,,,,
,,,,,,,,,,,,,,
,,,,,,,,,,,,,,
,,,,,,,,,,,,,,
,,,,,,,,,,,,,,
,,,,,,,,,,,,,,
,,,,,,,,,,,,,,
,,,,,,,,,,,,,,
,,,,,,,,,,,,,,
,,,,,,,,,,,,,,
,,,,,,,,,,,,,,
,,,,,,,,,,,,,,
,,,,,,,,,,,,,,
,,,,,,,,,,,,,,
,,,,,,,,,,,,,,
,,,,,,,,,,,,,,
,,,,,,,,,,,,,,
,,,,,,,,,,,,,,
,,,,,,,,,,,,,,
,,,,,,,,,,,,,,
,,,,,,,,,,,,,,
,,,,,,,,,,,,,,
,,,,,,,,,,,,,,
,,,,,,,,,,,,,,
,,,,,,,,,,,,,,
,,,,,,,,,,,,,,
,,,,,,,,,,,,,,
,,,,,,,,,,,,,,
,,,,,,,,,,,,,,
,,,,,,,,,,,,,,
,,,,,,,,,,,,,,
,,,,,,,,,,,,,,
,,,,,,,,,,,,,,
,,,,,,,,,,,,,,
,,,,,,,,,,,,,,
,,,,,,,,,,,,,,
,,,,,,,,,,,,,,
,,,,,,,,,,,,,,
,,,,,,,,,,,,,,
,,,,,,,,,,,,,,
,,,,,,,,,,,,,,
,,,,,,,,,,,,,,
,,,,,,,,,,,,,,
,,,,,,,,,,,,,,
,,,,,,,,,,,,,,
,,,,,,,,,,,,,,
,,,,,,,,,,,,,,
,,,,,,,,,,,,,,
,,,,,,,,,,,,,,
,,,,,,,,,,,,,,
,,,,,,,,,,,,,,
,,,,,,,,,,,,,,
,,,,,,,,,,,,,,
,,,,,,,,,,,,,,
,,,,,,,,,,,,,,
,,,,,,,,,,,,,,
,,,,,,,,,,,,,,
,,,,,,,,,,,,,,
,,,,,,,,,,,,,,
,,,,,,,,,,,,,,
,,,,,,,,,,,,,,
,,,,,,,,,,,,,,
,,,,,,,,,,,,,,
,,,,,,,,,,,,,,
,,,,,,,,,,,,,,
,,,,,,,,,,,,,,
,,,,,,,,,,,,,,
,,,,,,,,,,,,,,
,,,,,,,,,,,,,,
,,,,,,,,,,,,,,
,,,,,,,,,,,,,,
,,,,,,,,,,,,,,
,,,,,,,,,,,,,,
,,,,,,,,,,,,,,
,,,,,,,,,,,,,,
,,,,,,,,,,,,,,
,,,,,,,,,,,,,,
,,,,,,,,,,,,,,
,,,,,,,,,,,,,,
,,,,,,,,,,,,,,
,,,,,,,,,,,,,,
,,,,,,,,,,,,,,
,,,,,,,,,,,,,,
,,,,,,,,,,,,,,
,,,,,,,,,,,,,,
,,,,,,,,,,,,,,
,,,,,,,,,,,,,,
,,,,,,,,,,,,,,
,,,,,,,,,,,,,,
,,,,,,,,,,,,,,
,,,,,,,,,,,,,,
,,,,,,,,,,,,,,
,,,,,,,,,,,,,,
,,,,,,,,,,,,,,
,,,,,,,,,,,,,,
,,,,,,,,,,,,,,
,,,,,,,,,,,,,,
,,,,,,,,,,,,,,
,,,,,,,,,,,,,,
,,,,,,,,,,,,,,
,,,,,,,,,,,,,,
,,,,,,,,,,,,,,
,,,,,,,,,,,,,,
,,,,,,,,,,,,,,
,,,,,,,,,,,,,,
,,,,,,,,,,,,,,
,,,,,,,,,,,,,,
,,,,,,,,,,,,,,
,,,,,,,,,,,,,,
,,,,,,,,,,,,,,
,,,,,,,,,,,,,,
,,,,,,,,,,,,,,
,,,,,,,,,,,,,,
,,,,,,,,,,,,,,
,,,,,,,,,,,,,,
,,,,,,,,,,,,,,
,,,,,,,,,,,,,,
,,,,,,,,,,,,,,
,,,,,,,,,,,,,,
,,,,,,,,,,,,,,
,,,,,,,,,,,,,,
,,,,,,,,,,,,,,
,,,,,,,,,,,,,,
,,,,,,,,,,,,,,
,,,,,,,,,,,,,,
,,,,,,,,,,,,,,
,,,,,,,,,,,,,,
,,,,,,,,,,,,,,
,,,,,,,,,,,,,,
,,,,,,,,,,,,,,
,,,,,,,,,,,,,,
,,,,,,,,,,,,,,
,,,,,,,,,,,,,,
,,,,,,,,,,,,,,
,,,,,,,,,,,,,,
,,,,,,,,,,,,,,
,,,,,,,,,,,,,,
,,,,,,,,,,,,,,
,,,,,,,,,,,,,,
,,,,,,,,,,,,,,
,,,,,,,,,,,,,,
,,,,,,,,,,,,,,
,,,,,,,,,,,,,,
,,,,,,,,,,,,,,
,,,,,,,,,,,,,,
,,,,,,,,,,,,,,
,,,,,,,,,,,,,,
,,,,,,,,,,,,,,
,,,,,,,,,,,,,,
,,,,,,,,,,,,,,
,,,,,,,,,,,,,,
,,,,,,,,,,,,,,
,,,,,,,,,,,,,,
,,,,,,,,,,,,,,
,,,,,,,,,,,,,,
,,,,,,,,,,,,,,
,,,,,,,,,,,,,,
,,,,,,,,,,,,,,
,,,,,,,,,,,,,,
,,,,,,,,,,,,,,
,,,,,,,,,,,,,,
,,,,,,,,,,,,,,
,,,,,,,,,,,,,,
,,,,,,,,,,,,,,
,,,,,,,,,,,,,,
,,,,,,,,,,,,,,
,,,,,,,,,,,,,,
,,,,,,,,,,,,,,
,,,,,,,,,,,,,,
,,,,,,,,,,,,,,
,,,,,,,,,,,,,,
,,,,,,,,,,,,,,
,,,,,,,,,,,,,,
,,,,,,,,,,,,,,
,,,,,,,,,,,,,,
,,,,,,,,,,,,,,
,,,,,,,,,,,,,,
,,,,,,,,,,,,,,
,,,,,,,,,,,,,,
,,,,,,,,,,,,,,
,,,,,,,,,,,,,,
,,,,,,,,,,,,,,
,,,,,,,,,,,,,,
,,,,,,,,,,,,,,
,,,,,,,,,,,,,,
,,,,,,,,,,,,,,
,,,,,,,,,,,,,,
,,,,,,,,,,,,,,
,,,,,,,,,,,,,,
,,,,,,,,,,,,,,
,,,,,,,,,,,,,,
,,,,,,,,,,,,,,
,,,,,,,,,,,,,,
,,,,,,,,,,,,,,
,,,,,,,,,,,,,,
,,,,,,,,,,,,,,
,,,,,,,,,,,,,,
,,,,,,,,,,,,,,
,,,,,,,,,,,,,,
,,,,,,,,,,,,,,
,,,,,,,,,,,,,,
,,,,,,,,,,,,,,
,,,,,,,,,,,,,,
,,,,,,,,,,,,,,
,,,,,,,,,,,,,,
,,,,,,,,,,,,,,
,,,,,,,,,,,,,,
,,,,,,,,,,,,,,
,,,,,,,,,,,,,,
,,,,,,,,,,,,,,
,,,,,,,,,,,,,,
,,,,,,,,,,,,,,
,,,,,,,,,,,,,,
,,,,,,,,,,,,,,
,,,,,,,,,,,,,,
,,,,,,,,,,,,,,
,,,,,,,,,,,,,,
,,,,,,,,,,,,,,
,,,,,,,,,,,,,,
,,,,,,,,,,,,,,
,,,,,,,,,,,,,,
,,,,,,,,,,,,,,
,,,,,,,,,,,,,,
,,,,,,,,,,,,,,
,,,,,,,,,,,,,,
,,,,,,,,,,,,,,
,,,,,,,,,,,,,,
,,,,,,,,,,,,,,
,,,,,,,,,,,,,,
,,,,,,,,,,,,,,
,,,,,,,,,,,,,,
,,,,,,,,,,,,,,
,,,,,,,,,,,,,,
,,,,,,,,,,,,,,
,,,,,,,,,,,,,,
,,,,,,,,,,,,,,
,,,,,,,,,,,,,,
,,,,,,,,,,,,,,
,,,,,,,,,,,,,,
,,,,,,,,,,,,,,
,,,,,,,,,,,,,,
,,,,,,,,,,,,,,
,,,,,,,,,,,,,,
,,,,,,,,,,,,,,
,,,,,,,,,,,,,,
,,,,,,,,,,,,,,
,,,,,,,,,,,,,,
,,,,,,,,,,,,,,
,,,,,,,,,,,,,,
,,,,,,,,,,,,,,
,,,,,,,,,,,,,,
,,,,,,,,,,,,,,
,,,,,,,,,,,,,,
,,,,,,,,,,,,,,
,,,,,,,,,,,,,,
,,,,,,,,,,,,,,
,,,,,,,,,,,,,,
,,,,,,,,,,,,,,
,,,,,,,,,,,,,,
,,,,,,,,,,,,,,
,,,,,,,,,,,,,,
,,,,,,,,,,,,,,
,,,,,,,,,,,,,,
,,,,,,,,,,,,,,
,,,,,,,,,,,,,,
,,,,,,,,,,,,,,
,,,,,,,,,,,,,,
,,,,,,,,,,,,,,
,,,,,,,,,,,,,,
,,,,,,,,,,,,,,
,,,,,,,,,,,,,,
,,,,,,,,,,,,,,
,,,,,,,,,,,,,,
,,,,,,,,,,,,,,
,,,,,,,,,,,,,,
,,,,,,,,,,,,,,
,,,,,,,,,,,,,,
,,,,,,,,,,,,,,
,,,,,,,,,,,,,,
,,,,,,,,,,,,,,
,,,,,,,,,,,,,,
,,,,,,,,,,,,,,
,,,,,,,,,,,,,,
,,,,,,,,,,,,,,
,,,,,,,,,,,,,,
,,,,,,,,,,,,,,
,,,,,,,,,,,,,,
,,,,,,,,,,,,,,
,,,,,,,,,,,,,,
,,,,,,,,,,,,,,
,,,,,,,,,,,,,,
,,,,,,,,,,,,,,
,,,,,,,,,,,,,,
,,,,,,,,,,,,,,
,,,,,,,,,,,,,,
,,,,,,,,,,,,,,
,,,,,,,,,,,,,,
,,,,,,,,,,,,,,
,,,,,,,,,,,,,,
,,,,,,,,,,,,,,
,,,,,,,,,,,,,,
,,,,,,,,,,,,,,
,,,,,,,,,,,,,,
,,,,,,,,,,,,,,
,,,,,,,,,,,,,,
,,,,,,,,,,,,,,
,,,,,,,,,,,,,,
,,,,,,,,,,,,,,
,,,,,,,,,,,,,,
,,,,,,,,,,,,,,
,,,,,,,,,,,,,,
,,,,,,,,,,,,,,
,,,,,,,,,,,,,,
,,,,,,,,,,,,,,
,,,,,,,,,,,,,,
,,,,,,,,,,,,,,
,,,,,,,,,,,,,,
,,,,,,,,,,,,,,
,,,,,,,,,,,,,,
,,,,,,,,,,,,,,
,,,,,,,,,,,,,,
,,,,,,,,,,,,,,
,,,,,,,,,,,,,,
,,,,,,,,,,,,,,
,,,,,,,,,,,,,,
,,,,,,,,,,,,,,
,,,,,,,,,,,,,,
,,,,,,,,,,,,,,
,,,,,,,,,,,,,,
,,,,,,,,,,,,,,
,,,,,,,,,,,,,,
,,,,,,,,,,,,,,
,,,,,,,,,,,,,,
,,,,,,,,,,,,,,
,,,,,,,,,,,,,,
,,,,,,,,,,,,,,
,,,,,,,,,,,,,,
,,,,,,,,,,,,,,
,,,,,,,,,,,,,,
,,,,,,,,,,,,,,
,,,,,,,,,,,,,,
,,,,,,,,,,,,,,
,,,,,,,,,,,,,,
,,,,,,,,,,,,,,
,,,,,,,,,,,,,,
,,,,,,,,,,,,,,
,,,,,,,,,,,,,,
,,,,,,,,,,,,,,
,,,,,,,,,,,,,,
,,,,,,,,,,,,,,
,,,,,,,,,,,,,,
,,,,,,,,,,,,,,
,,,,,,,,,,,,,,
,,,,,,,,,,,,,,
,,,,,,,,,,,,,,
,,,,,,,,,,,,,,
,,,,,,,,,,,,,,
,,,,,,,,,,,,,,
,,,,,,,,,,,,,,
,,,,,,,,,,,,,,
,,,,,,,,,,,,,,
,,,,,,,,,,,,,,
,,,,,,,,,,,,,,
,,,,,,,,,,,,,,
,,,,,,,,,,,,,,
,,,,,,,,,,,,,,
,,,,,,,,,,,,,,
,,,,,,,,,,,,,,
,,,,,,,,,,,,,,
,,,,,,,,,,,,,,
,,,,,,,,,,,,,,
,,,,,,,,,,,,,,
,,,,,,,,,,,,,,
,,,,,,,,,,,,,,
,,,,,,,,,,,,,,
,,,,,,,,,,,,,,
,,,,,,,,,,,,,,
,,,,,,,,,,,,,,
,,,,,,,,,,,,,,
,,,,,,,,,,,,,,
,,,,,,,,,,,,,,
,,,,,,,,,,,,,,
,,,,,,,,,,,,,,
,,,,,,,,,,,,,,
,,,,,,,,,,,,,,
,,,,,,,,,,,,,,
,,,,,,,,,,,,,,
,,,,,,,,,,,,,,
,,,,,,,,,,,,,,
,,,,,,,,,,,,,,
,,,,,,,,,,,,,,
,,,,,,,,,,,,,,
,,,,,,,,,,,,,,
,,,,,,,,,,,,,,
,,,,,,,,,,,,,,
,,,,,,,,,,,,,,
,,,,,,,,,,,,,,
,,,,,,,,,,,,,,
,,,,,,,,,,,,,,
,,,,,,,,,,,,,,
,,,,,,,,,,,,,,
,,,,,,,,,,,,,,
,,,,,,,,,,,,,,
,,,,,,,,,,,,,,
,,,,,,,,,,,,,,
,,,,,,,,,,,,,,
,,,,,,,,,,,,,,
,,,,,,,,,,,,,,
,,,,,,,,,,,,,,
,,,,,,,,,,,,,,
,,,,,,,,,,,,,,
,,,,,,,,,,,,,,
,,,,,,,,,,,,,,
,,,,,,,,,,,,,,
,,,,,,,,,,,,,,
,,,,,,,,,,,,,,
,,,,,,,,,,,,,,
,,,,,,,,,,,,,,
,,,,,,,,,,,,,,
,,,,,,,,,,,,,,
,,,,,,,,,,,,,,
,,,,,,,,,,,,,,
,,,,,,,,,,,,,,
,,,,,,,,,,,,,,
,,,,,,,,,,,,,,
,,,,,,,,,,,,,,
,,,,,,,,,,,,,,
,,,,,,,,,,,,,,
,,,,,,,,,,,,,,
,,,,,,,,,,,,,,
,,,,,,,,,,,,,,
,,,,,,,,,,,,,,
,,,,,,,,,,,,,,
,,,,,,,,,,,,,,
,,,,,,,,,,,,,,
,,,,,,,,,,,,,,
,,,,,,,,,,,,,,
,,,,,,,,,,,,,,
,,,,,,,,,,,,,,
,,,,,,,,,,,,,,
,,,,,,,,,,,,,,
,,,,,,,,,,,,,,
,,,,,,,,,,,,,,
,,,,,,,,,,,,,,
,,,,,,,,,,,,,,
,,,,,,,,,,,,,,
,,,,,,,,,,,,,,
,,,,,,,,,,,,,,
,,,,,,,,,,,,,,
,,,,,,,,,,,,,,
,,,,,,,,,,,,,,
,,,,,,,,,,,,,,
,,,,,,,,,,,,,,
,,,,,,,,,,,,,,
,,,,,,,,,,,,,,
,,,,,,,,,,,,,,
,,,,,,,,,,,,,,
,,,,,,,,,,,,,,
,,,,,,,,,,,,,,
,,,,,,,,,,,,,,
,,,,,,,,,,,,,,
,,,,,,,,,,,,,,
,,,,,,,,,,,,,,
,,,,,,,,,,,,,,
,,,,,,,,,,,,,,
,,,,,,,,,,,,,,
,,,,,,,,,,,,,,
,,,,,,,,,,,,,,
,,,,,,,,,,,,,,
,,,,,,,,,,,,,,
,,,,,,,,,,,,,,
,,,,,,,,,,,,,,
,,,,,,,,,,,,,,
,,,,,,,,,,,,,,
,,,,,,,,,,,,,,
,,,,,,,,,,,,,,
,,,,,,,,,,,,,,
,,,,,,,,,,,,,,
,,,,,,,,,,,,,,
,,,,,,,,,,,,,,
,,,,,,,,,,,,,,
,,,,,,,,,,,,,,
,,,,,,,,,,,,,,
,,,,,,,,,,,,,,
,,,,,,,,,,,,,,
,,,,,,,,,,,,,,
,,,,,,,,,,,,,,
,,,,,,,,,,,,,,
,,,,,,,,,,,,,,
,,,,,,,,,,,,,,
,,,,,,,,,,,,,,
,,,,,,,,,,,,,,
,,,,,,,,,,,,,,
,,,,,,,,,,,,,,
,,,,,,,,,,,,,,
,,,,,,,,,,,,,,
,,,,,,,,,,,,,,
,,,,,,,,,,,,,,
,,,,,,,,,,,,,,
,,,,,,,,,,,,,,
,,,,,,,,,,,,,,
,,,,,,,,,,,,,,
,,,,,,,,,,,,,,
,,,,,,,,,,,,,,
,,,,,,,,,,,,,,
,,,,,,,,,,,,,,
,,,,,,,,,,,,,,
,,,,,,,,,,,,,,
,,,,,,,,,,,,,,
,,,,,,,,,,,,,,
,,,,,,,,,,,,,,
,,,,,,,,,,,,,,
,,,,,,,,,,,,,,
,,,,,,,,,,,,,,
,,,,,,,,,,,,,,
,,,,,,,,,,,,,,
,,,,,,,,,,,,,,
,,,,,,,,,,,,,,
,,,,,,,,,,,,,,
,,,,,,,,,,,,,,
,,,,,,,,,,,,,,
,,,,,,,,,,,,,,
,,,,,,,,,,,,,,
,,,,,,,,,,,,,,
,,,,,,,,,,,,,,
,,,,,,,,,,,,,,
,,,,,,,,,,,,,,
,,,,,,,,,,,,,,
,,,,,,,,,,,,,,
,,,,,,,,,,,,,,
,,,,,,,,,,,,,,
,,,,,,,,,,,,,,
,,,,,,,,,,,,,,
,,,,,,,,,,,,,,
,,,,,,,,,,,,,,
,,,,,,,,,,,,,,
,,,,,,,,,,,,,,
,,,,,,,,,,,,,,
,,,,,,,,,,,,,,
,,,,,,,,,,,,,,
,,,,,,,,,,,,,,
,,,,,,,,,,,,,,
,,,,,,,,,,,,,,
,,,,,,,,,,,,,,
,,,,,,,,,,,,,,
,,,,,,,,,,,,,,
,,,,,,,,,,,,,,
,,,,,,,,,,,,,,
,,,,,,,,,,,,,,
,,,,,,,,,,,,,,
,,,,,,,,,,,,,,
,,,,,,,,,,,,,,
,,,,,,,,,,,,,,
,,,,,,,,,,,,,,
,,,,,,,,,,,,,,
,,,,,,,,,,,,,,
,,,,,,,,,,,,,,
,,,,,,,,,,,,,,
,,,,,,,,,,,,,,
,,,,,,,,,,,,,,
,,,,,,,,,,,,,,
,,,,,,,,,,,,,,
,,,,,,,,,,,,,,
,,,,,,,,,,,,,,
,,,,,,,,,,,,,,
,,,,,,,,,,,,,,
,,,,,,,,,,,,,,