year,site,season,date,plot,herb,shrub,grass,cactus,bare,rock,forb
2004,PBM,,,1,48,0,22,0,94,0,0
2004,PBM,,,2,38,73,23,0,35,0,0
2004,PBM,,,3,54,46,38,0,31,0,0
2004,PBM,,,4,70,0,63,0,27,0,0
2004,PBM,,,5,130,0,3.5,0,36,0,0
2004,PFEILER,,,1,159,0,5,0,5,0,0
2004,PFEILER,,,2,61,35,19,0,53,0,0
2004,PFEILER,,,3,119,0,29,0,24,0,0
2004,PFEILER,,,4,100,0,55,0,16,0,0
2004,PFEILER,,,5,115,0,20,0,33,0,0
2004,ROAD,,,1,53,20,85,0,12,0,0
2004,ROAD,,,2,125,13,18,0,11,0,0
2004,ROAD,,,3,70,33,35,0,25,0,0
2004,ROAD,,,4,37,96,30,0,6,0,0
2004,ROAD,,,5,57,89,22,0,0,0,0
2004,CBT,,,1,26,24,82,0,36,0,0
2004,CBT,,,2,60,40,57,0,17,0,0
2004,CBT,,,3,29,29,109,0,2,0,0
2004,CBT,,,4,22,99,40,0,7,0,0
2004,CBT,,,5,48,7,108,0,6,0,0
2006,ALMONT,,2006-06-08,RP1,7,34,14,0,0,0,114
2006,ALMONT,,2006-06-08,RP2,11,54,0,4,0,0,104
2006,ALMONT,,2006-06-08,RP3,42,28,37,7,0,0,62
2006,ALMONT,,2006-06-08,RP4,16,73,30,0,0,0,50
2006,ALMONT,,2006-06-08,RP5,10,60,24,0,0,0,75
2006,ALMONT,,2006-06-28,1,0,48,26,0,0,0,95
2006,ALMONT,,2006-06-28,2,0,77,0,4,0,0,92
2006,ALMONT,,2006-06-28,3,26,30,28,7,0,0,85
2006,ALMONT,,2006-06-28,4,8,73,35,0,0,0,53
2006,ALMONT,,2006-06-28,5,4,32,21,0,0,0,112
2006,CBT,,2006-06-09,1,17,73,25,0,0,0,54
2006,CBT,,2006-06-09,2,42,8,47,0,0,0,72
2006,CBT,,2006-06-09,3,52,36,24,0,0,0,57
2006,CBT,,2006-06-09,4,110,0,24,0,0,0,35
2006,CBT,,2006-06-09,5,64,0,94,0,0,0,11
2006,CBT,,2006-06-23,RP1,19,130,15,0,0,0,5
2006,CBT,,2006-06-23,RP2,94,0,60,0,0,0,15
2006,CBT,,2006-06-23,RP3,30,76,62,0,0,0,1
2006,CBT,,2006-06-23,RP4,99,0,56,0,0,0,14
2006,CBT,,2006-06-23,RP5,62,0,101,0,0,0,6
2006,CBT,,2006-07-07,1,31,75,30,0,0,0,33
2006,CBT,,2006-07-07,2,88,0,58,0,0,0,23
2006,CBT,,2006-07-07,3,60,68,40,0,0,0,1
2006,CBT,,2006-07-07,4,132,0,30,0,0,0,7
2006,CBT,,2006-07-07,5,86,0,82,0,0,0,1
2006,CBT,,2006-07-21,1,30,88,42,0,0,0,9
2006,CBT,,2006-07-21,2,65,42,53,0,0,0,9
2006,CBT,,2006-07-21,3,58,74,36,0,0,0,1
2006,CBT,,2006-07-21,4,125,0,37,0,0,0,7
2006,CBT,,2006-07-21,5,93,0,66,0,0,0,10
2006,ROAD,,2006-06-14,RP1,62,52,44,0,0,0,11
2006,ROAD,,2006-06-14,RP2,80,10,59,0,0,0,20
2006,ROAD,,2006-06-14,RP3,88,5,51,0,0,0,25
2006,ROAD,,2006-06-14,RP4,74,80,9,0,0,0,6
2006,ROAD,,2006-06-14,RP5,59,64,46,0,0,0,0
2006,ROAD,,2006-07-05,1,33,69,47,0,0,0,20
2006,ROAD,,2006-07-05,2,95,16,43,0,0,0,15
2006,ROAD,,2006-07-05,3,132,3,19,0,0,0,15
2006,ROAD,,2006-07-05,4,54,75,34,0,0,0,6
2006,ROAD,,2006-07-05,5,78,68,17,0,0,0,1
2006,PFEILER,,2006-06-21,RP1,142,0,21,0,0,0,6
2006,PFEILER,,2006-06-21,RP2,71,53,33,0,0,0,12
2006,PFEILER,,2006-06-21,RP3,125,0,32,0,0,0,12
2006,PFEILER,,2006-06-21,RP4,85,0,54,0,0,0,30
2006,PFEILER,,2006-06-21,RP5,105,0,38,0,0,0,26
2006,PFEILER,,2006-07-11,1,141,0,28,0,0,0,0
2006,PFEILER,,2006-07-11,2,103,53,13,0,0,0,0
2006,PFEILER,,2006-07-11,3,102,0,65,0,0,0,2
2006,PFEILER,,2006-07-11,4,121,0,33,0,0,0,15
2006,PFEILER,,2006-07-11,5,115,0,37,0,0,0,17
2006,PBM,,2006-06-15,RP1,100,0,14,0,0,0,55
2006,PBM,,2006-06-15,RP2,116,0,10,0,0,0,43
2006,PBM,,2006-06-15,RP3,53,76,22,0,0,0,18
2006,PBM,,2006-06-15,RP4,16,0,63,0,0,0,90
2006,PBM,,2006-06-15,RP5,88,0,16,0,0,0,65
2006,PBM,,2006-06-30,1,121,0,0,0,0,0,48
2006,PBM,,2006-06-30,2,158,0,0,0,0,0,11
2006,PBM,,2006-06-30,3,55,43,51,0,0,0,20
2006,PBM,,2006-06-30,4,53,0,45,0,0,0,71
2006,PBM,,2006-06-30,5,114,0,36,0,0,0,19
2006,PBM,,2006-07-17,RP1,139,0,6,0,0,0,24
2006,PBM,,2006-07-17,RP2,164,0,0,0,0,0,5
2006,PBM,,2006-07-17,RP3,27,54,39,0,0,0,49
2006,PBM,,2006-07-17,RP4,56,0,66,0,0,0,47
2006,PBM,,2006-07-17,RP5,103,0,54,0,0,0,12
2006,PBM,,2006-08-01,1,145,0,10,0,0,0,14
2006,PBM,,2006-08-01,2,158,0,11,0,0,0,0
2006,PBM,,2006-08-01,3,41,55,71,0,0,0,2
2006,PBM,,2006-08-01,4,66,0,71,0,0,0,32
2006,PBM,,2006-08-01,5,120,0,45,0,0,0,4
2007,ALMONT,,2007-06-10,1,15,49,48,4,53,0,0
2007,ALMONT,,2007-06-10,2,12,41,23,0,93,0,0
2007,ALMONT,,2007-06-10,3,18,41,27,0,83,0,0
2007,ALMONT,,2007-06-10,4,4,114,16,0,35,0,0
2007,ALMONT,,2007-06-10,5,10,14,73,1,71,0,0
2007,CBT,,2007-06-14,1,5,40,66,0,58,0,0
2007,CBT,,2007-06-14,2,23,29,101,0,16,0,0
2007,CBT,,2007-06-14,3,49,54,61,0,5,0,0
2007,CBT,,2007-06-14,4,118,0,42,0,9,0,0
2007,CBT,,2007-06-14,5,114,0,43,0,12,0,0
2007,ROAD,,2007-06-18,1,33,34,100,0,2,0,0
2007,ROAD,,2007-06-18,2,79,23,58,0,9,0,0
2007,ROAD,,2007-06-18,3,44,72,47,0,6,0,0
2007,ROAD,,2007-06-18,4,80,18,62,0,9,0,0
2007,ROAD,,2007-06-18,5,38,60,55,0,16,0,0
2008,ALMONT,,2008-06-11,1,3,45,34,0,82,2,0
2008,ALMONT,,2008-06-11,2,5,26,0,0,125,9,0
2008,ALMONT,,2008-06-11,3,6,62,8,0,94,0,0
2008,ALMONT,,2008-06-11,4,18,33,2,0,116,0,0
2008,ALMONT,,2008-06-11,5,9,64,22,0,74,0,0
2008,ROAD,,2008-06-24,1C,34,23,65,0,37,0,0
2008,ROAD,,2008-06-24,1W,53,25,62,0,24,0,0
2008,ROAD,,2008-06-24,2C,63,9,47,0,50,0,0
2008,ROAD,,2008-06-24,2W,73,9,51,0,35,0,0
2008,ROAD,,2008-06-24,3C,27,109,14,0,15,0,0
2008,ROAD,,2008-06-24,3W,74,54,12,0,16,0,0
2008,ROAD,,2008-06-24,4C,91,6,55,0,4,0,0
2008,ROAD,,2008-06-24,4W,83,9,24,0,47,0,0
2008,ROAD,,2008-06-24,5C,74,25,34,0,35,0,0
2008,ROAD,,2008-06-24,5W,73,20,38,0,37,0,0
2008,CBT,,2008-06-16,1,2,0,75,0,92,0,0
2008,CBT,,2008-06-16,2,17,40,110,0,3,0,0
2008,CBT,,2008-06-16,3,6,120,43,0,7,0,0
2008,CBT,,2008-06-16,4,27,0,126,0,17,0,0
2008,CBT,,2008-06-16,5,21,0,118,0,30,0,0
2008,ROAD,,2008-06-24,1C,34,23,65,0,1,0,0
2008,ROAD,,2008-06-24,2W,73,9,52,0,35,0,0
2008,ROAD,,2008-06-24,4C,91,6,55,0,14,0,0
2008,ROAD,,2008-06-24,5C,75,25,34,0,35,0,0
2008,ROAD,,2008-06-24,5W,73,21,38,0,37,0,0
2008,PFEILER,,2008-06-30,1C,148,0,6,0,15,0,0
2008,PFEILER,,2008-06-30,1W,156,0,4,0,9,0,0
2008,PFEILER,,2008-06-30,2C,125,0,35,0,9,0,0
2008,PFEILER,,2008-06-30,2W,142,0,17,0,10,0,0
2008,PFEILER,,2008-06-30,3C,85,27,32,0,25,0,0
2008,PFEILER,,2008-06-30,3W,82,32,23,0,31,0,0
2008,PFEILER,,2008-06-30,4C,80,0,29,0,59,0,0
2008,PFEILER,,2008-06-30,4W,80,0,29,0,60,0,0
2008,PFEILER,,2008-06-30,5C,117,2,10,0,40,0,0
2008,PFEILER,,2008-06-30,5W,80,7,24,0,50,0,0
2008,PBM,,2008-07-18,1C,162,0,0,0,7,0,0
2008,PBM,,2008-07-18,1W,164,0,0,0,5,0,0
2008,PBM,,2008-07-18,2C,166,0,0,0,3,0,0
2008,PBM,,2008-07-18,2W,153,0,0,0,16,0,0
2008,PBM,,2008-07-18,3C,128,0,25,0,16,0,0
2008,PBM,,2008-07-18,3W,70,0,79,0,20,0,0
2008,PBM,,2008-07-18,4C,56,47,50,0,16,0,0
2008,PBM,,2008-07-18,4W,43,57,31,0,38,0,0
2008,PBM,,2008-07-18,5C,65,0,74,0,30,0,0
2008,PBM,,2008-07-18,5W,90,0,62,0,18,0,0
2008,CBT,,2008-07-22,1,4,0,56,0,109,0,0
2008,CBT,,2008-07-22,2,29,30,100,0,10,0,0
2008,CBT,,2008-07-22,3,10,129,16,0,4,0,0
2008,CBT,,2008-07-22,4,90,0,70,0,9,0,0
2008,CBT,,2008-07-22,5,8,0,132,0,29,0,0
2008,ROAD,,2008-07-23,1C,39,39,48,0,44,0,0
2008,ROAD,,2008-07-23,1W,73,40,46,0,10,0,0
2008,ROAD,,2008-07-23,2C,39,30,54,0,46,0,0
2008,ROAD,,2008-07-23,2W,73,30,50,0,16,0,0
2008,ROAD,,2008-07-23,3C,28,128,9,0,4,0,0
2008,ROAD,,2008-07-23,3W,85,70,10,0,3,0,0
2008,ROAD,,2008-07-23,4C,90,10,47,0,22,0,0
2008,ROAD,,2008-07-23,4W,69,9,31,0,16,0,0
2008,ROAD,,2008-07-23,5C,74,34,34,0,27,0,0
2008,ROAD,,2008-07-23,5W,99,23,34,0,13,0,0
2008,PBM,,2008-07-29,1C,162,0,0,0,7,0,0
2008,PBM,,2008-07-29,1W,159,0,5,0,5,0,0
2008,PBM,,2008-07-29,2C,159,0,0,0,8,0,0
2008,PBM,,2008-07-29,2W,155,0,3,0,11,0,0
2008,PBM,,2008-07-29,3C,139,0,23,0,7,0,0
2008,PBM,,2008-07-29,3W,106,0,52,0,11,0,0
2008,PBM,,2008-07-29,4C,55,59,40,0,14,0,0
2008,PBM,,2008-07-29,4W,32,54,34,0,39,0,0
2008,PBM,,2008-07-29,5C,92,0,48,0,29,0,0
2008,PBM,,2008-07-29,5W,70,0,72,0,27,0,0
2008,PFEILER,,2008-08-05,1C,151,0,10,0,8,0,0
2008,PFEILER,,2008-08-05,1W,168,0,0,0,1,0,0
2008,PFEILER,,2008-08-05,2C,144,0,24,0,1,0,0
2008,PFEILER,,2008-08-05,2W,159,0,7,0,3,0,0
2008,PFEILER,,2008-08-05,3C,120,27,12,0,2,0,0
2008,PFEILER,,2008-08-05,3W,121,30,16,0,2,0,0
2008,PFEILER,,2008-08-05,4C,113,0,21,0,35,0,0
2008,PFEILER,,2008-08-05,4W,130,0,27,0,12,0,0
2008,PFEILER,,2008-08-05,5C,128,0,15,0,26,0,0
2008,PFEILER,,2008-08-05,5W,118,0,19,0,32,0,0
2008,PBM,,2008-08-11,1C,163,0,0,0,6,0,0
2008,PBM,,2008-08-11,1W,163,0,2,0,4,0,0
2008,PBM,,2008-08-11,2C,165,0,0,0,4,0,0
2008,PBM,,2008-08-11,2W,160,0,5,0,4,0,0
2008,PBM,,2008-08-11,3C,141,0,23,0,5,0,0
2008,PBM,,2008-08-11,3W,101,0,59,0,9,0,0
2008,PBM,,2008-08-11,4C,47,50,57,0,15,0,0
2008,PBM,,2008-08-11,4W,30,67,43,0,29,0,0
2008,PBM,,2008-08-11,5C,92,0,58,0,19,0,0
2008,PBM,,2008-08-11,5W,73,0,79,0,17,0,0
2009,ALMONT,Peak,2009-06-08,5,32,1,0,0,136,0,0
2009,ALMONT,Peak,2009-06-08,4,5,79,29,0,55,0,0
2009,ALMONT,Peak,2009-06-08,3,1,52,24,0,92,0,0
2009,ALMONT,Peak,2009-06-08,2,3,77,25,0,52,12,0
2009,ALMONT,Peak,2009-06-08,1,7,84,15,0,32,31,0
2009,CBT,Peak,2009-06-15,1,48,0,78,0,43,0,0
2009,CBT,Peak,2009-06-15,2,74,24,66,0,5,0,0
2009,CBT,Peak,2009-06-15,3,22,94,49,0,4,0,0
2009,CBT,Peak,2009-06-15,4,67,0,89,0,13,0,0
2009,CBT,Peak,2009-06-15,5,86,0,52,0,31,0,0
2009,ROAD,Peak,2009-06-16,1,79,2,81,0,7,0,0
2009,ROAD,Peak,2009-06-16,2,107,16,22,0,24,0,0
2009,ROAD,Peak,2009-06-16,3,85,51,26,0,7,0,0
2009,ROAD,Peak,2009-06-16,4,32,60,65,0,12,0,0
2009,ROAD,Peak,2009-06-16,5,52,14,34,0,69,0,0
2009,PFEILER,Peak,2009-06-23,1,120,0,29,0,20,0,0
2009,PFEILER,Peak,2009-06-23,2,157,0,1,0,11,0,0
2009,PFEILER,Peak,2009-06-23,3,115,0,26,0,28,0,0
2009,PFEILER,Peak,2009-06-23,4,103,22,19,0,25,0,0
2009,PFEILER,Peak,2009-06-23,5,84,0,29,0,56,0,0
2009,PBM,Peak,2009-06-29,1,142,0,2,0,25,0,0
2009,PBM,Peak,2009-06-29,2,138,0,0,0,31,0,0
2009,PBM,Peak,2009-06-29,3,115,0,0,0,54,0,0
2009,PBM,Peak,2009-06-29,4,51,0,67,0,51,0,0
2009,PBM,Peak,2009-06-29,5,87,19,25,0,38,0,0
2009,ALMONT,late,2009-07-07,1,12,81,20,0,37,19,0
2009,ALMONT,late,2009-07-07,2,4,70,30,0,65,0,0
2009,ALMONT,late,2009-07-07,3,6,47,16,0,100,0,0
2009,ALMONT,late,2009-07-07,4,9,68,40,0,52,0,0
2009,ALMONT,late,2009-07-07,5,29,1,1,0,138,0,0
2009,CBT,late,2009-07-13,1,50,0,86,0,33,0,0
2009,CBT,late,2009-07-13,2,55,29,83,0,2,0,0
2009,CBT,late,2009-07-13,3,35,100,32,0,2,0,0
2009,CBT,late,2009-07-13,4,115,0,48,0,6,0,0
2009,CBT,late,2009-07-13,5,105,0,45,0,19,0,0
2009,ROAD,late,2009-07-14,1,80,4,79,0,6,0,0
2009,ROAD,late,2009-07-14,2,105,26,18,0,20,0,0
2009,ROAD,late,2009-07-14,3,65,63,30,0,11,0,0
2009,ROAD,late,2009-07-14,4,41,65,54,0,9,0,0
2009,ROAD,late,2009-07-14,5,46,18,30,0,75,0,0
2009,PBM,late,2009-07-28,1,164,0,2,0,3,0,0
2009,PBM,late,2009-07-28,2,164,0,0,0,5,0,0
2009,PBM,late,2009-07-28,3,152,0,0,0,17,0,0
2009,PBM,late,2009-07-28,4,65,0,75,0,29,0,0
2009,PBM,late,2009-07-28,5,97,25,31,0,16,0,0
2011,ALMONT,,2011-06-06,1,4,82,1,0,61,21,0
2011,ALMONT,,2011-06-06,2,0,80,8,0,40,41,0
2011,ALMONT,,2011-06-06,3,0,68,2,0,93,6,0
2011,ALMONT,,2011-06-06,4,55,57,7,0,50,0,0
2011,ALMONT,,2011-06-06,5,12,87,0,1,69,0,0
2011,CBT,,2011-06-13,1,4,98,34,0,33,0,0
2011,CBT,,2011-06-13,2,3,0,102,0,61,3,0
2011,CBT,,2011-06-13,3,5,99,60,0,5,0,0
2011,CBT,,2011-06-13,4,7,0,151,0,11,0,0
2011,CBT,,2011-06-13,5,27,0,96,0,46,0,0
2011,ALMONT,,2011-06-17,1,0,96,4,0,60,9,0
2011,ALMONT,,2011-06-17,2,0,83,4,0,55,27,0
2011,ALMONT,,2011-06-17,3,0,80,1,0,83,5,0
2011,ALMONT,,2011-06-17,4,59,57,9,0,44,0,0
2011,ALMONT,,2011-06-17,5,11,85,1,1,71,0,0
2011,ROAD,,2011-06-21,1,97,10,19,0,43,0,0
2011,ROAD,,2011-06-21,2,72,8,15,0,74,0,0
2011,ROAD,,2011-06-21,3,72,47,9,0,41,0,0
2011,ROAD,,2011-06-21,4,39,99,28,0,3,0,0
2011,ROAD,,2011-06-21,5,119,0,50,0,0,0,0
2011,ALMONT,,2011-06-28,1,0,97,1,0,54,17,0
2011,ALMONT,,2011-06-28,2,0,86,9,0,41,33,0
2011,ALMONT,,2011-06-28,3,0,79,5,0,85,0,0
2011,ALMONT,,2011-06-28,4,59,59,5,0,46,0,0
2011,ALMONT,,2011-06-28,5,8,81,1,0,79,0,0
2011,ROAD,,2011-07-01,1,109,1,12,0,47,0,0
2011,ROAD,,2011-07-01,2,85,12,8,0,64,0,0
2011,ROAD,,2011-07-01,3,80,54,5,0,30,0,0
2011,ROAD,,2011-07-01,4,38,92,38,0,1,0,0
2011,ROAD,,2011-07-01,5,114,0,54,0,1,0,0
2011,CBT,,2011-07-01,1,7,115,32,0,15,0,0
2011,CBT,,2011-07-01,2,15,0,118,0,33,0,0
2011,CBT,,2011-07-01,3,3,102,62,0,2,0,0
2011,CBT,,2011-07-01,4,9,0,155,0,5,0,0
2011,CBT,,2011-07-01,5,56,0,100,0,13,0,0
2011,PBM,,2011-07-12,1,132,0,18,0,19,0,0
2011,PBM,,2011-07-12,2,147,0,1,0,21,0,0
2011,PBM,,2011-07-12,3,156,0,0,0,13,0,0
2011,PBM,,2011-07-12,4,76,0,68,0,25,0,0
2011,PBM,,2011-07-12,5,113,0,11,0,45,0,0
2011,PFEILER,,2011-07-12,1,157,0,6,0,6,0,0
2011,PFEILER,,2011-07-12,2,139,0,20,0,10,0,0
2011,PFEILER,,2011-07-12,3,162,0,5,0,2,0,0
2011,PFEILER,,2011-07-12,4,138,0,22,0,9,0,0
2011,PFEILER,,2011-07-12,5,85,25,30,0,29,0,0
2011,ROAD,,2011-07-12,1,84,40,15,0,30,0,0
2011,ROAD,,2011-07-12,2,71,17,28,0,53,0,0
2011,ROAD,,2011-07-12,3,95,59,3,0,12,0,0
2011,ROAD,,2011-07-12,4,48,80,41,0,0,0,0
2011,ROAD,,2011-07-12,5,121,0,47,0,1,0,0
2011,CBT,,2011-07-12,1,4,116,28,0,21,0,0
2011,CBT,,2011-07-12,2,12,0,124,0,30,3,0
2011,CBT,,2011-07-12,3,0,112,56,0,1,0,0
2011,CBT,,2011-07-12,4,9,0,156,0,4,0,0
2011,CBT,,2011-07-12,5,67,0,91,0,11,0,0
2011,CBT,,2011-07-25,1,3,122,30,0,14,0,0
2011,CBT,,2011-07-25,2,16,0,126,0,24,3,0
2011,CBT,,2011-07-25,3,0,107,61,0,1,0,0
2011,CBT,,2011-07-25,4,3,0,165,0,1,0,0
2011,CBT,,2011-07-25,5,64,0,102,0,3,0,0
2011,ROAD,,2011-07-25,1,86,54,12,0,17,0,0
2011,ROAD,,2011-07-25,2,86,22,23,0,38,0,0
2011,ROAD,,2011-07-25,3,89,73,3,0,4,0,0
2011,ROAD,,2011-07-25,4,36,98,35,0,0,0,0
2011,ROAD,,2011-07-25,5,113,0,55,0,1,0,0
2011,PFEILER,,2011-07-25,1,165,0,4,0,0,0,0
2011,PFEILER,,2011-07-25,2,149,0,16,0,4,0,0
2011,PFEILER,,2011-07-25,3,160,0,8,0,1,0,0
2011,PFEILER,,2011-07-25,4,149,0,20,0,0,0,0
2011,PFEILER,,2011-07-25,5,108,28,29,0,4,0,0
2011,PBM,,2011-07-25,1,166,0,2,0,1,0,0
2011,PBM,,2011-07-25,2,165,0,2,0,2,0,0
2011,PBM,,2011-07-25,3,168,0,0,0,1,0,0
2011,PBM,,2011-07-25,4,85,0,78,0,6,0,0
2011,PBM,,2011-07-25,5,128,0,13,0,28,0,0
2011,CBT,,2011-08-03,1,0,117,30,0,22,0,0
2011,CBT,,2011-08-03,2,10,0,117,0,38,4,0
2011,CBT,,2011-08-03,3,0,110,58,0,1,0,0
2011,CBT,,2011-08-03,4,2,166,0,0,1,0,0
2011,CBT,,2011-08-03,5,57,0,109,0,3,0,0
2011,ROAD,,2011-08-03,1,79,54,14,0,22,0,0
2011,ROAD,,2011-08-03,2,51,14,15,0,89,0,0
2011,ROAD,,2011-08-03,3,73,51,2,0,43,0,0
2011,ROAD,,2011-08-03,4,60,61,47,0,1,0,0
2011,ROAD,,2011-08-03,5,114,0,55,0,0,0,0
2011,PFEILER,,2011-08-03,1,167,0,2,0,0,0,0
2011,PFEILER,,2011-08-03,2,146,0,21,0,2,0,0
2011,PFEILER,,2011-08-03,3,163,0,4,0,2,0,0
2011,PFEILER,,2011-08-03,4,148,2,19,0,0,0,0
2011,PFEILER,,2011-08-03,5,108,26,32,0,3,0,0
2011,PBM,,2011-08-03,1,165,0,4,0,0,0,0
2011,PBM,,2011-08-03,2,163,0,4,0,2,0,0
2011,PBM,,2011-08-03,3,159,0,0,0,10,0,0
2011,PBM,,2011-08-03,4,65,0,100,0,4,0,0
2011,PBM,,2011-08-03,5,118,0,10,0,41,0,0
2012,ALMONT,,2012-05-09,5,0,59,41,0,69,0,0
2012,ALMONT,,2012-05-09,4,1,53,24,1,90,0,0
2012,ALMONT,,2012-05-09,3,4,44,33,0,88,0,0
2012,ALMONT,,2012-05-09,2,0,71,6,0,73,19,0
2012,ALMONT,,2012-05-09,1,2,109,14,0,33,11,0
2012,CBT,,2012-05-18,1,18,11,40,0,100,0,0
2012,CBT,,2012-05-18,2,12,35,38,0,84,0,0
2012,CBT,,2012-05-18,3,0,13,153,0,3,0,0
2012,CBT,,2012-05-18,4,14,0,142,0,13,0,0
2012,CBT,,2012-05-18,5,19,0,103,0,47,0,0
2012,ROAD,,2012-05-23,1,103,12,19,0,28,7,0
2012,ROAD,,2012-05-23,2,70,28,10,0,61,0,0
2012,ROAD,,2012-05-23,3,71,39,15,0,44,0,0
2012,ROAD,,2012-05-23,4,105,0,57,0,7,0,0
2012,ROAD,,2012-05-23,5,114,0,52,0,3,0,0
2012,PFEILER,,2012-05-22,1,36,0,54,0,79,0,0
2012,PFEILER,,2012-05-22,2,84,0,13,0,72,0,0
2012,PFEILER,,2012-05-22,3,91,0,13,0,65,0,0
2012,PFEILER,,2012-05-22,4,38,0,55,0,76,0,0
2012,PFEILER,,2012-05-22,5,37,38,27,0,67,0,0
2012,ALMONT,,2012-05-30,1,2,111,12,0,40,4,0
2012,ALMONT,,2012-05-30,2,0,62,6,0,79,22,0
2012,ALMONT,,2012-05-30,3,4,47,35,0,83,0,0
2012,ALMONT,,2012-05-30,4,0,59,26,1,83,0,0
2012,ALMONT,,2012-05-30,5,0,66,33,0,70,0,0
2012,ROAD,,2012-06-04,1,97,24,8,0,34,6,0
2012,ROAD,,2012-06-04,2,46,54,8,0,61,0,0
2012,ROAD,,2012-06-04,3,63,48,11,0,47,0,0
2012,ROAD,,2012-06-04,4,102,0,56,0,11,0,0
2012,ROAD,,2012-06-04,5,123,0,46,0,0,0,0
2012,CBT,,2012-06-04,1,12,12,34,0,111,0,0
2012,CBT,,2012-06-04,2,7,55,31,0,76,0,0
2012,CBT,,2012-06-04,3,1,16,150,0,2,0,0
2012,CBT,,2012-06-04,4,16,0,140,0,13,0,0
2012,CBT,,2012-06-04,5,17,0,107,0,45,0,0
2012,PFEILER,,2012-06-07,1,43,0,68,0,58,0,0
2012,PFEILER,,2012-06-07,2,133,0,18,0,18,0,0
2012,PFEILER,,2012-06-07,3,150,0,13,0,6,0,0
2012,PFEILER,,2012-06-07,4,63,0,52,0,54,0,0
2012,PFEILER,,2012-06-07,5,41,29,40,0,59,0,0
2012,PBM,,2012-06-07,1,94,0,46,0,29,0,0
2012,PBM,,2012-06-07,2,98,0,2,0,69,0,0
2012,PBM,,2012-06-07,3,131,0,0,0,38,0,0
2012,PBM,,2012-06-07,4,106,0,51,0,12,0,0
2012,PBM,,2012-06-07,5,66,0,38,0,65,0,0
2012,ALMONT,,2012-06-11,1,2,108,13,0,42,4,0
2012,ALMONT,,2012-06-11,2,0,69,5,0,74,21,0
2012,ALMONT,,2012-06-11,3,3,40,41,0,85,0,0
2012,ALMONT,,2012-06-11,4,0,52,26,1,90,0,0
2012,ALMONT,,2012-06-11,5,0,58,34,0,77,0,0
2012,PBM,,2012-06-18,1,104,51,0,0,14,0,0
2012,PBM,,2012-06-18,2,113,0,1,0,55,0,0
2012,PBM,,2012-06-18,3,157,0,0,0,12,0,0
2012,PBM,,2012-06-18,4,102,0,48,0,19,0,0
2012,PBM,,2012-06-18,5,72,0,26,0,69,2,0
2012,PFEILER,,2012-06-21,1,82,0,39,0,48,0,0
2012,PFEILER,,2012-06-21,2,138,0,11,0,20,0,0
2012,PFEILER,,2012-06-21,3,139,0,6,0,24,0,0
2012,PFEILER,,2012-06-21,4,69,0,51,0,49,0,0
2012,PFEILER,,2012-06-21,5,58,22,37,0,52,0,0
2012,ROAD,,2012-06-21,1,89,32,13,0,28,7,0
2012,ROAD,,2012-06-21,2,50,53,8,0,58,0,0
2012,ROAD,,2012-06-21,3,55,46,13,0,55,0,0
2012,ROAD,,2012-06-21,4,106,0,44,0,19,0,0
2012,ROAD,,2012-06-21,5,120,0,49,0,0,0,0
2012,CBT,,2012-06-25,1,15,21,18,0,115,0,0
2012,CBT,,2012-06-25,2,6,52,30,0,71,0,0
2012,CBT,,2012-06-25,3,0,26,141,0,2,0,0
2012,CBT,,2012-06-25,4,18,0,136,0,15,0,0
2012,CBT,,2012-06-25,5,17,0,108,0,44,0,0
2012,ALMONT,,2012-06-27,1,1,98,0,0,54,3,0
2012,ALMONT,,2012-06-27,2,0,60,2,0,79,20,0
2012,ALMONT,,2012-06-27,3,0,42,0,0,89,0,0
2012,ALMONT,,2012-06-27,4,0,48,0,1,92,0,0
2012,ALMONT,,2012-06-27,5,0,61,0,0,73,0,0
2012,ROAD,,2012-07-03,1,73,44,19,0,26,7,0
2012,ROAD,,2012-07-03,2,46,56,8,0,59,0,0
2012,ROAD,,2012-07-03,3,37,65,2,0,39,0,0
2012,ROAD,,2012-07-03,4,100,0,63,0,6,0,0
2012,ROAD,,2012-07-03,5,120,0,49,0,0,0,0
2012,PBM,,2012-07-03,1,111,0,46,0,12,0,0
2012,PBM,,2012-07-03,2,138,0,1,0,30,0,0
2012,PBM,,2012-07-03,3,156,0,0,0,13,0,0
2012,PBM,,2012-07-03,4,115,0,36,0,18,0,0
2012,PBM,,2012-07-03,5,70,0,26,0,73,0,0
2012,PFEILER,,2012-07-09,1,80,0,54,0,35,0,0
2012,PFEILER,,2012-07-09,2,141,0,20,0,8,0,0
2012,PFEILER,,2012-07-09,3,144,0,18,0,7,0,0
2012,PFEILER,,2012-07-09,4,105,0,44,0,20,0,0
2012,PFEILER,,2012-07-09,5,81,26,32,0,30,0,0
2012,PBM,,2012-07-16,1,111,0,52,0,6,0,0
2012,PBM,,2012-07-16,2,133,0,6,0,30,0,0
2012,PBM,,2012-07-16,3,159,0,0,0,10,0,0
2012,PBM,,2012-07-16,4,118,0,40,0,11,0,0
2012,PBM,,2012-07-16,5,79,0,23,0,67,0,0
2012,CINNAMON,,2012-07-23,1,80,0,37,0,48,4,0
2012,CINNAMON,,2012-07-23,2,94,0,36,0,38,1,0
2012,CINNAMON,,2012-07-23,3,86,0,50,0,30,3,0
2012,CINNAMON,,2012-07-23,4,85,0,58,0,26,0,0
2012,CINNAMON,,2012-07-23,5,92,0,55,0,18,4,0
2012,CBT,,2012-07-24,1,11,22,32,0,93,0,0
2012,CBT,,2012-07-24,2,20,61,38,0,43,0,0
2012,CBT,,2012-07-24,3,0,37,132,0,0,0,0
2012,CBT,,2012-07-24,4,32,0,120,0,17,0,0
2012,CBT,,2012-07-24,5,14,0,122,0,23,0,0
2012,ROAD,,2012-07-24,1,74,55,17,0,15,4,0
2012,ROAD,,2012-07-24,2,51,62,12,0,44,0,0
2012,ROAD,,2012-07-24,3,49,55,24,0,41,0,0
2012,ROAD,,2012-07-24,4,106,0,58,0,5,0,0
2012,ROAD,,2012-07-24,5,117,0,50,0,2,0,0
2012,PFEILER,,2012-07-24,1,101,0,47,0,21,0,0
2012,PFEILER,,2012-07-24,2,120,0,37,0,8,0,0
2012,PFEILER,,2012-07-24,3,108,11,34,0,3,0,0
2012,PFEILER,,2012-07-24,4,109,4,43,0,13,0,0
2012,PFEILER,,2012-07-24,5,96,23,40,0,10,0,0
2012,PBM,,2012-08-09,1,87,0,65,0,17,0,0
2012,PBM,,2012-08-09,2,75,0,14,0,80,0,0
2012,PBM,,2012-08-09,3,75,0,0,0,94,0,0
2012,PBM,,2012-08-09,4,120,0,30,0,19,0,0
2012,PBM,,2012-08-09,5,74,0,26,0,69,0,0
2013,ALMONT,,2013-05-19,1,1,66,18,0,62,22,0
2013,ALMONT,,2013-05-19,2,13,54,23,0,74,5,0
2013,ALMONT,,2013-05-19,3,14,59,17,0,77,2,0
2013,ALMONT,,2013-05-19,4,13,37,9,0,110,0,0
2013,ALMONT,,2013-05-19,5,4,67,8,0,90,0,0
2013,CBT,,2013-05-22,1,8,36,44,0,78,0,0
2013,CBT,,2013-05-22,2,7,33,129,0,0,0,0
2013,CBT,,2013-05-22,3,0,0,167,0,2,0,0
2013,CBT,,2013-05-22,4,24,0,31,0,81,33,0
2013,CBT,,2013-05-22,5,29,37,63,0,40,0,0
2013,ALMONT,,2013-06-12,1,2,71,12,0,61,23,0
2013,ALMONT,,2013-06-12,2,12,57,37,0,58,5,0
2013,ALMONT,,2013-06-12,3,14,76,20,0,58,1,0
2013,ALMONT,,2013-06-12,4,30,38,18,0,83,0,0
2013,ALMONT,,2013-06-12,5,4,71,9,0,85,0,0
2013,CBT,,2013-06-12,1,17,45,42,0,65,0,0
2013,CBT,,2013-06-12,2,37,0,106,0,26,0,0
2013,CBT,,2013-06-12,3,0,0,167,0,2,0,0
2013,CBT,,2013-06-12,4,61,1,40,0,67,0,0
2013,CBT,,2013-06-12,5,48,41,77,0,3,0,0
2013,PFEILER,,2013-06-12,1,87,0,34,0,48,0,0
2013,PFEILER,,2013-06-12,2,107,0,22,0,40,0,0
2013,PFEILER,,2013-06-12,3,153,0,2,0,14,0,0
2013,PFEILER,,2013-06-12,4,94,0,37,0,38,0,0
2013,PFEILER,,2013-06-12,5,65,34,25,0,45,0,0
2013,ROAD,,2013-06-12,1,43,30,44,0,52,0,0
2013,ROAD,,2013-06-12,2,61,39,12,0,57,0,0
2013,ROAD,,2013-06-12,3,66,67,20,0,16,0,0
2013,ROAD,,2013-06-12,4,53,51,59,0,6,0,0
2013,ROAD,,2013-06-12,5,139,0,28,0,2,0,0
2013,ALMONT,,2013-06-21,1,2,70,7,0,65,25,0
2013,ALMONT,,2013-06-21,2,18,58,19,0,69,5,0
2013,ALMONT,,2013-06-21,3,17,75,15,0,59,3,0
2013,ALMONT,,2013-06-21,4,28,39,12,0,90,0,0
2013,ALMONT,,2013-06-21,5,4,78,4,0,83,0,0
2013,PBM,,2013-06-24,1,120,0,19,0,30,0,0
2013,PBM,,2013-06-24,2,152,0,6,0,11,0,0
2013,PBM,,2013-06-24,3,163,0,0,0,6,0,0
2013,PBM,,2013-06-24,4,124,0,33,0,12,0,0
2013,PBM,,2013-06-24,5,93,0,4,0,64,8,0
2013,PFEILER,,2013-06-24,1,88,0,42,0,39,0,0
2013,PFEILER,,2013-06-24,2,138,0,25,0,6,0,0
2013,PFEILER,,2013-06-24,3,165,0,2,0,2,0,0
2013,PFEILER,,2013-06-24,4,119,0,32,0,18,0,0
2013,PFEILER,,2013-06-24,5,74,38,29,0,28,0,0
2013,CBT,,2013-07-01,1,24,63,28,0,54,0,0
2013,CBT,,2013-07-01,2,45,0,111,0,13,0,0
2013,CBT,,2013-07-01,3,0,0,167,0,2,0,0
2013,CBT,,2013-07-01,4,77,1,44,0,47,0,0
2013,CBT,,2013-07-01,5,51,49,63,0,6,0,0
2013,ROAD,,2013-07-09,1,66,49,18,0,36,0,0
2013,ROAD,,2013-07-09,2,65,63,9,0,31,1,0
2013,ROAD,,2013-07-09,3,76,74,5,0,14,0,0
2013,ROAD,,2013-07-09,4,44,79,40,0,6,0,0
2013,ROAD,,2013-07-09,5,147,0,21,0,1,0,0
2013,CBT,,2013-07-18,1,21,71,21,0,56,0,0
2013,CBT,,2013-07-18,2,85,0,76,0,8,0,0
2013,CBT,,2013-07-18,3,0,0,167,0,2,0,0
2013,CBT,,2013-07-18,4,100,2,36,0,31,0,0
2013,CBT,,2013-07-18,5,58,52,57,0,2,0,0
2013,ROAD,,2013-07-18,1,63,54,18,0,34,0,0
2013,ROAD,,2013-07-18,2,58,69,11,0,29,2,0
2013,ROAD,,2013-07-18,3,72,83,8,0,6,0,0
2013,ROAD,,2013-07-18,4,47,76,40,0,6,0,0
2013,ROAD,,2013-07-18,5,147,0,22,0,0,0,0
2013,PFEILER,,2013-07-22,1,117,0,28,0,24,0,0
2013,PFEILER,,2013-07-22,2,128,0,35,0,6,0,0
2013,PFEILER,,2013-07-22,3,166,0,1,0,2,0,0
2013,PFEILER,,2013-07-22,4,132,0,26,0,11,0,0
2013,PFEILER,,2013-07-22,5,97,45,15,0,12,0,0
2013,PBM,,2013-07-29,1,130,0,33,0,6,0,0
2013,PBM,,2013-07-29,2,111,0,22,0,36,0,0
2013,PBM,,2013-07-29,3,139,0,0,0,30,0,0
2013,PBM,,2013-07-29,4,98,0,48,0,23,0,0
2013,PBM,,2013-07-29,5,74,0,7,0,83,5,0
2013,PFEILER,,2013-07-29,1,117,0,35,0,17,0,0
2013,PFEILER,,2013-07-29,2,115,0,46,0,8,0,0
2013,PFEILER,,2013-07-29,3,165,0,3,0,1,0,0
2013,PFEILER,,2013-07-29,4,129,0,31,0,9,0,0
2013,PFEILER,,2013-07-29,5,96,43,19,0,11,0,0
2013,CBT,,2013-07-30,1,23,67,22,0,57,0,0
2013,CBT,,2013-07-30,2,63,0,98,0,8,0,0
2013,CBT,,2013-07-30,3,0,0,167,0,2,0,0
2013,CBT,,2013-07-30,4,77,3,53,0,36,0,0
2013,CBT,,2013-07-30,5,58,58,52,0,1,0,0
2013,CINNAMON,,2013-07-31,1,53,0,63,0,53,0,0
2013,CINNAMON,,2013-07-31,2,93,0,52,0,24,0,0
2013,CINNAMON,,2013-07-31,3,61,0,68,0,40,0,0
2013,CINNAMON,,2013-07-31,4,68,0,59,0,42,0,0
2013,CINNAMON,,2013-07-31,5,91,0,49,0,27,2,0
2014,ALMONT,,2014-06-03,1,15,83,6,0,51,14,0
2014,ALMONT,,2014-06-03,2,32,35,29,0,61,12,0
2014,ALMONT,,2014-06-03,3,19,65,31,0,51,3,0
2014,ALMONT,,2014-06-03,4,36,52,18,1,62,0,0
2014,ALMONT,,2014-06-03,5,15,78,14,0,62,0,0
2014,CBT,,2014-06-10,1,43,41,41,0,44,0,0
2014,CBT,,2014-06-10,2,3,31,133,0,2,0,0
2014,CBT,,2014-06-10,3,86,0,73,0,10,0,0
2014,CBT,,2014-06-10,4,71,46,49,0,3,0,0
2014,CBT,,2014-06-10,5,0,0,165,0,4,0,0
2014,ALMONT,,2014-06-15,1,16,80,4,0,54,15,0
2014,ALMONT,,2014-06-15,2,33,35,25,0,68,8,0
2014,ALMONT,,2014-06-15,3,22,69,25,0,51,2,0
2014,ALMONT,,2014-06-15,4,33,53,14,1,68,0,0
2014,ALMONT,,2014-06-15,5,10,78,15,0,66,0,0
2014,ROAD,,2014-06-17,1,78,37,10,0,44,0,0
2014,ROAD,,2014-06-17,2,81,34,13,0,41,0,0
2014,ROAD,,2014-06-17,3,77,33,30,0,29,0,0
2014,ROAD,,2014-06-17,4,107,0,37,0,25,0,0
2014,ROAD,,2014-06-17,5,124,0,42,0,3,0,0
2014,PFEILER,,2014-06-24,1,110,0,20,0,39,0,0
2014,PFEILER,,2014-06-24,2,138,0,8,0,23,0,0
2014,PFEILER,,2014-06-24,3,161,0,2,0,6,0,0
2014,PFEILER,,2014-06-24,4,106,0,37,0,26,0,0
2014,PFEILER,,2014-06-24,5,67,41,34,0,27,0,0
2014,CBT,,2014-06-27,1,35,56,55,0,43,0,0
2014,CBT,,2014-06-27,2,2,43,122,0,2,0,0
2014,CBT,,2014-06-27,3,98,0,64,0,7,0,0
2014,CBT,,2014-06-27,4,52,57,54,0,6,0,0
2014,CBT,,2014-06-27,5,2,0,164,0,3,0,0
2014,PBM,,2014-07-01,1,116,0,24,0,29,0,0
2014,PBM,,2014-07-01,2,131,0,0,0,38,0,0
2014,PBM,,2014-07-01,3,98,0,21,0,50,0,0
2014,PBM,,2014-07-01,4,83,0,9,0,73,4,0
2014,PBM,,2014-07-01,5,100,0,16,0,53,0,0
2014,ROAD,,2014-07-02,1,70,48,5,0,46,0,0
2014,ROAD,,2014-07-02,2,76,40,10,0,43,0,0
2014,ROAD,,2014-07-02,3,77,40,31,0,21,0,0
2014,ROAD,,2014-07-02,4,110,0,31,0,28,0,0
2014,ROAD,,2014-07-02,5,149,0,20,0,0,0,0
2014,ALMONT,,2014-07-08,1,13,80,6,0,54,16,0
2014,ALMONT,,2014-07-08,2,20,36,24,0,81,8,0
2014,ALMONT,,2014-07-08,3,6,69,23,0,68,3,0
2014,ALMONT,,2014-07-08,4,24,55,18,1,71,0,0
2014,ALMONT,,2014-07-08,5,10,71,11,0,77,0,0
2014,PFEILER,,2014-07-10,1,103,0,22,0,44,0,0
2014,PFEILER,,2014-07-10,2,147,9,13,0,0,0,0
2014,PFEILER,,2014-07-10,3,159,0,6,0,4,0,0
2014,PFEILER,,2014-07-10,4,88,0,43,0,38,0,0
2014,PFEILER,,2014-07-10,5,59,43,37,0,30,0,0
2014,CBT,,2014-07-15,1,23,68,35,0,41,0,0
2014,CBT,,2014-07-15,2,1,48,118,0,2,0,0
2014,CBT,,2014-07-15,3,99,0,61,0,9,0,0
2014,CBT,,2014-07-15,4,64,59,41,0,5,0,0
2014,CBT,,2014-07-15,5,2,0,164,0,3,0,0
2014,PBM,,2014-07-16,1,131,0,29,0,9,0,0
2014,PBM,,2014-07-16,2,159,0,0,0,10,0,0
2014,PBM,,2014-07-16,3,147,0,2,0,20,0,0
2014,PBM,,2014-07-16,4,113,0,9,0,47,4,0
2014,PBM,,2014-07-16,5,98,0,13,0,58,0,0
2014,ROAD,,2014-07-17,1,53,68,6,0,42,0,0
2014,ROAD,,2014-07-17,2,46,82,19,0,22,0,0
2014,ROAD,,2014-07-17,3,91,31,33,0,14,0,0
2014,ROAD,,2014-07-17,4,114,0,29,0,26,0,0
2014,ROAD,,2014-07-17,5,142,0,27,0,0,0,0
2014,PFEILER,,2014-07-21,1,134,0,14,0,21,0,0
2014,PFEILER,,2014-07-21,2,152,0,13,0,4,0,0
2014,PFEILER,,2014-07-21,3,160,0,3,0,6,0,0
2014,PFEILER,,2014-07-21,4,120,0,28,0,21,0,0
2014,PFEILER,,2014-07-21,5,88,49,19,0,13,0,0
2014,PBM,,2014-07-21,1,139,0,24,0,6,0,0
2014,PBM,,2014-07-21,2,157,0,1,0,11,0,0
2014,PBM,,2014-07-21,3,150,0,2,0,17,0,0
2014,PBM,,2014-07-21,4,100,0,9,0,56,4,0
2014,PBM,,2014-07-21,5,95,0,15,0,59,0,0
2014,CINNAMON,,2014-08-06,1,80,0,56,0,33,0,0
2014,CINNAMON,,2014-08-06,2,78,0,41,0,44,6,0
2014,CINNAMON,,2014-08-06,3,67,0,20,0,79,3,0
2014,CINNAMON,,2014-08-06,4,49,0,79,0,38,3,0
2014,CINNAMON,,2014-08-06,5,118,0,25,0,21,5,0
2014,ALMONT,,2014-08-13,1,0,84,5,0,69,11,0
2014,ALMONT,,2014-08-13,2,0,46,28,0,81,14,0
2014,ALMONT,,2014-08-13,3,0,73,26,0,67,3,0
2014,ALMONT,,2014-08-13,4,0,58,19,1,91,0,0
2014,ALMONT,,2014-08-13,5,0,79,7,0,83,0,0
2014,CBT,,2014-08-14,1,15,84,23,0,47,0,0
2014,CBT,,2014-08-14,2,0,51,114,0,4,23,0
2014,CBT,,2014-08-14,3,23,0,136,0,10,0,0
2014,CBT,,2014-08-14,4,40,60,62,0,7,0,0
2014,CBT,,2014-08-14,5,0,0,166,0,3,0,0
2014,ROAD,,2014-08-14,1,63,58,4,0,44,0,0
2014,ROAD,,2014-08-14,2,72,51,7,0,39,0,0
2014,ROAD,,2014-08-14,3,96,36,21,0,12,4,0
2014,ROAD,,2014-08-14,4,107,0,35,0,27,0,0
2014,ROAD,,2014-08-14,5,45,0,88,0,36,0,0
2015,ALMONT,,2015-05-20,1,4,51,11,3,65,35,0
2015,ALMONT,,2015-05-20,2,2,32,7,0,108,20,0
2015,ALMONT,,2015-05-20,3,7,58,13,0,80,11,0
2015,ALMONT,,2015-05-20,4,17,60,12,1,79,0,0
2015,ALMONT,,2015-05-20,5,2,54,3,1,109,0,0
2015,CBT,,2015-05-27,1,23,19,82,0,45,0,0
2015,CBT,,2015-05-27,2,1,19,149,0,0,0,0
2015,CBT,,2015-05-27,3,43,0,96,0,30,0,0
2015,CBT,,2015-05-27,4,43,20,101,0,5,0,0
2015,CBT,,2015-05-27,5,5,0,162,0,2,0,0
2015,ROAD,,2015-05-29,1,53,0,53,0,60,3,0
2015,ROAD,,2015-05-29,2,46,30,15,0,76,2,0
2015,ROAD,,2015-05-29,3,75,40,30,0,24,0,0
2015,ROAD,,2015-05-29,4,77,31,38,0,23,0,0
2015,ROAD,,2015-05-29,5,141,0,21,0,7,0,0
2015,ALMONT,,2015-06-01,1,6,53,16,3,56,35,0
2015,ALMONT,,2015-06-01,2,3,44,7,0,96,19,0
2015,ALMONT,,2015-06-01,3,6,62,20,0,72,9,0
2015,ALMONT,,2015-06-01,4,19,61,14,1,74,0,0
2015,ALMONT,,2015-06-01,5,1,62,2,0,104,0,0
2015,CBT,,2015-06-11,1,49,43,62,0,15,0,0
2015,CBT,,2015-06-11,2,5,44,118,0,2,0,0
2015,CBT,,2015-06-11,3,66,0,86,0,17,0,0
2015,CBT,,2015-06-11,4,83,47,35,0,4,0,0
2015,CBT,,2015-06-11,5,11,0,156,0,2,0,0
2015,ROAD,,2015-06-11,1,48,9,44,0,68,0,0
2015,ROAD,,2015-06-11,2,48,28,9,0,84,0,0
2015,ROAD,,2015-06-11,3,82,40,21,0,26,0,0
2015,ROAD,,2015-06-11,4,105,30,19,0,15,0,0
2015,ROAD,,2015-06-11,5,153,0,12,0,4,0,0
2015,PFEILER,,2015-06-22,1,128,0,25,0,16,0,0
2015,PFEILER,,2015-06-22,2,134,0,10,0,25,0,0
2015,PFEILER,,2015-06-22,3,136,0,15,0,9,9,0
2015,PFEILER,,2015-06-22,4,115,0,25,0,29,0,0
2015,PFEILER,,2015-06-22,5,78,35,38,0,18,0,0
2015,ALMONT,,2015-06-23,1,4,63,16,3,54,29,0
2015,ALMONT,,2015-06-23,2,6,41,3,16,103,0,0
2015,ALMONT,,2015-06-23,3,9,65,14,0,73,5,0
2015,ALMONT,,2015-06-23,4,15,58,12,1,83,0,0
2015,ALMONT,,2015-06-23,5,1,51,2,0,115,0,0
2015,CBT,,2015-06-26,1,54,48,62,0,5,0,0
2015,CBT,,2015-06-26,2,6,43,118,0,2,0,0
2015,CBT,,2015-06-26,3,66,0,85,0,18,0,0
2015,CBT,,2015-06-26,4,68,68,30,0,3,0,0
2015,CBT,,2015-06-26,5,12,0,154,0,3,0,0
2015,PBM,,2015-06-29,1,135,0,4,0,30,0,0
2015,PBM,,2015-06-29,2,137,0,8,0,24,0,0
2015,PBM,,2015-06-29,3,105,0,0,0,64,0,0
2015,PBM,,2015-06-29,4,110,0,37,0,22,0,0
2015,PBM,,2015-06-29,5,96,0,6,0,67,0,0
2015,ROAD,,2015-07-02,1,87,19,29,0,33,1,0
2015,ROAD,,2015-07-02,2,53,47,28,0,41,0,0
2015,ROAD,,2015-07-02,3,89,63,7,0,10,0,0
2015,ROAD,,2015-07-02,4,61,56,46,0,6,0,0
2015,ROAD,,2015-07-02,5,156,1,10,0,2,0,0
2015,ALMONT,,2015-07-06,1,7,51,3,4,74,30,0
2015,ALMONT,,2015-07-06,2,3,39,3,0,107,17,0
2015,ALMONT,,2015-07-06,3,2,54,16,0,84,13,0
2015,ALMONT,,2015-07-06,4,8,62,6,0,93,0,0
2015,ALMONT,,2015-07-06,5,1,59,1,0,108,0,0
2015,CBT,,2015-07-06,1,47,34,83,0,5,0,0
2015,CBT,,2015-07-06,2,6,42,119,0,2,0,0
2015,CBT,,2015-07-06,3,71,0,79,0,19,0,0
2015,CBT,,2015-07-06,4,81,45,41,0,2,0,0
2015,CBT,,2015-07-06,5,15,0,148,0,6,0,0
2015,PFEILER,,2015-07-15,1,139,0,25,0,5,0,0
2015,PFEILER,,2015-07-15,2,149,0,14,0,6,0,0
2015,PFEILER,,2015-07-15,3,145,0,21,0,3,0,0
2015,PFEILER,,2015-07-15,4,130,0,32,0,7,0,0
2015,PFEILER,,2015-07-15,5,100,33,25,0,11,0,0
2015,ALMONT,,2015-07-21,1,6,54,13,5,63,28,0
2015,ALMONT,,2015-07-21,2,2,45,7,0,90,25,0
2015,ALMONT,,2015-07-21,3,3,67,15,0,73,11,0
2015,ALMONT,,2015-07-21,4,9,56,12,0,92,0,0
2015,ALMONT,,2015-07-21,5,3,59,3,0,104,0,0
2015,CBT,,2015-07-21,1,29,46,88,0,6,0,0
2015,CBT,,2015-07-21,2,0,54,113,0,2,0,0
2015,CBT,,2015-07-21,3,67,0,84,0,18,0,0
2015,CBT,,2015-07-21,4,58,64,30,0,17,0,0
2015,CBT,,2015-07-21,5,13,0,154,0,2,0,0
2015,ROAD,,2015-07-21,1,75,34,30,0,30,0,0
2015,ROAD,,2015-07-21,2,58,48,16,0,47,0,0
2015,ROAD,,2015-07-21,3,51,85,16,0,17,0,0
2015,ROAD,,2015-07-21,4,68,32,59,0,10,0,0
2015,ROAD,,2015-07-21,5,142,0,25,0,2,0,0
2015,PBM,,2015-07-23,1,151,0,12,0,6,0,0
2015,PBM,,2015-07-23,2,152,0,8,0,9,0,0
2015,PBM,,2015-07-23,3,134,0,5,0,30,0,0
2015,PBM,,2015-07-23,4,112,0,49,0,8,0,0
2015,PBM,,2015-07-23,5,101,0,6,0,62,0,0
2015,CINNAMON,,2015-08-06,1,94,0,37,0,38,0,0
2015,CINNAMON,,2015-08-06,2,89,0,34,0,46,0,0
2015,CINNAMON,,2015-08-06,3,109,0,8,0,51,1,0
2015,CINNAMON,,2015-08-06,4,138,0,9,0,16,6,0
2015,CINNAMON,,2015-08-06,5,118,0,13,0,26,12,0
2015,CBT,,2015-08-12,1,27,54,80,0,8,0,0
2015,CBT,,2015-08-12,2,0,64,103,0,2,0,0
2015,CBT,,2015-08-12,3,66,0,85,0,18,0,0
2015,CBT,,2015-08-12,4,36,69,50,0,14,0,0
2015,CBT,,2015-08-12,5,14,0,153,0,2,0,0
2015,PBM,,2015-08-12,1,149,0,10,0,10,0,0
2015,PBM,,2015-08-12,2,154,0,6,0,9,0,0
2015,PBM,,2015-08-12,3,126,0,6,0,37,0,0
2015,PBM,,2015-08-12,4,114,0,48,0,7,0,0
2015,PBM,,2015-08-12,5,99,0,7,0,63,0,0
2015,PFEILER,,2015-08-12,1,139,0,20,0,10,0,0
2015,PFEILER,,2015-08-12,2,135,0,13,0,21,0,0
2015,PFEILER,,2015-08-12,3,138,0,25,0,6,0,0
2015,PFEILER,,2015-08-12,4,126,0,32,0,11,0,0
2015,PFEILER,,2015-08-12,5,103,30,28,0,8,0,0
2015,ROAD,,2015-08-12,1,64,45,39,0,20,1,0
2015,ROAD,,2015-08-12,2,61,62,12,0,34,0,0
2015,ROAD,,2015-08-12,3,59,90,6,0,14,0,0
2015,ROAD,,2015-08-12,4,97,34,36,0,2,0,0
2015,ROAD,,2015-08-12,5,144,0,20,0,5,0,0
2016,ALMONT,,2016-05-30,1,9,39,4,0,102,15,0
2016,ALMONT,,2016-05-30,2,9,65,17,0,69,9,0
2016,ALMONT,,2016-05-30,3,7,47,17,0,98,0,0
2016,ALMONT,,2016-05-30,4,19,51,19,0,80,0,0
2016,ALMONT,,2016-05-30,5,16,57,13,0,83,0,0
2016,CBT,,2016-06-03,1,21,1,133,0,14,0,0
2016,CBT,,2016-06-03,2,0,37,127,0,5,0,0
2016,CBT,,2016-06-03,3,12,0,140,0,16,1,0
2016,CBT,,2016-06-03,4,56,43,66,0,4,0,0
2016,CBT,,2016-06-03,5,0,0,166,0,3,0,0
2016,ROAD,,2016-06-07,1,100,8,11,0,48,2,0
2016,ROAD,,2016-06-07,2,71,8,43,0,47,0,0
2016,ROAD,,2016-06-07,3,65,38,19,0,47,0,0
2016,ROAD,,2016-06-07,4,59,55,28,0,27,0,0
2016,ROAD,,2016-06-07,5,112,0,18,0,39,0,0
2016,ALMONT,,2016-06-14,1,3,43,4,0,105,14,0
2016,ALMONT,,2016-06-14,2,6,56,16,0,83,8,0
2016,ALMONT,,2016-06-14,3,7,47,15,0,100,0,0
2016,ALMONT,,2016-06-14,4,19,38,12,0,100,0,0
2016,ALMONT,,2016-06-14,5,13,51,10,0,95,0,0
2016,PFEILER,,2016-06-16,1,66,0,18,0,85,0,0
2016,PFEILER,,2016-06-16,2,109,0,15,0,45,0,0
2016,PFEILER,,2016-06-16,3,157,0,0,0,12,0,0
2016,PFEILER,,2016-06-16,4,60,0,62,0,0,0,0
2016,PFEILER,,2016-06-16,5,95,9,9,0,0,0,0
2016,CBT,,2016-06-21,1,21,1,85,0,62,0,0
2016,CBT,,2016-06-21,2,3,39,107,0,20,0,0
2016,CBT,,2016-06-21,3,12,0,115,0,42,0,0
2016,CBT,,2016-06-21,4,51,52,49,0,17,0,0
2016,CBT,,2016-06-21,5,0,0,144,0,25,0,0
2016,ROAD,,2016-07-03,1,71,27,8,0,61,2,0
2016,ROAD,,2016-07-03,2,75,51,5,0,38,0,0
2016,ROAD,,2016-07-03,3,57,48,4,0,60,0,0
2016,ROAD,,2016-07-03,4,43,79,21,0,26,0,0
2016,ROAD,,2016-07-03,5,115,2,35,0,17,0,0
2016,PBM,,2016-07-06,1,128,0,7,0,34,0,0
2016,PBM,,2016-07-06,2,138,0,0,0,31,0,0
2016,PBM,,2016-07-06,3,124,0,4,0,41,0,0
2016,PBM,,2016-07-06,4,105,0,1,0,61,2,0
2016,PBM,,2016-07-06,5,90,0,3,0,76,0,0
2016,PFEILER,,2016-07-14,1,99,0,20,0,50,0,0
2016,PFEILER,,2016-07-14,2,152,0,5,0,12,0,0
2016,PFEILER,,2016-07-14,3,151,0,0,0,18,0,0
2016,PFEILER,,2016-07-14,4,99,0,58,0,12,0,0
2016,PFEILER,,2016-07-14,5,149,10,6,0,4,0,0
2016,CINNAMON,,2016-07-18,1,38,0,52,0,79,0,0
2016,CINNAMON,,2016-07-18,2,41,0,53,0,72,3,0
2016,CINNAMON,,2016-07-18,3,26,0,24,0,118,1,0
2016,CINNAMON,,2016-07-18,4,35,8,48,0,77,1,0
2016,CINNAMON,,2016-07-18,5,39,3,45,0,70,12,0
2016,PBM,,2016-07-28,1,134,0,15,0,20,0,0
2016,PBM,,2016-07-28,2,147,0,0,0,22,0,0
2016,PBM,,2016-07-28,3,138,0,1,0,30,0,0
2016,PBM,,2016-07-28,4,84,0,10,0,75,0,0
2016,PBM,,2016-07-28,5,99,0,2,0,68,0,0
2017,ALMONT,,2017-05-28,1,9,108,3,0,45,4,0
2017,ALMONT,,2017-05-28,2,22,54,20,0,72,1,0
2017,ALMONT,,2017-05-28,3,12,50,4,0,103,0,0
2017,ALMONT,,2017-05-28,4,6,51,5,0,107,0,0
2017,ALMONT,,2017-05-28,5,27,55,0,0,87,0,0
2017,CBT,,2017-06-05,1,5,13,128,0,23,0,0
2017,CBT,,2017-06-05,2,2,21,131,0,15,0,0
2017,CBT,,2017-06-05,3,2,0,125,0,42,0,0
2017,CBT,,2017-06-05,4,2,0,132,0,35,0,0
2017,CBT,,2017-06-05,5,23,0,132,0,14,0,0
2017,ROAD,,2017-06-07,1,57,45,20,0,47,0,0
2017,ROAD,,2017-06-07,2,108,0,20,0,37,4,0
2017,ROAD,,2017-06-07,3,87,26,11,0,45,0,0
2017,ROAD,,2017-06-07,4,16,92,35,0,26,0,0
2017,ROAD,,2017-06-07,5,81,0,74,0,14,0,0
2017,ALMONT,,2017-06-13,1,16,93,6,0,49,5,0
2017,ALMONT,,2017-06-13,2,27,43,22,0,77,0,0
2017,ALMONT,,2017-06-13,3,18,42,1,0,108,0,0
2017,ALMONT,,2017-06-13,4,5,55,5,0,104,0,0
2017,ALMONT,,2017-06-13,5,20,58,3,0,88,0,0
2017,PFEILER,,2017-06-19,1,110,0,23,0,36,0,0
2017,PFEILER,,2017-06-19,2,121,0,20,0,28,0,0
2017,PFEILER,,2017-06-19,3,119,0,17,0,33,0,0
2017,PFEILER,,2017-06-19,4,99,0,8,0,62,0,0
2017,PFEILER,,2017-06-19,5,80,0,33,0,56,0,0
2017,PFEILER,,2017-06-22,1,110,0,26,0,33,0,0
2017,PFEILER,,2017-06-22,2,135,0,14,0,20,0,0
2017,PFEILER,,2017-06-22,3,147,0,11,0,11,0,0
2017,PFEILER,,2017-06-22,4,112,0,19,0,38,0,0
2017,PFEILER,,2017-06-22,5,77,0,50,0,42,0,0
2017,CBT,,2017-06-23,1,6,13,112,0,38,0,0
2017,CBT,,2017-06-23,2,6,45,110,0,8,0,0
2017,CBT,,2017-06-23,3,0,0,149,0,20,0,0
2017,CBT,,2017-06-23,4,0,0,142,0,27,0,0
2017,CBT,,2017-06-23,5,15,0,143,0,11,0,0
2017,ROAD,,2017-06-23,1,47,52,19,0,51,0,0
2017,ROAD,,2017-06-23,2,112,15,6,0,36,0,0
2017,ROAD,,2017-06-23,3,77,36,6,0,50,0,0
2017,ROAD,,2017-06-23,4,20,101,29,0,19,0,0
2017,ROAD,,2017-06-23,5,89,0,78,0,2,0,0
2017,CBT,,2017-06-29,1,7,19,95,0,48,0,0
2017,CBT,,2017-06-29,2,6,31,122,0,10,0,0
2017,CBT,,2017-06-29,3,7,0,110,0,52,0,0
2017,CBT,,2017-06-29,4,2,0,112,0,55,0,0
2017,CBT,,2017-06-29,5,24,0,125,0,20,0,0
2017,PBM,,2017-06-30,1,108,0,33,0,28,0,0
2017,PBM,,2017-06-30,2,122,0,5,0,42,0,0
2017,PBM,,2017-06-30,3,136,0,1,0,32,0,0
2017,PBM,,2017-06-30,4,79,0,52,0,38,0,0
2017,PBM,,2017-06-30,5,86,0,18,0,64,1,0
2017,ROAD,,2017-07-03,1,40,67,21,0,41,0,0
2017,ROAD,,2017-07-03,2,102,27,12,0,25,3,0
2017,ROAD,,2017-07-03,3,82,39,7,0,41,0,0
2017,ROAD,,2017-07-03,4,17,96,37,0,19,0,0
2017,ROAD,,2017-07-03,5,77,0,89,0,3,0,0
2017,PBM,,2017-07-10,1,138,0,28,0,3,0,0
2017,PBM,,2017-07-10,2,155,0,3,0,11,0,0
2017,PBM,,2017-07-10,3,166,0,0,0,3,0,0
2017,PBM,,2017-07-10,4,69,0,77,0,23,0,0
2017,PBM,,2017-07-10,5,88,0,14,0,63,2,0
2017,PFEILER,,2017-07-10,1,144,0,12,0,13,0,0
2017,PFEILER,,2017-07-10,2,158,0,8,0,3,0,0
2017,PFEILER,,2017-07-10,3,160,0,6,0,3,0,0
2017,PFEILER,,2017-07-10,4,140,0,11,0,18,0,0
2017,PFEILER,,2017-07-10,5,99,0,49,0,21,0,0
2017,PBM,,2017-07-18,1,124,0,36,0,9,0,0
2017,PBM,,2017-07-18,2,142,0,10,0,17,0,0
2017,PBM,,2017-07-18,3,157,0,0,0,12,0,0
2017,PBM,,2017-07-18,4,84,0,66,0,19,0,0
2017,PBM,,2017-07-18,5,99,0,15,0,49,6,0
2017,PFEILER,,2017-08-04,1,155,0,8,0,6,0,0
2017,PFEILER,,2017-08-04,2,156,0,11,0,2,0,0
2017,PFEILER,,2017-08-04,3,152,0,15,0,2,0,0
2017,PFEILER,,2017-08-04,4,162,0,3,0,4,0,0
2017,PFEILER,,2017-08-04,5,117,0,41,0,11,0,0
2018,ALMONT,,2018-05-25,1,1,57,10,0,62,39,0
2018,ALMONT,,2018-05-25,2,0,80,9,2,74,4,0
2018,ALMONT,,2018-05-25,3,1,66,7,0,92,3,0
2018,ALMONT,,2018-05-25,4,0,64,31,0,74,0,0
2018,ALMONT,,2018-05-25,5,1,57,26,0,85,0,0
2018,CBT,,2018-05-27,5,22,0,133,0,14,0,0
2018,CBT,,2018-05-27,4,12,0,117,0,40,0,0
2018,CBT,,2018-05-27,3,6,0,134,0,29,0,0
2018,CBT,,2018-05-27,2,1,43,89,0,36,0,0
2018,CBT,,2018-05-27,1,11,0,132,0,26,0,0
2018,ROAD,,2018-05-28,1,61,0,16,0,86,6,0
2018,ROAD,,2018-05-28,2,55,43,2,0,69,0,0
2018,ROAD,,2018-05-28,3,52,35,47,0,35,0,0
2018,ROAD,,2018-05-28,4,23,77,30,0,39,0,0
2018,ROAD,,2018-05-28,5,86,0,49,0,34,0,0
2018,EAST RIVER/PUMP HOUSE,,2018-06-01,A1 UP,5,133,12,0,19,0,0
2018,EAST RIVER/PUMP HOUSE,,2018-06-01,A1 DOWN,55,19,50,0,45,0,0
2018,EAST RIVER/PUMP HOUSE,,2018-06-01,A2 UP,78,17,53,0,21,0,0
2018,EAST RIVER/PUMP HOUSE,,2018-06-01,A2 DOWN,25,129,9,0,6,0,0
2018,EAST RIVER/PUMP HOUSE,,2018-06-01,B1 UP,62,25,26,0,56,0,0
2018,EAST RIVER/PUMP HOUSE,,2018-06-01,B1 DOWN,20,122,5,0,22,0,0
2018,EAST RIVER/PUMP HOUSE,,2018-06-01,B2 UP,38,60,29,0,42,0,0
2018,EAST RIVER/PUMP HOUSE,,2018-06-01,B2 DOWN,80,5,44,0,40,0,0
2018,EAST RIVER/PUMP HOUSE,,2018-06-01,C1 UP,12,117,16,0,24,0,0
2018,EAST RIVER/PUMP HOUSE,,2018-06-01,C1 DOWN,75,9,59,0,26,0,0
2018,EAST RIVER/PUMP HOUSE,,2018-06-01,C2 UP,71,6,51,0,41,0,0
2018,EAST RIVER/PUMP HOUSE,,2018-06-01,C2 DOWN,13,123,10,0,23,0,0
2018,UPPER MONTANE,,2018-06-05,A1 UP,29,96,17,0,28,0,0
2018,UPPER MONTANE,,2018-06-05,A1 DOWN,55,36,28,0,50,0,0
2018,UPPER MONTANE,,2018-06-05,A2 UP,85,10,32,0,42,0,0
2018,UPPER MONTANE,,2018-06-05,A2 DOWN,53,64,30,0,22,0,0
2018,UPPER MONTANE,,2018-06-05,B1 UP,41,76,27,0,25,0,0
2018,UPPER MONTANE,,2018-06-05,B1 DOWN,97,10,34,0,28,0,0
2018,UPPER MONTANE,,2018-06-05,B2 UP,77,5,31,0,56,0,0
2018,UPPER MONTANE,,2018-06-05,B2 DOWN,58,65,25,0,21,0,0
2018,UPPER MONTANE,,2018-06-05,C1 UP,85,8,16,0,60,0,0
2018,UPPER MONTANE,,2018-06-05,C1 DOWN,36,82,15,0,36,0,0
2018,UPPER MONTANE,,2018-06-05,C2 UP,36,88,21,0,24,0,0
2018,UPPER MONTANE,,2018-06-05,C2 DOWN,58,3,41,0,67,0,0
2018,PFEILER,,2018-06-07,1,100,0,8,0,61,0,0
2018,PFEILER,,2018-06-07,2,120,0,9,0,40,0,0
2018,PFEILER,,2018-06-07,3,120,0,13,0,36,0,0
2018,PFEILER,,2018-06-07,4,88,0,27,0,54,0,0
2018,PFEILER,,2018-06-07,5,105,0,6,0,58,0,0
2018,ROAD,,2018-06-08,1,79,0,18,0,66,6,0
2018,ROAD,,2018-06-08,2,63,58,2,0,46,0,0
2018,ROAD,,2018-06-08,3,53,42,31,0,43,0,0
2018,ROAD,,2018-06-08,4,14,84,42,0,29,0,0
2018,ROAD,,2018-06-08,5,130,0,25,0,14,0,0
2018,CBT,,2018-06-08,1,11,0,126,0,32,0,0
2018,CBT,,2018-06-08,2,4,46,43,0,76,0,0
2018,CBT,,2018-06-08,3,10,0,140,0,19,0,0
2018,CBT,,2018-06-08,4,23,0,95,0,51,0,0
2018,CBT,,2018-06-08,5,37,0,103,0,29,0,0
2018,PBM,,2018-06-12,1,100,0,26,0,43,0,0
2018,PBM,,2018-06-12,2,85,0,45,0,39,0,0
2018,PBM,,2018-06-12,3,77,0,11,0,81,0,0
2018,PBM,,2018-06-12,4,68,0,62,0,39,0,0
2018,PBM,,2018-06-12,5,55,0,21,0,93,0,0
2018,LOWER SUBALPINE,,2018-06-13,A1 DOWN,102,0,21,0,46,0,0
2018,LOWER SUBALPINE,,2018-06-13,A1 UP,85,0,18,0,66,0,0
2018,LOWER SUBALPINE,,2018-06-13,A2 UP,117,0,7,0,45,0,0
2018,LOWER SUBALPINE,,2018-06-13,A2 DOWN,93,0,18,0,58,0,0
2018,LOWER SUBALPINE,,2018-06-13,B1 UP,112,0,22,0,35,0,0
2018,LOWER SUBALPINE,,2018-06-13,B1 DOWN,99,0,21,0,49,0,0
2018,LOWER SUBALPINE,,2018-06-13,B2 UP,88,0,18,0,63,0,0
2018,LOWER SUBALPINE,,2018-06-13,B2 DOWN,102,0,13,0,54,0,0
2018,LOWER SUBALPINE,,2018-06-13,C1 UP,113,0,20,0,36,0,0
2018,LOWER SUBALPINE,,2018-06-13,C1 DOWN,115,0,19,0,35,0,0
2018,LOWER SUBALPINE,,2018-06-13,C2 UP,106,0,29,0,34,0,0
2018,LOWER SUBALPINE,,2018-06-13,C2 DOWN,93,0,36,0,40,0,0
2018,CBT,,2018-06-19,1,17,0,103,0,49,0,0
2018,CBT,,2018-06-19,2,2,45,53,0,69,0,0
2018,CBT,,2018-06-19,3,6,0,142,0,21,0,0
2018,CBT,,2018-06-19,4,19,0,101,0,49,0,0
2018,CBT,,2018-06-19,5,32,0,104,0,33,0,0
2018,ROAD,,2018-06-20,1,96,0,8,0,59,6,0
2018,ROAD,,2018-06-20,2,73,33,2,0,61,0,0
2018,ROAD,,2018-06-20,3,67,38,19,0,45,0,0
2018,ROAD,,2018-06-20,4,27,75,47,0,20,0,0
2018,ROAD,,2018-06-20,5,154,0,15,0,0,0,0
2018,UPPER MONTANE,,2018-06-27,A1 UP,16,102,13,0,38,0,0
2018,UPPER MONTANE,,2018-06-27,A1 DOWN,65,17,32,0,55,0,0
2018,UPPER MONTANE,,2018-06-27,A2 UP,103,9,34,0,23,0,0
2018,UPPER MONTANE,,2018-06-27,A2 DOWN,56,52,38,0,23,0,0
2018,UPPER MONTANE,,2018-06-27,B1 UP,26,84,28,0,31,0,0
2018,UPPER MONTANE,,2018-06-27,B1 DOWN,86,12,42,0,29,0,0
2018,UPPER MONTANE,,2018-06-27,B2 UP,94,2,24,0,49,0,0
2018,UPPER MONTANE,,2018-06-27,B2 DOWN,58,74,27,0,10,0,0
2018,UPPER MONTANE,,2018-06-27,C1 UP,71,12,19,0,63,4,0
2018,UPPER MONTANE,,2018-06-27,C1 DOWN,32,85,14,0,38,0,0
2018,UPPER MONTANE,,2018-06-27,C2 UP,55,68,23,0,23,0,0
2018,UPPER MONTANE,,2018-06-27,C2 DOWN,46,8,44,0,71,0,0
2018,CBT,,2018-06-25,1,4,3,107,0,0,0,0
2018,CBT,,2018-06-25,2,35,0,85,0,0,0,0
2018,CBT,,2018-06-25,3,9,0,113,0,0,0,0
2018,CBT,,2018-06-25,4,13,0,96,0,0,0,0
2018,CBT,,2018-06-25,5,25,0,104,0,0,0,0
2018,ROAD,,2018-06-25,1,51,15,15,0,0,5,0
2018,ROAD,,2018-06-25,2,52,52,1,0,0,0,0
2018,ROAD,,2018-06-25,3,47,49,26,0,0,0,0
2018,ROAD,,2018-06-25,4,87,0,43,0,0,0,0
2018,ROAD,,2018-06-25,5,131,0,12,0,0,0,0
2018,PFEILER,,2018-06-25,1,106,0,12,0,0,0,0
2018,PFEILER,,2018-06-25,2,126,0,9,0,0,0,0
2018,PFEILER,,2018-06-25,3,133,0,6,0,0,0,0
2018,PFEILER,,2018-06-25,4,157,0,17,0,0,0,0
2018,PFEILER,,2018-06-25,5,134,0,1,0,0,0,0
2018,UPPER MONTANE,,2018-06-27,A1 UP,0,0,0,0,0,0,0
2018,UPPER MONTANE,,2018-06-27,A1 DOWN,0,0,0,0,0,0,0
2018,UPPER MONTANE,,2018-06-27,A2 UP,0,0,0,0,0,0,0
2018,UPPER MONTANE,,2018-06-27,A2 DOWN,0,0,0,0,0,0,0
2018,UPPER MONTANE,,2018-06-27,B1 UP,0,0,0,0,0,0,0
2018,UPPER MONTANE,,2018-06-27,B1 DOWN,0,0,0,0,0,0,0
2018,UPPER MONTANE,,2018-06-27,B2 UP,0,0,0,0,0,0,0
2018,UPPER MONTANE,,2018-06-27,B2 DOWN,0,0,0,0,0,0,0
2018,UPPER MONTANE,,2018-06-27,C1 UP,0,0,0,0,0,0,0
2018,UPPER MONTANE,,2018-06-27,C1 DOWN,0,0,0,0,0,0,0
2018,UPPER MONTANE,,2018-06-27,C2 UP,0,0,0,0,0,0,0
2018,UPPER MONTANE,,2018-06-27,C2 DOWN,0,0,0,0,0,0,0
2018,LOWER MONTANE,,2018-06-29,A1 UP,0,0,0,0,0,0,0
2018,LOWER MONTANE,,2018-06-29,A1 DOWN,0,0,0,0,0,0,0
2018,LOWER MONTANE,,2018-06-29,A2 UP,0,0,0,0,0,0,0
2018,LOWER MONTANE,,2018-06-29,A2 DOWN,0,0,0,0,0,0,0
2018,LOWER MONTANE,,2018-06-29,B1 UP,0,0,0,0,0,0,0
2018,LOWER MONTANE,,2018-06-29,B1 DOWN,0,0,0,0,0,0,0
2018,LOWER MONTANE,,2018-06-29,B2 UP,0,0,0,0,0,0,0
2018,LOWER MONTANE,,2018-06-29,B2 DOWN,0,0,0,0,0,0,0
2018,LOWER MONTANE,,2018-06-29,C1 UP,0,0,0,0,0,0,0
2018,LOWER MONTANE,,2018-06-29,C1 DOWN,0,0,0,0,0,0,0
2018,LOWER MONTANE,,2018-06-29,C2 UP,0,0,0,0,0,0,0
2018,LOWER MONTANE,,2018-06-29,C2 DOWN,0,0,0,0,0,0,0
2018,UPPER MONTANE,,2018-07-03,A1 UP,0,0,0,0,0,0,0
2018,UPPER MONTANE,,2018-07-03,A1 DOWN,0,0,0,0,0,0,0
2018,UPPER MONTANE,,2018-07-03,A2 UP,0,0,0,0,0,0,0
2018,UPPER MONTANE,,2018-07-03,A2 DOWN,0,0,0,0,0,0,0
2018,UPPER MONTANE,,2018-07-03,B1 UP,0,0,0,0,0,0,0
2018,UPPER MONTANE,,2018-07-03,B1 DOWN,0,0,0,0,0,0,0
2018,UPPER MONTANE,,2018-07-03,B2 UP,0,0,0,0,0,0,0
2018,UPPER MONTANE,,2018-07-03,B2 DOWN,0,0,0,0,0,0,0
2018,UPPER MONTANE,,2018-07-03,C1 UP,0,0,0,0,0,0,0
2018,UPPER MONTANE,,2018-07-03,C1 DOWN,0,0,0,0,0,0,0
2018,UPPER MONTANE,,2018-07-03,C2 UP,0,0,0,0,0,0,0
2018,UPPER MONTANE,,2018-07-03,C2 DOWN,0,0,0,0,0,0,0
2018,LOWER SUBALPINE,,2018-07-03,A1 UP,0,0,0,0,0,0,0
2018,LOWER SUBALPINE,,2018-07-03,A1 DOWN,0,0,0,0,0,0,0
2018,LOWER SUBALPINE,,2018-07-03,A2 UP,0,0,0,0,0,0,0
2018,LOWER SUBALPINE,,2018-07-03,A2 DOWN,0,0,0,0,0,0,0
2018,LOWER SUBALPINE,,2018-07-03,B1 UP,0,0,0,0,0,0,0
2018,LOWER SUBALPINE,,2018-07-03,B1 DOWN,0,0,0,0,0,0,0
2018,LOWER SUBALPINE,,2018-07-03,B2 UP,0,0,0,0,0,0,0
2018,LOWER SUBALPINE,,2018-07-03,B2 DOWN,0,0,0,0,0,0,0
2018,LOWER SUBALPINE,,2018-07-03,C1 UP,0,0,0,0,0,0,0
2018,LOWER SUBALPINE,,2018-07-03,C1 DOWN,0,0,0,0,0,0,0
2018,LOWER SUBALPINE,,2018-07-03,C2 UP,0,0,0,0,0,0,0
2018,LOWER SUBALPINE,,2018-07-03,C2 DOWN,0,0,0,0,0,0,0
2018,CINNAMON,,2018-07-19,1,67,0,71,0,0,0,0
2018,CINNAMON,,2018-07-19,2,51,0,52,0,0,1,0
2018,CINNAMON,,2018-07-19,3,51,37,50,0,0,0,0
2018,CINNAMON,,2018-07-19,4,50,64,36,0,0,0,0
2018,CINNAMON,,2018-07-19,5,80,0,49,0,0,11,0
2018,UPPER SUBALPINE,,2018-07-20,A1 UP,0,0,0,0,0,0,0
2018,UPPER SUBALPINE,,2018-07-20,A1 DOWN,0,0,0,0,0,0,0
2018,UPPER SUBALPINE,,2018-07-20,A2 UP,0,0,0,0,0,0,0
2018,UPPER SUBALPINE,,2018-07-20,A2 DOWN,0,0,0,0,0,0,0
2018,UPPER SUBALPINE,,2018-07-20,B1 UP,0,0,0,0,0,0,0
2018,UPPER SUBALPINE,,2018-07-20,B1 DOWN,0,0,0,0,0,0,0
2018,UPPER SUBALPINE,,2018-07-20,B2 UP,0,0,0,0,0,0,0
2018,UPPER SUBALPINE,,2018-07-20,B2 DOWN,0,0,0,0,0,0,0
2018,UPPER SUBALPINE,,2018-07-20,C1 UP,0,0,0,0,0,0,0
2018,UPPER SUBALPINE,,2018-07-20,C1 DOWN,0,0,0,0,0,0,0
2018,UPPER SUBALPINE,,2018-07-20,C2 UP,0,0,0,0,0,0,0
2018,UPPER SUBALPINE,,2018-07-20,C2 DOWN,0,0,0,0,0,0,0
2019,ALMONT,Early,2019-06-11,1,7,71,14,0,47,25,0
2019,ALMONT,Early,2019-06-11,2,2,84,11,3,68,0,0
2019,ALMONT,Early,2019-06-11,3,14,68,6,0,73,4,0
2019,ALMONT,Early,2019-06-11,4,22,58,24,0,61,0,0
2019,ALMONT,Early,2019-06-11,5,20,71,15,1,57,0,0
2019,CBT,Early,2019-06-11,1,8,33,79,0,49,0,0
2019,CBT,Early,2019-06-11,2,8,25,84,0,52,0,0
2019,CBT,Early,2019-06-11,3,8,12,94,0,54,0,0
2019,CBT,Early,2019-06-11,4,2,0,110,0,57,0,0
2019,CBT,Early,2019-06-11,5,51,0,78,0,40,0,0
2019,ROAD,Early,2019-06-11,1,79,8,8,0,70,3,0
2019,ROAD,Early,2019-06-11,2,40,43,13,0,73,0,0
2019,ROAD,Early,2019-06-11,3,69,0,40,0,60,0,0
2019,ROAD,Early,2019-06-11,4,24,41,48,0,56,0,0
2019,ROAD,Early,2019-06-11,5,76,0,32,0,61,0,0
2019,ALMONT,Peak,2019-06-27,1,10,56,5,0,53,35,0
2019,ALMONT,Peak,2019-06-27,2,6,60,4,1,73,4,0
2019,ALMONT,Peak,2019-06-27,3,16,54,2,0,53,20,0
2019,ALMONT,Peak,2019-06-27,4,18,54,19,0,54,2,0
2019,ALMONT,Peak,2019-06-27,5,10,56,19,1,73,0,0
2019,PFEILER,Early,2019-07-04,1,138,0,6,0,25,0,0
2019,PFEILER,Early,2019-07-04,2,161,0,0,0,8,0,0
2019,PFEILER,Early,2019-07-04,3,146,0,1,0,22,0,0
2019,PFEILER,Early,2019-07-04,4,71,0,23,0,75,0,0
2019,PFEILER,Early,2019-07-04,5,92,4,9,0,64,0,0
2019,CBT,Peak,2019-07-05,1,5,49,75,0,40,0,0
2019,CBT,Peak,2019-07-05,2,7,32,89,0,41,0,0
2019,CBT,Peak,2019-07-05,3,7,19,108,0,35,0,0
2019,CBT,Peak,2019-07-05,4,0,0,140,0,29,0,0
2019,CBT,Peak,2019-07-05,5,67,0,76,0,26,0,0
2019,ROAD,Peak,2019-07-05,1,99,6,5,0,56,3,0
2019,ROAD,Peak,2019-07-05,2,55,36,9,0,56,1,0
2019,ROAD,Peak,2019-07-05,3,107,0,17,0,45,0,0
2019,ROAD,Peak,2019-07-05,4,17,64,54,0,34,0,0
2019,ROAD,Peak,2019-07-05,5,150,0,16,0,3,0,0
2019,PBM,Early,2019-07-11,1,63,0,24,0,80,2,0
2019,PBM,Early,2019-07-11,2,85,0,3,0,81,0,0
2019,PBM,Early,2019-07-11,3,51,0,7,0,111,0,0
2019,PBM,Early,2019-07-11,4,19,0,23,0,127,0,0
2019,PBM,Early,2019-07-11,5,34,0,8,0,127,0,0
2019,PFEILER,Peak,2019-07-24,1,164,0,2,0,3,0,0
2019,PFEILER,Peak,2019-07-24,2,165,0,0,0,4,0,0
2019,PFEILER,Peak,2019-07-24,3,163,0,0,0,6,0,0
2019,PFEILER,Peak,2019-07-24,4,135,0,0,0,21,0,0
2019,PFEILER,Peak,2019-07-24,5,139,9,0,0,15,0,0
2019,PBM,Peak,2019-07-24,1,128,0,0,0,22,0,0
2019,PBM,Peak,2019-07-24,2,160,0,0,0,9,0,0
2019,PBM,Peak,2019-07-24,3,151,0,0,0,18,0,0
2019,PBM,Peak,2019-07-24,4,30,0,0,0,123,0,0
2019,PBM,Peak,2019-07-24,5,76,0,0,0,88,0,0
2020,ALMONT,Peak,2020-06-15,1,5,108,4,0,44,8,0
2020,ALMONT,Peak,2020-06-15,2,8,118,17,0,24,2,0
2020,ALMONT,Peak,2020-06-15,3,33,35,27,0,69,5,0
2020,ALMONT,Peak,2020-06-15,4,4,86,29,0,50,0,0
2020,ALMONT,Peak,2020-06-15,5,5,77,10,0,73,1,0
2020,CBT,Peak,2020-06-17,1,12,96,42,0,17,2,0
2020,CBT,Peak,2020-06-17,2,11,93,22,0,43,0,0
2020,CBT,Peak,2020-06-17,3,10,63,84,0,9,3,0
2020,CBT,Peak,2020-06-17,4,5,40,49,0,75,0,0
2020,CBT,Peak,2020-06-17,5,41,0,76,0,35,17,0
2020,ROAD,Peak,2020-06-24,1,113,0,10,0,40,6,0
2020,ROAD,Peak,2020-06-24,2,134,9,2,0,22,1,0
2020,ROAD,Peak,2020-06-24,3,105,43,3,0,14,4,0
2020,ROAD,Peak,2020-06-24,4,35,86,41,0,7,0,0
2020,ROAD,Peak,2020-06-24,5,81,50,38,0,1,0,0
2020,PFEILER,Peak,2020-07-06,1,165,0,0,0,4,0,0
2020,PFEILER,Peak,2020-07-06,2,162,0,0,0,7,0,0
2020,PFEILER,Peak,2020-07-06,3,140,0,10,0,19,0,0
2020,PFEILER,Peak,2020-07-06,4,115,20,14,0,20,0,0
2020,PFEILER,Peak,2020-07-06,5,134,23,5,0,7,0,0
2020,PBM,Peak,2020-07-17,1,136,0,3,0,30,0,0
2020,PBM,Peak,2020-07-17,2,145,0,0,0,24,0,0
2020,PBM,Peak,2020-07-17,3,133,0,0,0,36,0,0
2020,PBM,Peak,2020-07-17,4,72,0,45,0,52,0,0
2020,PBM,Peak,2020-07-17,5,61,48,3,0,57,0,0
2020,CINNAMON,Peak,2020-08-01,1,25,31,63,0,33,17,0
2020,CINNAMON,Peak,2020-08-01,2,16,45,66,0,18,24,0
2020,CINNAMON,Peak,2020-08-01,3,19,76,47,0,13,14,0
2020,CINNAMON,Peak,2020-08-01,4,31,107,8,0,9,14,0
2020,CINNAMON,Peak,2020-08-01,5,104,26,16,0,14,9,0
2021,ALMONT,Peak,2021-06-09,1,12,79,5,0,71,2,0
2021,ALMONT,Peak,2021-06-09,2,3,87,2,0,68,9,0
2021,ALMONT,Peak,2021-06-09,3,26,65,6,0,72,0,0
2021,ALMONT,Peak,2021-06-09,4,31,33,23,0,81,1,0
2021,ALMONT,Peak,2021-06-09,5,23,40,7,0,99,0,0
2021,CBT,Early,2021-06-10,1,94,12,2,0,61,0,0
2021,CBT,Early,2021-06-10,2,62,59,41,0,7,0,0
2021,CBT,Early,2021-06-10,3,62,0,81,0,26,0,0
2021,CBT,Early,2021-06-10,4,95,0,43,0,31,0,0
2021,CBT,Early,2021-06-10,5,75,28,47,0,19,0,0
2021,ROAD,Early,2021-06-14,1,35,78,4,0,52,0,0
2021,ROAD,Early,2021-06-14,2,67,14,1,0,87,0,0
2021,ROAD,Early,2021-06-14,3,93,19,1,0,56,0,0
2021,ROAD,Early,2021-06-14,4,45,38,34,0,52,0,0
2021,ROAD,Early,2021-06-14,5,121,0,36,0,12,0,0
2021,PFEILER,Early,2021-06-18,1,151,0,5,0,13,0,0
2021,PFEILER,Early,2021-06-18,2,155,0,8,0,6,0,0
2021,PFEILER,Early,2021-06-18,3,153,0,4,0,12,0,0
2021,PFEILER,Early,2021-06-18,4,123,0,10,0,36,0,0
2021,PFEILER,Early,2021-06-18,5,117,0,16,0,36,0,0
2021,CBT,Peak,2021-06-28,1,85,23,3,0,58,0,0
2021,CBT,Peak,2021-06-28,2,35,89,26,0,19,0,0
2021,CBT,Peak,2021-06-28,3,75,2,65,0,27,0,0
2021,CBT,Peak,2021-06-28,4,101,0,27,0,41,0,0
2021,CBT,Peak,2021-06-28,5,80,37,39,0,13,0,0
2021,PBM,Early,2021-06-30,5,105,0,2,0,62,0,0
2021,PBM,Early,2021-06-30,4,85,0,4,0,80,0,0
2021,PBM,Early,2021-06-30,3,139,0,3,0,27,0,0
2021,PBM,Early,2021-06-30,2,161,0,0,0,8,0,0
2021,PBM,Early,2021-06-30,1,162,0,3,0,6,0,0
2021,ROAD,Peak,2021-06-30,1,56,83,4,0,26,0,0
2021,ROAD,Peak,2021-06-30,2,98,15,2,0,54,0,0
2021,ROAD,Peak,2021-06-30,3,88,34,0,0,47,0,0
2021,ROAD,Peak,2021-06-30,4,81,42,32,0,14,0,0
2021,ROAD,Peak,2021-06-30,5,162,0,26,0,2,0,0
2021,PFEILER,Peak,2021-07-20,1,165,0,17,0,3,0,0
2021,PFEILER,Peak,2021-07-20,2,165,0,12,0,2,0,0
2021,PFEILER,Peak,2021-07-20,3,167,0,1,0,1,0,0
2021,PFEILER,Peak,2021-07-20,4,135,0,7,0,30,0,0
2021,PFEILER,Peak,2021-07-20,5,133,0,5,0,31,0,0
2021,PBM,Peak,2021-07-26,1,168,0,2,0,1,0,0
2021,PBM,Peak,2021-07-26,2,151,0,1,0,16,0,0
2021,PBM,Peak,2021-07-26,3,139,0,19,0,27,0,0
2021,PBM,Peak,2021-07-26,4,94,0,16,0,71,0,0
2021,PBM,Peak,2021-07-26,5,120,0,2,0,44,0,0
2021,CINNAMON,Peak,2021-08-06,1,0,106,38,0,21,4,0
2021,CINNAMON,Peak,2021-08-06,2,17,25,75,0,28,24,0
2021,CINNAMON,Peak,2021-08-06,3,25,48,160,0,9,21,0
2021,CINNAMON,Peak,2021-08-06,4,75,60,13,0,14,7,0
2021,CINNAMON,Peak,2021-08-06,5,49,85,2,0,13,20,0
2022,ALMONT,Peak,2022-06-09,1,0,85,3,0,63,18,0
2022,ALMONT,Peak,2022-06-09,2,0,93,0,0,75,1,0
2022,ALMONT,Peak,2022-06-09,3,1,78,14,0,61,15,0
2022,ALMONT,Peak,2022-06-09,4,24,74,13,0,51,7,0
2022,ALMONT,Peak,2022-06-09,5,28,42,13,1,72,13,0
2022,CBT,Early,2022-06-10,1,0,112,40,0,17,0,0
2022,CBT,Early,2022-06-10,2,105,0,8,0,56,0,0
2022,CBT,Early,2022-06-10,3,1,0,158,0,10,0,0
2022,CBT,Early,2022-06-10,4,69,0,57,0,42,1,0
2022,CBT,Early,2022-06-10,5,0,0,105,0,64,0,0
2022,ROAD,Early,2022-06-15,1,66,8,29,0,66,0,0
2022,ROAD,Early,2022-06-15,2,105,0,8,0,56,0,0
2022,ROAD,Early,2022-06-15,3,45,88,3,0,33,0,0
2022,ROAD,Early,2022-06-15,4,71,81,5,0,12,0,0
2022,ROAD,Early,2022-06-15,5,123,0,41,0,5,0,0
2022,PFEILER,Early,2022-06-20,1,136,0,15,0,18,0,0
2022,PFEILER,Early,2022-06-20,2,147,0,0,0,22,0,0
2022,PFEILER,Early,2022-06-20,3,99,0,19,0,51,0,0
2022,PFEILER,Early,2022-06-20,4,88,25,18,0,38,0,0
2022,PFEILER,Early,2022-06-20,5,98,0,29,0,41,1,0
2022,CBT,Peak,2022-06-21,1,0,123,32,0,14,0,0
2022,CBT,Peak,2022-06-21,2,19,88,33,0,29,0,0
2022,CBT,Peak,2022-06-21,3,1,0,140,0,28,0,0
2022,CBT,Peak,2022-06-21,4,65,0,54,0,45,5,0
2022,CBT,Peak,2022-06-21,5,11,0,83,0,65,10,0
2022,PBM,Early,2022-06-28,1,132,0,11,0,26,0,0
2022,PBM,Early,2022-06-28,2,161,0,0,0,26,0,0
2022,PBM,Early,2022-06-28,3,115,0,16,0,8,0,0
2022,PBM,Early,2022-06-28,4,74,0,17,0,69,9,0
2022,PBM,Early,2022-06-28,5,84,0,5,0,80,0,0
2022,ROAD,Peak,2022-06-27,1,70,23,29,0,46,1,0
2022,ROAD,Peak,2022-06-27,2,115,11,6,0,36,1,0
2022,ROAD,Peak,2022-06-27,3,59,88,2,0,20,0,0
2022,ROAD,Peak,2022-06-27,4,56,96,7,0,10,0,0
2022,ROAD,Peak,2022-06-27,5,134,0,34,0,1,0,0
2022,PFEILER,Peak,2022-07-07,1,150,0,15,0,4,0,0
2022,PFEILER,Peak,2022-07-07,2,159,0,0,0,10,0,0
2022,PFEILER,Peak,2022-07-07,3,133,0,11,0,25,0,0
2022,PFEILER,Peak,2022-07-07,4,127,20,11,0,11,0,0
2022,PFEILER,Peak,2022-07-07,5,121,0,27,0,21,0,0
2022,PBM,Peak,2022-07-13,1,147,0,13,0,9,0,0
2022,PBM,Peak,2022-07-13,2,164,0,1,0,4,0,0
2022,PBM,Peak,2022-07-13,3,121,0,17,0,31,0,0
2022,PBM,Peak,2022-07-13,4,90,0,17,0,57,5,0
2022,PBM,Peak,2022-07-13,5,84,0,6,0,79,0,0
2022,CINNAMON,Peak,2022-07-27,1,58,54,35,0,11,11,0
2022,CINNAMON,Peak,2022-07-27,2,30,72,10,0,20,37,0
2022,CINNAMON,Peak,2022-07-27,3,32,53,22,0,28,34,0
2022,CINNAMON,Peak,2022-07-27,4,15,52,43,0,33,26,0
2022,CINNAMON,Peak,2022-07-27,5,14,68,26,0,31,30,0