year,site,date,plot,h1_cm,h2_cm,h3_cm,h4_cm,center_cm,mean,season,notas
2006,ALMONT,2006-06-08,RP1,5,25,13,4,28,15,,
2006,ALMONT,2006-06-08,RP2,23,7,10,15,25,16,,
2006,ALMONT,2006-06-08,RP3,15,10,26,6,58,23,,
2006,ALMONT,2006-06-08,RP4,30,10,10,17,45,22.4,,
2006,ALMONT,2006-06-08,RP5,5,0,0,12,45,12.4,,
2006,ALMONT,2006-06-28,1,21,32,18,18,27,23.2,,
2006,ALMONT,2006-06-28,2,23,24,23,15,8,18.6,,
2006,ALMONT,2006-06-28,3,14,21,45,5,27,22.4,,
2006,ALMONT,2006-06-28,4,17,25,23,16,16,19.4,,
2006,ALMONT,2006-06-28,5,21,8,18,8,0,11,,
2006,CBT,2006-06-09,1,30,35,55,43,46,41.8,,
2006,CBT,2006-06-09,2,13,20,25,35,57,30,,
2006,CBT,2006-06-09,3,25,30,20,18,36,25.8,,
2006,CBT,2006-06-09,4,35,43,38,31,40,37.4,,
2006,CBT,2006-06-09,5,11,16,24,19,16,17.2,,
2006,CBT,2006-06-23,RP1,47,50,55,45,51,49.6,,
2006,CBT,2006-06-23,RP2,30,10,20,10,45,23,,
2006,CBT,2006-06-23,RP3,10,30,20,20,30,22,,
2006,CBT,2006-06-23,RP4,15,5,30,25,25,20,,
2006,CBT,2006-06-23,RP5,5,10,20,10,10,11,,
2006,CBT,2006-07-07,1,44,53,42,66,65,54,,
2006,CBT,2006-07-07,2,16,70,31,70,45,46.4,,
2006,CBT,2006-07-07,3,17,23,15,27,21,20.6,,
2006,CBT,2006-07-07,4,15,30,15,20,43,24.6,,
2006,CBT,2006-07-07,5,15,20,15,15,25,18,,
2006,CBT,2006-07-21,1,43,51,37,48,73,50.4,,
2006,CBT,2006-07-21,2,32,45,34,51,68,46,,
2006,CBT,2006-07-21,3,28,30,23,34,37,30.4,,
2006,CBT,2006-07-21,4,35,47,17,13,50,32.4,,
2006,CBT,2006-07-21,5,20,41,30,40,47,35.6,,
2006,ROAD,2006-06-14,RP1,10,10,25,10,30,17,,
2006,ROAD,2006-06-14,RP2,43,40,25,25,46,35.8,,
2006,ROAD,2006-06-14,RP3,35,15,22,31,19,24.4,,
2006,ROAD,2006-06-14,RP4,40,30,35,25,25,31,,
2006,ROAD,2006-06-14,RP5,60,50,50,32,30,44.4,,
2006,ROAD,2006-07-05,1,31,35,38,38,45,37.4,,
2006,ROAD,2006-07-05,2,45,25,33,50,41,38.8,,
2006,ROAD,2006-07-05,3,20,10,35,30,60,31,,
2006,ROAD,2006-07-05,4,20,25,25,30,40,28,,
2006,ROAD,2006-07-05,5,18,20,52,25,100,43,,
2006,PFEILER,2006-06-21,RP1,45,20,40,60,55,44,,
2006,PFEILER,2006-06-21,RP2,20,34,21,20,23,23.6,,
2006,PFEILER,2006-06-21,RP3,45,35,40,45,45,42,,
2006,PFEILER,2006-06-21,RP4,15,10,20,20,50,23,,
2006,PFEILER,2006-06-21,RP5,10,15,25,25,20,19,,
2006,PFEILER,2006-07-11,1,43,47,40,45,75,50,,
2006,PFEILER,2006-07-11,2,48,35,35,62,45,45,,
2006,PFEILER,2006-07-11,3,45,55,110,45,90,69,,
2006,PFEILER,2006-07-11,4,80,53,85,35,70,64.6,,
2006,PFEILER,2006-07-11,5,25,28,31,35,35,30.8,,
2006,PBM,2006-06-15,RP1,20,50,25,20,20,27,,
2006,PBM,2006-06-15,RP2,10,25,45,40,35,31,,
2006,PBM,2006-06-15,RP3,37,55,35,25,35,37.4,,
2006,PBM,2006-06-15,RP4,12,10,35,32,10,19.8,,
2006,PBM,2006-06-15,RP5,10,10,45,20,40,25,,
2006,PBM,2006-06-30,1,27,48,60,80,93,61.6,,
2006,PBM,2006-06-30,2,65,70,66,73,79,70.6,,
2006,PBM,2006-06-30,3,75,69,55,32,84,63,,
2006,PBM,2006-06-30,4,30,25,70,78,27,46,,
2006,PBM,2006-06-30,5,97,40,100,84,95,83.2,,
2006,PBM,2006-07-17,RP1,48,100,100,35,68,70.2,,
2006,PBM,2006-07-17,RP2,100,100,98,100,95,98.6,,
2006,PBM,2006-07-17,RP3,72,20,7,36,60,39,,
2006,PBM,2006-07-17,RP4,5,10,5,100,17,27.4,,
2006,PBM,2006-07-17,RP5,110,95,105,80,35,85,,
2006,PBM,2006-08-01,1,17,64,45,94,100,64,,
2006,PBM,2006-08-01,2,65,70,100,85,100,84,,
2006,PBM,2006-08-01,3,48,67,70,29,80,58.8,,
2006,PBM,2006-08-01,4,130,100,20,25,25,60,,
2006,PBM,2006-08-01,5,140,150,200,90,140,144,,
2007,ALMONT,2007-06-10,1,18,24,8,8,18,15.2,,
2007,ALMONT,2007-06-11,2,6,16,16,11,36,17,,
2007,ALMONT,2007-06-12,3,12,12,7,15,23,13.8,,
2007,ALMONT,2007-06-13,4,33,10,20,15,43,24.2,,
2007,ALMONT,2007-06-14,5,12,7,8,10,26,12.6,,
2007,CBT,2007-06-14,1,33,31,29,0,41,26.8,,
2007,CBT,2007-06-14,2,14,31,41,43,31,32,,
2007,CBT,2007-06-14,3,15,20,29,10.5,30,20.9,,
2007,CBT,2007-06-14,4,12,11,13,8,20,12.8,,
2007,CBT,2007-06-14,5,11,17,9,33,22,18.4,,
2007,ROAD,2007-06-18,1,12,31,20,10,34,21.4,,
2007,ROAD,2007-06-18,2,23,40,33,23,40,31.8,,
2007,ROAD,2007-06-18,3,7,12,23,34,30,21.2,,
2007,ROAD,2007-06-18,4,39,12,41,17,31,28,,
2007,ROAD,2007-06-18,5,8,19,14,7,29,15.4,,
2008,ALMONT,2008-06-11,1,18,14,37,14,15,19.6,,
2008,ALMONT,2008-06-11,2,5,6,15,14,7,9.4,,
2008,ALMONT,2008-06-11,3,11,19,39,9,18,19.2,,
2008,ALMONT,2008-06-11,4,12,18,27,25,36,23.6,,
2008,ALMONT,2008-06-11,5,20,41,25,22,27,27,,
2008,ROAD,2008-06-24,1C,27,33,31,20,19,26,,
2008,ROAD,2008-06-24,1W,22,19,28,28,18,23,,
2008,ROAD,2008-06-24,2C,29,15,26,14,20,20.8,,
2008,ROAD,2008-06-24,2W,17,16,26,13,19,18.2,,
2008,ROAD,2008-06-24,3C,40,42,39,27,31,35.8,,
2008,ROAD,2008-06-24,3W,54,26,25,29,34,33.6,,
2008,ROAD,2008-06-24,4C,17,23,22,26,13,20.2,,
2008,ROAD,2008-06-24,4W,27,16,16,12,21,18.4,,
2008,ROAD,2008-06-24,5C,21,24,41,31,36,30.6,,
2008,ROAD,2008-06-24,5W,21,30,26,24,10,22.2,,
2008,CBT,2008-06-16,1,25,22,14,18,9,17.6,,
2008,CBT,2008-06-16,2,32,46,24,29,29,32,,
2008,CBT,2008-06-16,3,48,53,44,47,47,47.8,,
2008,CBT,2008-06-16,4,17,14,14,20,21,17.2,,
2008,CBT,2008-06-16,5,14,15,10,11,17,13.4,,
2008,ROAD,2008-06-24,3C,40,42,39,27,31,35.8,,
2008,ROAD,2008-06-24,3W,37,26,25,29,34,30.2,,
2008,ROAD,2008-06-24,4W,21,27,16,16,12,18.4,,
2008,PFEILER,2008-06-30,1C,68,71,56,57,68,64,,
2008,PFEILER,2008-06-30,1W,64,60,61,58,62,61,,
2008,PFEILER,2008-06-30,2C,45,27,39,47,44,40.4,,
2008,PFEILER,2008-06-30,2W,60,43,33,58,53,49.4,,
2008,PFEILER,2008-06-30,3C,42,29,41,20,42,34.8,,
2008,PFEILER,2008-06-30,3W,50,26,25,36,46,36.6,,
2008,PFEILER,2008-06-30,4C,18,20,39,37,26,28,,
2008,PFEILER,2008-06-30,4W,23,21,17,26,23,22,,
2008,PFEILER,2008-06-30,5C,25,24,15,17,27,21.6,,
2008,PFEILER,2008-06-30,5W,25,37,18,18,15,22.6,,
2008,ALMONT,2008-07-08,1,62,29,19,56,46,42.4,,
2008,ALMONT,2008-07-08,2,7,7,14,18,26,14.4,,
2008,ALMONT,2008-07-08,3,30,13,20,16,21,20,,
2008,ALMONT,2008-07-08,4,38,25,22,29,30,28.8,,
2008,ALMONT,2008-07-08,5,54,52,37,29,25,39.4,,
2008,PFEILER,2008-07-16,1C,70,60,74,89,87,76,,
2008,PFEILER,2008-07-16,1W,84,83,87,84,76,82.8,,
2008,PFEILER,2008-07-16,2C,91,46,59,62,66,64.8,,
2008,PFEILER,2008-07-16,2W,70,51,72,68,68,65.8,,
2008,PFEILER,2008-07-16,3C,42,37,32,25,44,36,,
2008,PFEILER,2008-07-16,3W,79,42,47,23,61,50.4,,
2008,PFEILER,2008-07-16,4C,28,30,33,35,34,32,,
2008,PFEILER,2008-07-16,4W,28,39,61,49,30,41.4,,
2008,PFEILER,2008-07-16,5C,20,25,33,34,35,29.4,,
2008,PFEILER,2008-07-16,5W,26,22,15,24,29,23.2,,
2008,PBM,2008-07-18,1C,115,105,115,80,80,99,,
2008,PBM,2008-07-18,1W,105,45,35,100,100,77,,
2008,PBM,2008-07-18,2C,90,90,83,85,91,87.8,,
2008,PBM,2008-07-18,2W,80,77,100,100,85,88.4,,
2008,PBM,2008-07-18,3C,70,29,63,36,57,51,,
2008,PBM,2008-07-18,3W,27,30,37,30,20,28.8,,
2008,PBM,2008-07-18,4C,44,32,60,23,23,36.4,,
2008,PBM,2008-07-18,4W,21,16,49,29,12,25.4,,
2008,PBM,2008-07-18,5C,23,32,24,17,100,39.2,,
2008,PBM,2008-07-18,5W,15,23,48,75,80,48.2,,
2008,CBT,2008-07-22,1,56,52,37,58,41,48.8,,
2008,CBT,2008-07-22,2,53,61,57,53,52,55.2,,
2008,CBT,2008-07-22,3,63,111,76,61,60,74.2,,
2008,CBT,2008-07-22,4,56,81,74,94,75,76,,
2008,CBT,2008-07-22,5,51,39,46,41,56,46.6,,
2008,ROAD,2008-07-23,1C,36,36,30,37,46,37,,
2008,ROAD,2008-07-23,1W,56,49,77,61,54,59.4,,
2008,ROAD,2008-07-23,2C,27,85,32,46,31,44.2,,
2008,ROAD,2008-07-23,2W,27,27,37,39,20,30,,
2008,ROAD,2008-07-23,3C,47,39,59,60,37,48.4,,
2008,ROAD,2008-07-23,3W,46,54,51,51,48,50,,
2008,ROAD,2008-07-23,4C,34,16,42,55,41,37.6,,
2008,ROAD,2008-07-23,4W,28,28,37,79,49,44.2,,
2008,ROAD,2008-07-23,5C,43,52,46,46,37,44.8,,
2008,ROAD,2008-07-23,5W,51,52,89,45,40,55.4,,
2009,ALMONT,2009-06-08,1,19,7,23,23,22,18.8,,
2009,ALMONT,2009-06-08,2,12,29,29,20,36,25.2,,
2009,ALMONT,2009-06-08,3,24,18,23,25,11,20.2,,
2009,ALMONT,2009-06-08,4,28,42,30,41,26,33.4,,
2009,ALMONT,2009-06-08,5,0,0,0,0,38,7.6,,
2009,CBT,2009-06-15,1,12,8,14,5.5,7.5,23.876,,pulgadas
2009,CBT,2009-06-15,2,21,19,11,25,20,48.768,,pulgadas
2009,CBT,2009-06-15,3,13,10,13,14.5,16,33.782,,pulgadas
2009,CBT,2009-06-15,4,4.5,10,7,7.5,10.5,20.066,,pulgadas
2009,CBT,2009-06-15,5,23,17,27,20,36,62.484,,pulgadas
2009,ROAD,2009-06-16,1,21,22,29,20,16,21.6,,
2009,ROAD,2009-06-16,2,23,19,17,19,31,21.8,,
2009,ROAD,2009-06-16,3,25,23,28,16,28,24,,
2009,ROAD,2009-06-16,4,26,33,50,22,39,34,,
2009,ROAD,2009-06-16,5,18,24,14,32,23,22.2,,
2009,PFEILER,2009-06-23,1,52,54,64,38,57,53,,
2009,PFEILER,2009-06-23,2,63,58,27,70,60,55.6,,
2009,PFEILER,2009-06-23,3,46,16,13,25,22,24.4,,
2009,PFEILER,2009-06-23,4,27,34,17,23,32,26.6,,
2009,PFEILER,2009-06-23,5,24,20,21,17,18,20,,
2009,PBM,2009-06-29,1,63,49,57,63,53,57,,
2009,PBM,2009-06-29,2,57,68,78,67,72,68.4,,
2009,PBM,2009-06-29,3,45,36,37,37,37,38.4,,
2009,PBM,2009-06-29,4,35,22,25,26,39,29.4,,
2009,PBM,2009-06-29,5,44,37,38,37,35,38.2,,
2009,ALMONT,2009-07-07,1,7,6,20,20,16,13.8,late,
2009,ALMONT,2009-07-07,2,25,10,31,15,29,22,,
2009,ALMONT,2009-07-07,3,19,16,21,9,20,17,,
2009,ALMONT,2009-07-07,4,21,37,39,8,6,22.2,,
2009,ALMONT,2009-07-07,5,0,22,0,0,41,12.6,,
2009,ROAD,2009-07-14,1,40,51,44,42,16,38.6,,
2009,ROAD,2009-07-14,2,58,46,49,27,45,45,,
2009,ROAD,2009-07-14,3,44,39,27,30,33,34.6,,
2009,ROAD,2009-07-14,4,29,68,41,56,42,47.2,,
2009,ROAD,2009-07-14,5,57,35,62,43,40,47.4,,
2009,PBM,2009-07-28,1,90,109,118,101,51,93.8,,
2009,PBM,2009-07-28,2,149,119,126,107,131,126.4,,
2009,PBM,2009-07-28,3,57,128,75,76,79,83,,
2009,PBM,2009-07-28,4,44,55,52,59,62,54.4,,
2009,PBM,2009-07-28,5,48,84,68,70,76,69.2,,
2011,ALMONT,2011-06-06,1,16,18,8,6,39,29,,
2011,ALMONT,2011-06-06,2,18,32,16,7.5,34,43.4,,
2011,ALMONT,2011-06-06,3,8,15,10,8,41,36.4,,
2011,ALMONT,2011-06-06,4,12,31,33,37,25,28.8,,
2011,ALMONT,2011-06-06,5,8,17,18,19,13,33.8,,
2011,CBT,2011-06-13,1,24,31,41,32,44,37.4,,
2011,CBT,2011-06-13,2,21,9,29,23,20,20,,
2011,CBT,2011-06-13,3,26,28,38,44,43,29.2,,
2011,CBT,2011-06-13,4,18,12,15,19,16,29,,
2011,CBT,2011-06-13,5,17,18,23,17,10,16,,
2011,ALMONT,2011-06-17,1,17,19,18,9,38,27,,
2011,ALMONT,2011-06-17,2,11,15,30,20,26,42.4,,
2011,ALMONT,2011-06-17,3,13,27,10,11,38,39.2,,
2011,ALMONT,2011-06-17,4,31,28,26,16,23,29.2,,
2011,ALMONT,2011-06-17,5,18,22,15,20,23,42.2,,
2011,ROAD,2011-06-21,1,18,22,20,25,24,22.2,,
2011,ROAD,2011-06-21,2,21,22,24,16,27,33,,
2011,ROAD,2011-06-21,3,18,29,25,22,42,34.8,,
2011,ROAD,2011-06-21,4,31,27,37,29,44,33.8,,
2011,ROAD,2011-06-21,5,31,21,49,40,51,57,,
2011,ALMONT,2011-06-28,1,11,5,42,41,40,23,,
2011,ALMONT,2011-06-28,2,17,37,24,15,28,49.4,,
2011,ALMONT,2011-06-28,3,35,29,6,9,33,58,,
2011,ALMONT,2011-06-28,4,29,21,23,12,22,25.6,,
2011,ALMONT,2011-06-28,5,19,15,21,17,14,33.6,,
2011,CBT,2011-07-01,1,72,53,42,39,77,43.6,,
2011,CBT,2011-07-01,2,29,47,42,42,30,29,,
2011,CBT,2011-07-01,3,39,42,43,54,51,36.6,,
2011,CBT,2011-07-01,4,31,37,25,27,39,34.2,,
2011,CBT,2011-07-01,5,30,35,31,40,28,20.6,,
2011,ROAD,2011-07-01,1,27,19,34,19,23,41,,
2011,ROAD,2011-07-01,2,37,28,13,25,31,48.8,,
2011,ROAD,2011-07-01,3,49,25,25,33,52,47.2,,
2011,ROAD,2011-07-01,4,44,42,48,55,49,19.8,,
2011,ROAD,2011-07-01,5,29,40,86,77,86,15,,
2011,CBT,2011-07-12,1,39,54,65,77,53,31.2,,
2011,CBT,2011-07-12,2,59,49,48,48,54,36,,
2011,CBT,2011-07-12,3,54,66,58,46,76,33.8,,
2011,CBT,2011-07-12,4,50,60,44,46,63,35.4,,
2011,CBT,2011-07-12,5,46,54,54,48,56,75,,
2011,PBM,2011-07-12,1,51,48,39,43,24,36.2,,
2011,PBM,2011-07-12,2,49,53,46,55,52,30.2,,
2011,PBM,2011-07-12,3,56,52,53,58,59,35.8,,
2011,PBM,2011-07-12,4,28,25,18,33,20,36.4,,
2011,PBM,2011-07-12,5,13,15,11,21,17,39,,
2011,PFEILER,2011-07-12,1,66,63,71,37,73,57.8,,
2011,PFEILER,2011-07-12,2,75,89,64,81,89,93.6,,
2011,PFEILER,2011-07-12,3,76,80,74,78,77,87.6,,
2011,PFEILER,2011-07-12,4,47,58,56,68,53,39.8,,
2011,PFEILER,2011-07-12,5,43,37,42,34,47,46,,
2011,ROAD,2011-07-12,1,63,19,40,26,26,54.4,,
2011,ROAD,2011-07-12,2,15,29,25,28,52,37.2,,
2011,ROAD,2011-07-12,3,46,60,32,27,46,43.4,,
2011,ROAD,2011-07-12,4,58,54,65,52,48,48.4,,
2011,ROAD,2011-07-12,5,78,88,100,114,111,33.2,,
2011,CBT,2011-07-25,1,67,64,76,84,80,68.2,,
2011,CBT,2011-07-25,2,62,86,67,52,60,106.2,,
2011,CBT,2011-07-25,3,70,85,71,78,79,97.2,,
2011,CBT,2011-07-25,4,71,71,65,83,114,39.6,,
2011,CBT,2011-07-25,5,74,76,79,79,108,23.6,,
2011,PBM,2011-07-25,1,91,84,72,82,95,47.8,,
2011,PBM,2011-07-25,2,100,79,99,94,98,38.4,,
2011,PBM,2011-07-25,3,116,108,117,112,119,44.8,,
2011,PBM,2011-07-25,4,45,36,37,43,43,42.2,,
2011,PBM,2011-07-25,5,29,32,23,20,23,72,,
2011,PFEILER,2011-07-25,1,11,82,108,117,125,64,,
2011,PFEILER,2011-07-25,2,88,96,90,86,96,95,,
2011,PFEILER,2011-07-25,3,80,104,98,95,106,104,,
2011,PFEILER,2011-07-25,4,88,84,80,93,82,50,,
2011,PFEILER,2011-07-25,5,52,59,68,52,65,58.2,,
2011,ROAD,2011-07-25,1,20,58,56,50,51,115.8,,
2011,ROAD,2011-07-25,2,41,48,37,22,53,101.4,,
2011,ROAD,2011-07-25,3,40,56,44,36,45,42.2,,
2011,ROAD,2011-07-25,4,83,88,81,96,85,26.4,,
2011,ROAD,2011-07-25,5,151,94,89,140,164,40.8,,
2011,CBT,2011-08-03,1,54,86,76,63,65,26.2,,
2011,CBT,2011-08-03,2,78,63,94,79,79,28.6,,
2011,CBT,2011-08-03,3,98,79,91,106,81,42.2,,
2011,CBT,2011-08-03,4,92,93,95,103,117,37.6,,
2011,CBT,2011-08-03,5,98,84,103,93,111,22,,
2011,PBM,2011-08-03,1,74,69,81,94,100,21.4,,
2011,PBM,2011-08-03,2,91,92,108,61,68,20.4,,
2011,PBM,2011-08-03,3,112,115,131,107,134,25.4,,
2011,PBM,2011-08-03,4,45,65,56,52,55,39,,
2011,PBM,2011-08-03,5,47,42,23,21,0,36.4,,
2011,PFEILER,2011-08-03,1,70,116,101,93,89,56,,
2011,PFEILER,2011-08-03,2,64,92,80,86,90,49.4,,
2011,PFEILER,2011-08-03,3,96,110,79,87,83,53,,
2011,PFEILER,2011-08-03,4,91,106,77,91,77,52,,
2011,PFEILER,2011-08-03,5,56,57,52,58,77,40.6,,
2011,ROAD,2011-08-03,1,48,25,38,65,26,62,,
2011,ROAD,2011-08-03,2,22,48,59,32,24,52,,
2011,ROAD,2011-08-03,3,41,41,41,37,60,59.2,,
2011,ROAD,2011-08-03,4,91,92,100,94,84,92.2,,
2011,ROAD,2011-08-03,5,91,105,142,153,171,132.4,,
2012,ALMONT,2012-05-09,5,36,33,9,27,15,24,,
2012,ALMONT,2012-05-09,4,14,23,14,9,12,14.4,,
2012,ALMONT,2012-05-09,3,9,15,15,15,27,16.2,,
2012,ALMONT,2012-05-09,2,11,15,15,15,27,16.6,,
2012,ALMONT,2012-05-09,1,13,53,37,41,42,37.2,,
2012,CBT,2012-05-18,1,13,19,20,18,32,20.4,,
2012,CBT,2012-05-18,2,34,10,8,9,17,15.6,,
2012,CBT,2012-05-18,3,34,20,15,12,35,23.2,,
2012,CBT,2012-05-18,4,16,20,11,13,19,15.8,,
2012,CBT,2012-05-18,5,15,15,14,8,8,12,,
2012,ROAD,2012-05-23,1,12,20,16,14,28,18,,
2012,ROAD,2012-05-23,2,21,18,33,16,20,21.6,,
2012,ROAD,2012-05-23,3,26,24,18,13,24,21,,
2012,ROAD,2012-05-23,4,33,11,15,15,29,20.6,,
2012,ROAD,2012-05-23,5,21,28,30,11,37,25.4,,
2012,PFEILER,2012-05-22,1,15,15,12,13,14,13.8,,
2012,PFEILER,2012-05-22,2,22,25,24,24,25,24,,
2012,PFEILER,2012-05-22,3,26,33,30,25,35,29.8,,
2012,PFEILER,2012-05-22,4,13,15,17,21,15,16.2,,
2012,PFEILER,2012-05-22,5,26,21,31,19,37,26.8,,
2012,ALMONT,2012-05-30,1,34,48,37,39,45,40.6,,
2012,ALMONT,2012-05-30,2,12,14,12,17,30,17,,
2012,ALMONT,2012-05-30,3,12,12,26,10,16,15.2,,
2012,ALMONT,2012-05-30,4,23,15,13,8,11,14,,
2012,ALMONT,2012-05-30,5,25,36,15,30,16,24.4,,
2012,ROAD,2012-06-04,1,21,30,32,25,19,25.4,,
2012,ROAD,2012-06-04,2,21,29,22,26,24,24.4,,
2012,ROAD,2012-06-04,3,30,20,17,21,25,22.6,,
2012,ROAD,2012-06-04,4,22,41,25,19,35,28.4,,
2012,ROAD,2012-06-04,5,51,12,48,33,66,42,,
2012,CBT,2012-06-04,1,34,17,21,16,39,25.4,,
2012,CBT,2012-06-04,2,40,25,13,13,20,22.2,,
2012,CBT,2012-06-04,3,36,18,18,13,42,25.4,,
2012,CBT,2012-06-04,4,20,13,18,17,27,19,,
2012,CBT,2012-06-04,5,11,23,26,18,13,18.2,,
2012,PFEILER,2012-06-07,1,13,16,22,14,24,17.8,,
2012,PFEILER,2012-06-07,2,40,48,49,45,44,45.2,,
2012,PFEILER,2012-06-07,3,55,52,53,31,48,47.8,,
2012,PFEILER,2012-06-07,4,29,33,21,18,19,24,,
2012,PFEILER,2012-06-07,5,23,34,18,29,39,28.6,,
2012,PBM,2012-06-07,1,26,24,21,29,26,25.2,,
2012,PBM,2012-06-07,2,49,41,40,42,50,44.4,,
2012,PBM,2012-06-07,3,52,37,54,45,53,48.2,,
2012,PBM,2012-06-07,4,36,36,17,19,34,28.4,,
2012,PBM,2012-06-07,5,17,19,19,18,20,18.6,,
2012,ALMONT,2012-06-11,1,48,15,41,40,39,36.6,,
2012,ALMONT,2012-06-11,2,12,13,17,30,15,17.4,,
2012,ALMONT,2012-06-11,3,18,12,14,28,23,19,,
2012,ALMONT,2012-06-11,4,9,16,16,22,11,14.8,,
2012,ALMONT,2012-06-11,5,26,11,16,36,13,20.4,,
2012,PBM,2012-06-18,1,31,59,27,25,130,54.4,,
2012,PBM,2012-06-18,2,49,73,70,84,69,69,,
2012,PBM,2012-06-18,3,50,90,90,86,108,84.8,,
2012,PBM,2012-06-18,4,50,47,23,20,35,35,,
2012,PBM,2012-06-18,5,22,28,27,14,23,22.8,,
2012,PFEILER,2012-06-21,1,24,28,23,32,17,24.8,,
2012,PFEILER,2012-06-21,2,35,56,58,63,48,52,,
2012,PFEILER,2012-06-21,3,59,61,66,50,61,59.4,,
2012,PFEILER,2012-06-21,4,37,30,34,33,27,32.2,,
2012,PFEILER,2012-06-21,5,37,31,38,22,37,33,,
2012,ROAD,2012-06-21,1,27,27,34,26,33,29.4,,
2012,ROAD,2012-06-21,2,25,33,27,30,26,28.2,,
2012,ROAD,2012-06-21,3,23,25,15,24,17,20.8,,
2012,ROAD,2012-06-21,4,36,24,13,16,30,23.8,,
2012,ROAD,2012-06-21,5,36,72,74,65,68,63,,
2012,CBT,2012-06-25,1,33,26,45,19,25,29.6,,
2012,CBT,2012-06-25,2,26,39,14,21,24,24.8,,
2012,CBT,2012-06-25,3,27,39,16,20,40,28.4,,
2012,CBT,2012-06-25,4,25,28,17,22,31,24.6,,
2012,CBT,2012-06-25,5,21,26,24,17,33,24.2,,
2012,ALMONT,2012-06-27,1,33,42,35,52,37,39.8,,
2012,ALMONT,2012-06-27,2,12,13,23,15,22,17,,
2012,ALMONT,2012-06-27,3,8,28,0,20,25,16.2,,
2012,ALMONT,2012-06-27,4,19,14,12,6,5,11.2,,
2012,ALMONT,2012-06-27,5,0,23,35,24,13,19,,
2012,ROAD,2012-07-03,1,28,34,35,37,24,31.6,,
2012,ROAD,2012-07-03,2,37,30,38,35,30,34,,
2012,ROAD,2012-07-03,3,27,14,27,11,26,21,,
2012,ROAD,2012-07-03,4,17,25,15,14,22,18.6,,
2012,ROAD,2012-07-03,5,82,34,22,74,67,55.8,,
2012,PBM,2012-07-03,1,68,37,79,33,36,50.6,,
2012,PBM,2012-07-03,2,108,95,96,92,94,97,,
2012,PBM,2012-07-03,3,107,123,142,56,114,108.4,,
2012,PBM,2012-07-03,4,45,51,39,24,40,39.8,,
2012,PBM,2012-07-03,5,26,41,40,39,19,33,,
2012,PFEILER,2012-07-09,1,43,46,37,37,30,38.6,,
2012,PFEILER,2012-07-09,2,67,57,61,44,79,61.6,,
2012,PFEILER,2012-07-09,3,59,65,64,66,72,65.2,,
2012,PFEILER,2012-07-09,4,57,59,68,29,41,50.8,,
2012,PFEILER,2012-07-09,5,55,44,41,26,58,44.8,,
2012,PBM,2012-07-16,1,65,33,50,79,52,55.8,,
2012,PBM,2012-07-16,2,74,89,90,68,91,82.4,,
2012,PBM,2012-07-16,3,51,98,117,126,121,102.6,,
2012,PBM,2012-07-16,4,55,47,24,45,40,42.2,,
2012,PBM,2012-07-16,5,29,38,22,45,16,30,,
2012,CINNAMON,2012-07-23,1,43,35,25,23,51,35.4,,
2012,CINNAMON,2012-07-23,2,60,47,45,46,34,46.4,,
2012,CINNAMON,2012-07-23,3,27,43,26,23,33,30.4,,
2012,CINNAMON,2012-07-23,4,26,19,42,38,27,30.4,,
2012,CINNAMON,2012-07-23,5,19,16,18,17,17,17.4,,
2012,CBT,2012-07-24,1,47,20,51,33,31,36.4,,
2012,CBT,2012-07-24,2,12,17,39,28,43,27.8,,
2012,CBT,2012-07-24,3,45,19,27,29,42,32.4,,
2012,CBT,2012-07-24,4,31,40,37,37,49,38.8,,
2012,CBT,2012-07-24,5,43,32,37,33,52,39.4,,
2012,ROAD,2012-07-24,1,33,27,38,42,36,35.2,,
2012,ROAD,2012-07-24,2,40,37,35,50,28,38,,
2012,ROAD,2012-07-24,3,13,17,26,25,30,22.2,,
2012,ROAD,2012-07-24,4,7,14,31,31,23,21.2,,
2012,ROAD,2012-07-24,5,39,55,39,68,74,55,,
2012,PFEILER,2012-07-24,1,51,50,39,49,30,43.8,,
2012,PFEILER,2012-07-24,2,76,64,52,61,68,64.2,,
2012,PFEILER,2012-07-24,3,39,63,88,60,75,65,,
2012,PFEILER,2012-07-24,4,61,71,36,62,67,59.4,,
2012,PFEILER,2012-07-24,5,52,59,56,51,59,55.4,,
2012,PBM,2012-08-09,1,31,32,64,26,34,37.4,,
2012,PBM,2012-08-09,2,61,56,32,70,28,49.4,,
2012,PBM,2012-08-09,3,38,33,74,38,78,52.2,,
2012,PBM,2012-08-09,4,44,48,50,22,35,39.8,,
2012,PBM,2012-08-09,5,45,41,13,42,18,31.8,,
2013,ALMONT,2013-05-19,1,20,13,20,36,27,23.2,,
2013,ALMONT,2013-05-19,2,13,39,18,37,42,29.8,,
2013,ALMONT,2013-05-19,3,37,13,26,18,19,22.6,,
2013,ALMONT,2013-05-19,4,19,22,14,17,20,18.4,,
2013,ALMONT,2013-05-19,5,17,18,20,10,13,15.6,,
2013,CBT,2013-05-22,1,13,20,27,18,17,19,,
2013,CBT,2013-05-22,2,10,10,10,11,15,11.2,,
2013,CBT,2013-05-22,3,10,8,9,12,9,9.6,,
2013,CBT,2013-05-22,4,10,8,9,12,11,10,,
2013,CBT,2013-05-22,5,27,37,9,7,43,24.6,,
2013,ALMONT,2013-06-12,1,28,31,34,14,15,24.4,,
2013,ALMONT,2013-06-12,2,19,60,41,41,49,42,,
2013,ALMONT,2013-06-12,3,53,45,25,28,59,42,,
2013,ALMONT,2013-06-12,4,51,50,42,12,47,40.4,,
2013,ALMONT,2013-06-12,5,26,14,47,39,35,32.2,,
2013,CBT,2013-06-12,1,35,36,29,50,27,35.4,,
2013,CBT,2013-06-12,2,19,21,17,16,16,17.8,,
2013,CBT,2013-06-12,3,15,17,23,19,16,18,,
2013,CBT,2013-06-12,4,21,16,20,19,17,18.6,,
2013,CBT,2013-06-12,5,40,32,25,28,41,33.2,,
2013,PFEILER,2013-06-12,1,34,29,34,26,31,30.8,,
2013,PFEILER,2013-06-12,2,22,31,22,21,24,24,,
2013,PFEILER,2013-06-12,3,41,55,41,40,36,42.6,,
2013,PFEILER,2013-06-12,4,37,38,39,25,38,35.4,,
2013,PFEILER,2013-06-12,5,64,72,73,55,75,67.8,,
2013,ROAD,2013-06-12,1,34,29,34,26,31,30.8,,
2013,ROAD,2013-06-12,2,22,31,22,21,24,24,,
2013,ROAD,2013-06-12,3,41,55,41,40,36,42.6,,
2013,ROAD,2013-06-12,4,37,38,39,25,38,35.4,,
2013,ROAD,2013-06-12,5,64,72,73,55,75,67.8,,
2013,ALMONT,2013-06-21,1,30,18,37,57,34,35.2,,
2013,ALMONT,2013-06-21,2,53,17,39,44,46,39.8,,
2013,ALMONT,2013-06-21,3,26,48,39,60,33,41.2,,
2013,ALMONT,2013-06-21,4,40,24,50,39,43,39.2,,
2013,ALMONT,2013-06-21,5,21,16,15,31,28,22.2,,
2013,PBM,2013-06-24,1,23,19,37,40,41,32,,
2013,PBM,2013-06-24,2,56,49,56,52,55,53.6,,
2013,PBM,2013-06-24,3,43,100,101,85,90,83.8,,
2013,PBM,2013-06-24,4,20,22,40,41,42,33,,
2013,PBM,2013-06-24,5,15,17,21,16,40,21.8,,
2013,PFEILER,2013-06-24,1,19,23,32,41,60,35,,
2013,PFEILER,2013-06-24,2,57,54,58,62,50,56.2,,
2013,PFEILER,2013-06-24,3,69,71,74,68,68,70,,
2013,PFEILER,2013-06-24,4,21,29,58,40,37,37,,
2013,PFEILER,2013-06-24,5,45,37,45,24,44,39,,
2013,CBT,2013-07-01,1,59,44,37,34,41,43,,
2013,CBT,2013-07-01,2,39,18,32,25,31,29,,
2013,CBT,2013-07-01,3,20,15,20,23,19,19.4,,
2013,CBT,2013-07-01,4,35,44,30,43,23,35,,
2013,CBT,2013-07-01,5,43,44,57,41,56,48.2,,
2013,ROAD,2013-07-09,1,60,52,60,81,64,63.4,,
2013,ROAD,2013-07-09,2,50,36,53,34,32,41,,
2013,ROAD,2013-07-09,3,39,36,67,79,45,53.2,,
2013,ROAD,2013-07-09,4,57,29,41,42,46,43,,
2013,ROAD,2013-07-09,5,106,111,105,103,119,108.8,,
2013,CBT,2013-07-18,1,7,44,48,44,46,37.8,,
2013,CBT,2013-07-18,2,388,30,36,35,42,106.2,,
2013,CBT,2013-07-18,3,35,42,25,51,34,37.4,,
2013,CBT,2013-07-18,4,49,59,42,47,34,46.2,,
2013,CBT,2013-07-18,5,40,42,44,47,53,45.2,,
2013,ROAD,2013-07-18,1,68,52,58,60,66,60.8,,
2013,ROAD,2013-07-18,2,43,58,39,56,32,45.6,,
2013,ROAD,2013-07-18,3,44,60,50,48,49,50.2,,
2013,ROAD,2013-07-18,4,37,43,42,47,51,44,,
2013,ROAD,2013-07-18,96,104,128,106,105,126,113.8,,
2013,PFEILER,2013-07-22,1,30,31,51,58,47,43.4,,
2013,PFEILER,2013-07-22,2,59,60,54,59,55,57.4,,
2013,PFEILER,2013-07-22,3,70,70,107,71,97,83,,
2013,PFEILER,2013-07-22,4,36,42,87,57,40,52.4,,
2013,PFEILER,2013-07-22,5,59,71,53,47,44,54.8,,
2013,PBM,2013-07-29,1,129,60,49,36,73,69.4,,
2013,PBM,2013-07-29,2,78,141,70,72,80,88.2,,
2013,PBM,2013-07-29,3,88,81,52,101,111,86.6,,
2013,PBM,2013-07-29,4,30,66,53,38,25,42.4,,
2013,PBM,2013-07-29,5,12,14,7,17,42,18.4,,
2013,PFEILER,2013-07-29,1,32,35,41,57,47,42.4,,
2013,PFEILER,2013-07-29,2,61,64,51,58,60,58.8,,
2013,PFEILER,2013-07-29,3,75,69,69,75,95,76.6,,
2013,PFEILER,2013-07-29,4,43,41,59,61,46,50,,
2013,PFEILER,2013-07-29,5,49,64,44,43,42,48.4,,
2013,CBT,2013-07-30,1,49,44,39,46,41,43.8,,
2013,CBT,2013-07-30,2,26,41,38,46,41,38.4,,
2013,CBT,2013-07-30,3,32,34,36,62,53,43.4,,
2013,CBT,2013-07-30,4,68,64,69,60,60,64.2,,
2013,CBT,2013-07-30,5,41,36,39,33,48,39.4,,
2013,CINNAMON,2013-07-31,1,39,28,38,30,43,35.6,,
2013,CINNAMON,2013-07-31,2,22,22,21,29,21,23,,
2013,CINNAMON,2013-07-31,3,35,30,37,26,26,30.8,,
2013,CINNAMON,2013-07-31,4,27,36,26,24,22,27,,
2013,CINNAMON,2013-07-31,5,23,21,16,16,21,19.4,,
2014,ALMONT,2014-06-03,1,59,42,16,10,18,29,,
2014,ALMONT,2014-06-03,2,56,41,47,28,45,43.4,,
2014,ALMONT,2014-06-03,3,54,38,35,24,31,36.4,,
2014,ALMONT,2014-06-03,4,39,31,25,35,14,28.8,,
2014,ALMONT,2014-06-03,5,20,40,35,17,57,33.8,,
2014,CBT,2014-06-10,1,38,49,45,12,43,37.4,,
2014,CBT,2014-06-11,2,19,16,18,19,28,20,,
2014,CBT,2014-06-12,3,17,12,38,37,42,29.2,,
2014,CBT,2014-06-13,4,10,8,39,41,47,29,,
2014,CBT,2014-06-14,5,13,14,20,17,16,16,,
2014,ALMONT,2014-06-15,1,15,62,15,21,22,27,,
2014,ALMONT,2014-06-15,2,72,25,45,32,38,42.4,,
2014,ALMONT,2014-06-15,3,45,47,46,23,35,39.2,,
2014,ALMONT,2014-06-15,4,32,31,21,43,19,29.2,,
2014,ALMONT,2014-06-15,5,50,43,24,32,62,42.2,,
2014,ROAD,2014-06-17,1,26,20,18,27,20,22.2,,
2014,ROAD,2014-06-17,2,47,23,27,27,41,33,,
2014,ROAD,2014-06-17,3,30,40,27,29,48,34.8,,
2014,ROAD,2014-06-17,4,28,26,29,39,47,33.8,,
2014,ROAD,2014-06-17,5,73,18,16,84,94,57,,
2014,PFEILER,2014-06-24,1,16,43,23,15,18,23,,
2014,PFEILER,2014-06-24,2,50,56,44,49,48,49.4,,
2014,PFEILER,2014-06-24,3,57,58,59,57,59,58,,
2014,PFEILER,2014-06-24,4,29,24,27,23,25,25.6,,
2014,PFEILER,2014-06-24,5,34,25,38,38,33,33.6,,
2014,CBT,2014-06-24,1,41,17,45,60,55,43.6,,
2014,CBT,2014-06-24,2,25,23,23,24,50,29,,
2014,CBT,2014-06-24,3,20,23,39,57,44,36.6,,
2014,CBT,2014-06-24,4,22,36,34,29,50,34.2,,
2014,CBT,2014-06-24,5,21,22,18,15,27,20.6,,
2014,PBM,2014-07-01,1,50,21,43,45,46,41,,
2014,PBM,2014-07-01,2,50,51,46,47,50,48.8,,
2014,PBM,2014-07-01,3,23,45,67,23,78,47.2,,
2014,PBM,2014-07-01,4,11,24,23,24,17,19.8,,
2014,PBM,2014-07-01,5,13,17,14,14,17,15,,
2014,ROAD,2014-07-02,1,24,30,28,46,28,31.2,,
2014,ROAD,2014-07-02,2,44,42,23,27,44,36,,
2014,ROAD,2014-07-02,3,29,25,40,27,48,33.8,,
2014,ROAD,2014-07-02,4,23,29,40,34,51,35.4,,
2014,ROAD,2014-07-02,5,37,32,98,94,114,75,,
2014,ALMONT,2014-07-08,1,74,17,45,25,20,36.2,,
2014,ALMONT,2014-07-08,2,50,33,18,30,20,30.2,,
2014,ALMONT,2014-07-08,3,32,43,44,24,36,35.8,,
2014,ALMONT,2014-07-08,4,46,40,45,33,18,36.4,,
2014,ALMONT,2014-07-08,5,37,49,41,23,45,39,,
2014,PFEILER,2014-07-10,1,100,75,22,39,53,57.8,,
2014,PFEILER,2014-07-10,2,127,73,113,63,92,93.6,,
2014,PFEILER,2014-07-10,3,102,97,90,43,106,87.6,,
2014,PFEILER,2014-07-10,4,36,34,40,47,42,39.8,,
2014,PFEILER,2014-07-10,5,30,50,50,43,57,46,,
2014,CBT,2014-07-15,1,45,15,53,91,68,54.4,,
2014,CBT,2014-07-15,2,35,32,33,39,47,37.2,,
2014,CBT,2014-07-15,3,53,38,35,45,46,43.4,,
2014,CBT,2014-07-15,4,42,49,35,56,60,48.4,,
2014,CBT,2014-07-15,5,33,25,26,46,36,33.2,,
2014,PBM,2014-07-16,1,79,70,57,67,68,68.2,,
2014,PBM,2014-07-16,2,102,114,113,102,100,106.2,,
2014,PBM,2014-07-16,3,118,16,111,118,123,97.2,,
2014,PBM,2014-07-16,4,37,29,37,53,42,39.6,,
2014,PBM,2014-07-16,5,17,6,35,29,31,23.6,,
2014,ROAD,2014-07-17,1,40,50,38,54,57,47.8,,
2014,ROAD,2014-07-17,2,36,46,37,16,57,38.4,,
2014,ROAD,2014-07-17,3,40,30,41,42,71,44.8,,
2014,ROAD,2014-07-17,4,45,29,42,42,53,42.2,,
2014,ROAD,2014-07-17,5,41,51,91,61,116,72,,
2014,PFEILER,2014-07-21,1,41,107,55,29,88,64,,
2014,PFEILER,2014-07-21,2,134,82,73,79,107,95,,
2014,PFEILER,2014-07-21,3,111,121,85,93,110,104,,
2014,PFEILER,2014-07-21,4,43,46,62,44,55,50,,
2014,PFEILER,2014-07-21,5,60,59,42,62,68,58.2,,
2014,PBM,2014-07-21,1,65,71,80,84,,115.8,,
2014,PBM,2014-07-21,2,120,111,116,116,116,115.8,,
2014,PBM,2014-07-21,3,24,119,119,123,122,101.4,,
2014,PBM,2014-07-21,4,56,22,39,53,41,42.2,,
2014,PBM,2014-07-21,5,17,34,40,8,33,26.4,,
2014,CINNAMON,2014-08-06,1,35,27,39,59,44,40.8,,
2014,CINNAMON,2014-08-06,2,35,27,23,28,18,26.2,,
2014,CINNAMON,2014-08-06,3,27,24,31,34,27,28.6,,
2014,CINNAMON,2014-08-06,4,36,43,34,61,37,42.2,,
2014,CINNAMON,2014-08-06,5,31,25,44,55,33,37.6,,
2014,ALMONT,2014-08-13,1,22,19,21,25,23,22,,
2014,ALMONT,2014-08-13,2,25,23,16,33,10,21.4,,
2014,ALMONT,2014-08-13,3,15,14,13,25,35,20.4,,
2014,ALMONT,2014-08-13,4,13,16,16,36,46,25.4,,
2014,ALMONT,2014-08-13,5,55,20,35,37,48,39,,
2014,CBT,2014-08-14,1,36,54,51,0,41,36.4,,
2014,CBT,2014-08-14,2,50,44,63,74,49,56,,
2014,CBT,2014-08-14,3,33,59,42,54,59,49.4,,
2014,CBT,2014-08-14,4,47,73,27,60,58,53,,
2014,CBT,2014-08-14,5,,,,,,52,,
2014,ROAD,2014-08-14,1,43,66,41,54,56,52,,
2014,ROAD,2014-08-14,2,30,35,52,42,44,40.6,,
2014,ROAD,2014-08-14,3,60,58,58,56,78,62,,
2014,ROAD,2014-08-14,4,59,19,68,35,79,52,,
2014,ROAD,2014-08-14,5,61,44,58,70,63,59.2,,
2015,ALMONT,2015-05-20,1,9,33,25,13,21,20.2,,
2015,ALMONT,2015-05-20,2,18,25,37,33,23,27.2,,
2015,ALMONT,2015-05-20,3,35,28,32,19,7,24.2,,
2015,ALMONT,2015-05-20,4,17,26,28,29,33,26.6,,
2015,ALMONT,2015-05-20,5,28,13,23,14,12,18,,
2015,CBT,2015-05-27,1,29,13,32,31,31,27.2,,
2015,CBT,2015-05-27,2,16,18,19,16,48,23.4,,
2015,CBT,2015-05-27,3,12,29,15,17,15,17.6,,
2015,CBT,2015-05-27,4,54,11,13,38,11,25.4,,
2015,CBT,2015-05-27,5,10,14,19,7,13,12.6,,
2015,ROAD,2015-05-29,1,16,29,14,22,19,20,,
2015,ROAD,2015-05-29,2,12,10,12,16,21,14.2,,
2015,ROAD,2015-05-29,3,19,27,25,26,40,27.4,,
2015,ROAD,2015-05-29,4,22,25,15,27,33,24.4,,
2015,ROAD,2015-05-29,5,21,32,25,35,19,26.4,,
2015,ALMONT,2015-06-01,1,12,20,15,40,25,22.4,,
2015,ALMONT,2015-06-01,2,26,38,43,35,3,29,,
2015,ALMONT,2015-06-01,3,11,48,19,22,26,25.2,,
2015,ALMONT,2015-06-01,4,25,33,43,37,37,35,,
2015,ALMONT,2015-06-01,5,12,39,12,28,12,20.6,,
2015,CBT,2015-06-11,1,53,51,27,56,51,47.6,,
2015,CBT,2015-06-11,2,31,29,41,30,41,34.4,,
2015,CBT,2015-06-11,3,27,30,23,23,20,24.6,,
2015,CBT,2015-06-11,4,36,27,33,29,55,36,,
2015,CBT,2015-06-11,5,19,22,21,25,24,22.2,,
2015,ROAD,2015-06-11,1,30,10,28,35,34,27.4,,
2015,ROAD,2015-06-11,2,22,28,24,27,34,27,,
2015,ROAD,2015-06-11,3,32,37,40,41,39,37.8,,
2015,ROAD,2015-06-11,4,29,28,32,44,40,34.6,,
2015,ROAD,2015-06-11,5,68,60,64,57,69,63.6,,
2015,PFEILER,2015-06-22,1,20,15,28,14,16,18.6,,
2015,PFEILER,2015-06-22,2,44,56,63,34,51,49.6,,
2015,PFEILER,2015-06-22,3,64,65,62,61,64,63.2,,
2015,PFEILER,2015-06-22,4,39,47,36,44,42,41.6,,
2015,PFEILER,2015-06-22,5,45,50,44,49,43,46.2,,
2015,ALMONT,2015-06-23,1,24,15,45,32,17,26.6,,
2015,ALMONT,2015-06-23,2,18,5,55,23,14,23,,
2015,ALMONT,2015-06-23,3,27,28,19,6,36,23.2,,
2015,ALMONT,2015-06-23,4,25,21,24,44,53,33.4,,
2015,ALMONT,2015-06-23,5,47,14,20,17,41,27.8,,
2015,CBT,2015-06-26,1,84,94,89,81,93,88.2,,
2015,CBT,2015-06-26,2,41,51,43,50,55,48,,
2015,CBT,2015-06-26,3,34,41,46,47,46,42.8,,
2015,CBT,2015-06-26,4,50,46,42,52,51,48.2,,
2015,CBT,2015-06-26,5,64,45,38,35,39,44.2,,
2015,PBM,2015-06-29,1,58,52,65,62,60,59.4,,
2015,PBM,2015-06-29,2,62,78,69,63,91,72.6,,
2015,PBM,2015-06-29,3,81,41,51,26,69,53.6,,
2015,PBM,2015-06-29,4,22,39,30,41,32,32.8,,
2015,PBM,2015-06-29,5,28,34,17,18,12,21.8,,
2015,ROAD,2015-07-02,1,79,90,68,82,100,83.8,,
2015,ROAD,2015-07-02,2,50,82,51,68,93,68.8,,
2015,ROAD,2015-07-02,3,43,52,51,42,52,48,,
2015,ROAD,2015-07-02,4,61,58,65,60,59,60.6,,
2015,ROAD,2015-07-02,5,88,92,108,118,91,99.4,,
2015,ALMONT,2015-07-06,1,12,41,15,22,40,26,,
2015,ALMONT,2015-07-06,2,15,30,42,32,46,33,,
2015,ALMONT,2015-07-06,3,30,33,15,3,19,20,,
2015,ALMONT,2015-07-06,4,21,23,36,56,43,35.8,,
2015,ALMONT,2015-07-06,5,42,20,48,29,3,28.4,,
2015,CBT,2015-07-06,1,120,112,79,90,91,98.4,,
2015,CBT,2015-07-06,2,65,61,80,58,56,64,,
2015,CBT,2015-07-06,3,57,58,68,96,54,66.6,,
2015,CBT,2015-07-06,4,60,49,58,52,53,54.4,,
2015,CBT,2015-07-06,5,92,50,42,67,45,59.2,,
2015,PFEILER,2015-07-16,1,92,78,77,85,95,85.4,,
2015,PFEILER,2015-07-16,2,90,65,101,103,95,90.8,,
2015,PFEILER,2015-07-16,3,104,122,98,110,162,119.2,,
2015,PFEILER,2015-07-16,4,83,94,102,63,87,85.8,,
2015,PFEILER,2015-07-16,5,62,82,78,61,80,72.6,,
2015,ALMONT,2015-07-21,1,12,40,20,24,28,24.8,,
2015,ALMONT,2015-07-21,2,0,19,0,12,66,19.4,,
2015,ALMONT,2015-07-21,3,15,35,26,17,29,24.4,,
2015,ALMONT,2015-07-21,4,27,26,17,29,29,25.6,,
2015,ALMONT,2015-07-21,5,42,12,33,18,22,25.4,,
2015,CBT,2015-07-21,1,117,102,111,95,110,107,,
2015,CBT,2015-07-21,2,89,79,78,85,93,84.8,,
2015,CBT,2015-07-21,3,80,81,98,74,84,83.4,,
2015,CBT,2015-07-21,4,73,69,85,70,85,76.4,,
2015,CBT,2015-07-21,5,92,63,59,72,60,69.2,,
2015,ROAD,2015-07-21,1,108,106,74,90,65,88.6,,
2015,ROAD,2015-07-21,2,90,83,69,77,121,88,,
2015,ROAD,2015-07-21,3,37,48,60,52,49,49.2,,
2015,ROAD,2015-07-21,4,95,98,87,96,93,93.8,,
2015,ROAD,2015-07-21,5,78,122,90,127,0,83.4,,
2015,PBM,2015-07-23,1,77,99,87,90,96,89.8,,
2015,PBM,2015-07-23,2,92,162,129,118,127,125.6,,
2015,PBM,2015-07-23,3,54,86,112,173,104,105.8,,
2015,PBM,2015-07-23,4,66,67,53,62,79,65.4,,
2015,PBM,2015-07-23,5,18,24,33,54,19,29.6,,
2015,CINNAMON,2015-08-06,1,41,43,37,52,48,44.2,,
2015,CINNAMON,2015-08-06,2,38,30,46,44,39,39.4,,
2015,CINNAMON,2015-08-06,3,28,25,31,29,38,30.2,,
2015,CINNAMON,2015-08-06,4,30,25,23,23,19,24,,
2015,CINNAMON,2015-08-06,5,25,24,19,18,22,21.6,,
2015,CBT,2015-08-12,1,108,105,114,96,117,108,,
2015,CBT,2015-08-12,2,100,91,86,110,70,91.4,,
2015,CBT,2015-08-12,3,85,93,88,91,108,93,,
2015,CBT,2015-08-12,4,92,105,71,84,91,88.6,,
2015,CBT,2015-08-12,5,64,83,66,70,51,66.8,,
2015,PBM,2015-08-12,1,114,75,109,87,97,96.4,,
2015,PBM,2015-08-12,2,179,97,115,125,206,144.4,,
2015,PBM,2015-08-12,3,78,48,103,111,156,99.2,,
2015,PBM,2015-08-12,4,88,86,70,79,108,86.2,,
2015,PBM,2015-08-12,5,17,14,62,42,47,36.4,,
2015,PFEILER,2015-08-12,1,90,92,97,94,88,92.2,,
2015,PFEILER,2015-08-12,2,107,93,99,112,101,102.4,,
2015,PFEILER,2015-08-12,3,145,119,192,108,120,136.8,,
2015,PFEILER,2015-08-12,4,77,101,68,94,47,77.4,,
2015,PFEILER,2015-08-12,5,73,90,74,76,120,86.6,,
2015,ROAD,2015-08-12,1,75,108,85,64,99,86.2,,
2015,ROAD,2015-08-12,2,74,78,79,73,82,77.2,,
2015,ROAD,2015-08-12,3,61,73,91,54,58,67.4,,
2015,ROAD,2015-08-12,4,94,99,113,109,117,106.4,,
2015,ROAD,2015-08-12,5,140,120,115,94,34,100.6,,
2016,ALMONT,2016-05-30,1,,,,,,20,,
2016,ALMONT,2016-05-30,2,,,,,,29.4,,
2016,ALMONT,2016-05-30,3,,,,,,21.6,,
2016,ALMONT,2016-05-30,4,,,,,,26.6,,
2016,ALMONT,2016-05-30,5,,,,,,24,,
2016,CBT,2016-06-03,1,,,,,,19.4,,
2016,CBT,2016-06-03,2,,,,,,26.6,,
2016,CBT,2016-06-03,3,,,,,,13.6,,
2016,CBT,2016-06-03,4,,,,,,23,,
2016,CBT,2016-06-03,5,,,,,,12.2,,
2016,ROAD,2016-06-07,1,,,,,,20.6,,
2016,ROAD,2016-06-07,2,,,,,,26.4,,
2016,ROAD,2016-06-07,3,,,,,,32.2,,
2016,ROAD,2016-06-07,4,,,,,,44.2,,
2016,ROAD,2016-06-07,5,,,,,,29.6,,
2016,ALMONT,2016-06-14,1,,,,,,25.2,,
2016,ALMONT,2016-06-14,2,,,,,,25.6,,
2016,ALMONT,2016-06-14,3,,,,,,23.2,,
2016,ALMONT,2016-06-14,4,,,,,,26.4,,
2016,ALMONT,2016-06-14,5,,,,,,25,,
2016,PFEILER,2016-06-16,1,,,,,,26.4,,
2016,PFEILER,2016-06-16,2,,,,,,39.4,,
2016,PFEILER,2016-06-16,3,,,,,,38.4,,
2016,PFEILER,2016-06-16,4,,,,,,36.6,,
2016,PFEILER,2016-06-16,5,,,,,,42.6,,
2016,CBT,2016-06-21,1,,,,,,42.8,,
2016,CBT,2016-06-21,2,,,,,,31.4,,
2016,CBT,2016-06-21,3,,,,,,22.8,,
2016,CBT,2016-06-21,4,,,,,,33.8,,
2016,CBT,2016-06-21,5,,,,,,18.4,,
2016,ROAD,2016-07-03,1,,,,,,35.4,,
2016,ROAD,2016-07-03,2,,,,,,46.8,,
2016,ROAD,2016-07-03,3,,,,,,54.8,,
2016,ROAD,2016-07-03,4,,,,,,50.2,,
2016,ROAD,2016-07-03,5,,,,,,71.8,,
2016,PBM,2016-07-06,1,,,,,,66.6,,
2016,PBM,2016-07-06,2,,,,,,91.8,,
2016,PBM,2016-07-06,3,,,,,,109.8,,
2016,PBM,2016-07-06,4,,,,,,30,,
2016,PBM,2016-07-06,5,,,,,,20,,
2016,PFEILER,2016-07-14,1,,,,,,61.6,,
2016,PFEILER,2016-07-14,2,,,,,,87.2,,
2016,PFEILER,2016-07-14,3,,,,,,86.8,,
2016,PFEILER,2016-07-14,4,,,,,,61.6,,
2016,PFEILER,2016-07-14,5,,,,,,65.4,,
2016,CINNAMON,2016-07-18,1,,,,,,27.6,,
2016,CINNAMON,2016-07-18,2,,,,,,28.6,,
2016,CINNAMON,2016-07-18,3,,,,,,21.6,,
2016,CINNAMON,2016-07-18,4,,,,,,24.2,,
2016,CINNAMON,2016-07-18,5,,,,,,29,,
2016,PBM,2016-07-28,1,,,,,,73.8,,
2016,PBM,2016-07-28,2,,,,,,104.2,,
2016,PBM,2016-07-28,3,,,,,,126,,
2016,PBM,2016-07-28,4,,,,,,41.2,,
2016,PBM,2016-07-28,5,,,,,,26.6,,
2017,ALMONT,2017-05-28,1,37,26,47,38,32,36,,
2017,ALMONT,2017-05-28,2,34,13,28,31,20,25.2,,
2017,ALMONT,2017-05-28,3,20,30,11,21,17,19.8,,
2017,ALMONT,2017-05-28,4,29,47,7,20,17,24,,
2017,ALMONT,2017-05-28,5,37,19,15,17,26,22.8,,
2017,CBT,2017-06-05,1,25,23,15,18,17,19.6,,
2017,CBT,2017-06-05,2,16,41,32,20,15,24.8,,
2017,CBT,2017-06-05,3,19,25,15,14,21,18.8,,
2017,CBT,2017-06-05,4,14,34,13,14,12,17.4,,
2017,CBT,2017-06-05,5,12,12,18,16,13,14.2,,
2017,ROAD,2017-06-07,1,16,19,32,32,33,26.4,,
2017,ROAD,2017-06-07,2,24,24,30,12,20,22,,
2017,ROAD,2017-06-07,3,22,45,34,32,24,31.4,,
2017,ROAD,2017-06-07,4,17,57,68,31,45,43.6,,
2017,ROAD,2017-06-07,5,17,23,42,18,20,24,,
2017,PFEILER,2017-06-19,1,23,17,19,16,31,21.2,,
2017,PFEILER,2017-06-19,2,32,37,45,19,40,34.6,,
2017,PFEILER,2017-06-19,3,43,41,52,47,47,46,,
2017,PFEILER,2017-06-19,4,19,36,30,21,36,28.4,,
2017,PFEILER,2017-06-19,5,17,18,21,23,22,20.2,,
2017,PFEILER,2017-06-22,1,24,25,28,21,41,27.8,,
2017,PFEILER,2017-06-22,2,55,23,32,41,56,41.4,,
2017,PFEILER,2017-06-22,3,71,54,46,63,65,59.8,,
2017,PFEILER,2017-06-22,4,45,36,31,41,36,37.8,,
2017,PFEILER,2017-06-22,5,21,24,28,31,33,27.4,,
2017,CBT,2017-06-23,1,26,31,60,35,32,36.8,,
2017,CBT,2017-06-23,2,35,35,26,16,22,26.8,,
2017,CBT,2017-06-23,3,30,30,29,28,23,28,,
2017,CBT,2017-06-23,4,32,36,24,26,22,28,,
2017,CBT,2017-06-23,5,16,17,18,22,17,18,,
2017,ROAD,2017-06-23,1,33,28,42,29,30,32.4,,
2017,ROAD,2017-06-23,2,46,35,20,21,22,28.8,,
2017,ROAD,2017-06-23,3,27,56,38,46,41,41.6,,
2017,ROAD,2017-06-23,4,25,37,50,57,66,47,,
2017,ROAD,2017-06-23,5,31,28,30,60,75,44.8,,
2017,CBT,2017-06-29,1,30,46,23,82,41,44.4,,
2017,CBT,2017-06-29,2,20,21,23,34,34,26.4,,
2017,CBT,2017-06-29,3,48,43,27,31,27,35.2,,
2017,CBT,2017-06-29,4,21,29,29,36,30,29,,
2017,CBT,2017-06-29,5,22,20,26,21,19,21.6,,
2017,PBM,2017-06-30,1,25,50,18,24,48,33,,
2017,PBM,2017-06-30,2,49,41,47,44,55,47.2,,
2017,PBM,2017-06-30,3,52,58,50,52,50,52.4,,
2017,PBM,2017-06-30,4,32,15,17,29,41,26.8,,
2017,PBM,2017-06-30,5,14,23,37,23,38,27,,
2017,ROAD,2017-07-03,1,22,41,32,41,23,31.8,,
2017,ROAD,2017-07-03,2,42,47,47,24,32,38.4,,
2017,ROAD,2017-07-03,3,72,56,43,37,55,52.6,,
2017,ROAD,2017-07-03,4,39,48,30,62,49,45.6,,
2017,ROAD,2017-07-03,5,38,71,65,32,64,54,,
2017,PBM,2017-07-10,1,50,60,67,68,35,56,,
2017,PBM,2017-07-10,2,67,64,92,61,30,62.8,,
2017,PBM,2017-07-10,3,80,111,70,77,88,85.2,,
2017,PBM,2017-07-10,4,70,71,74,89,66,74,,
2017,PBM,2017-07-10,5,77,69,28,30,41,49,,
2017,PFEILER,2017-07-10,1,50,60,67,68,35,56,,
2017,PFEILER,2017-07-10,2,67,64,92,61,30,62.8,,
2017,PFEILER,2017-07-10,3,80,111,70,77,88,85.2,,
2017,PFEILER,2017-07-10,4,70,71,74,89,66,74,,
2017,PFEILER,2017-07-10,5,77,69,28,30,41,49,,
2017,PBM,2017-07-18,1,43,88,56,46,45,55.6,,
2017,PBM,2017-07-18,2,132,127,29,138,115,108.2,,
2017,PBM,2017-07-18,3,111,105,122,140,135,122.6,,
2017,PBM,2017-07-18,4,29,56,45,16,22,33.6,,
2017,PBM,2017-07-18,5,8,40,27,48,24,29.4,,
2017,PFEILER,2017-08-04,1,88,88,70,71,76,78.6,,
2017,PFEILER,2017-08-04,2,66,68,72,73,64,68.6,,
2017,PFEILER,2017-08-04,3,130,114,117,94,82,107.4,,
2017,PFEILER,2017-08-04,4,99,60,102,83,89,86.6,,
2017,PFEILER,2017-08-04,5,37,77,77,38,32,52.2,,
2017,ALMONT,2017-06-13,1,38,40,50,44,33,41,,
2017,ALMONT,2017-06-13,2,37,38,50,20,25,34,,
2017,ALMONT,2017-06-13,3,28,37,23,16,13,23.4,,
2017,ALMONT,2017-06-13,4,32,7,41,22,19,24.2,,
2017,ALMONT,2017-06-13,5,29,24,17,37,24,26.2,,
2018,ALMONT,2018-05-25,1,,,,,,20.4,,
2018,ALMONT,2018-05-25,2,,,,,,30,,
2018,ALMONT,2018-05-25,3,,,,,,14.6,,
2018,ALMONT,2018-05-25,4,,,,,,15.8,,
2018,ALMONT,2018-05-25,5,,,,,,17.2,,
2018,CBT,2018-05-27,5,,,,,,13.8,,
2018,CBT,2018-05-27,4,,,,,,15.4,,
2018,CBT,2018-05-27,3,,,,,,11.4,,
2018,CBT,2018-05-27,2,,,,,,14,,
2018,CBT,2018-05-27,1,,,,,,10.8,,
2018,ROAD,2018-05-28,1,,,,,,16.4,,
2018,ROAD,2018-05-28,2,,,,,,29,,
2018,ROAD,2018-05-28,3,,,,,,29.4,,
2018,ROAD,2018-05-28,4,,,,,,37,,
2018,ROAD,2018-05-28,5,,,,,,31.6,,
2018,EAST RIVER/PUMP HOUSE,2018-06-01,A1 UP,,,,,,36.2,,
2018,EAST RIVER/PUMP HOUSE,2018-06-01,A1 DOWN,,,,,,25.8,,
2018,EAST RIVER/PUMP HOUSE,2018-06-01,A2 UP,,,,,,21,,
2018,EAST RIVER/PUMP HOUSE,2018-06-01,A2 DOWN,,,,,,32,,
2018,EAST RIVER/PUMP HOUSE,2018-06-01,B1 UP,,,,,,26,,
2018,EAST RIVER/PUMP HOUSE,2018-06-01,B1 DOWN,,,,,,39.2,,
2018,EAST RIVER/PUMP HOUSE,2018-06-01,B2 UP,,,,,,27,,
2018,EAST RIVER/PUMP HOUSE,2018-06-01,B2 DOWN,,,,,,20.8,,
2018,EAST RIVER/PUMP HOUSE,2018-06-01,C1 UP,,,,,,37.6,,
2018,EAST RIVER/PUMP HOUSE,2018-06-01,C1 DOWN,,,,,,36.6,,
2018,EAST RIVER/PUMP HOUSE,2018-06-01,C2 UP,,,,,,32.4,,
2018,EAST RIVER/PUMP HOUSE,2018-06-01,C2 DOWN,,,,,,35.8,,
2018,UPPER MONTANE,2018-06-05,A1 UP,,,,,,24.8,,
2018,UPPER MONTANE,2018-06-05,A1 DOWN,,,,,,27.6,,
2018,UPPER MONTANE,2018-06-05,A2 UP,,,,,,26.8,,
2018,UPPER MONTANE,2018-06-05,A2 DOWN,,,,,,34.2,,
2018,UPPER MONTANE,2018-06-05,B1 UP,,,,,,34.8,,
2018,UPPER MONTANE,2018-06-05,B1 DOWN,,,,,,22,,
2018,UPPER MONTANE,2018-06-05,B2 UP,,,,,,22.6,,
2018,UPPER MONTANE,2018-06-05,B2 DOWN,,,,,,28.8,,
2018,UPPER MONTANE,2018-06-05,C1 UP,,,,,,23.6,,
2018,UPPER MONTANE,2018-06-05,C1 DOWN,,,,,,43,,
2018,UPPER MONTANE,2018-06-05,C2 UP,,,,,,32,,
2018,UPPER MONTANE,2018-06-05,C2 DOWN,,,,,,26.2,,
2018,PFEILER,2018-06-07,1,,,,,,14.2,,
2018,PFEILER,2018-06-07,2,,,,,,42,,
2018,PFEILER,2018-06-07,3,,,,,,40.8,,
2018,PFEILER,2018-06-07,4,,,,,,27.2,,
2018,PFEILER,2018-06-07,5,,,,,,21,,
2018,ROAD,2018-06-08,1,,,,,,21,,
2018,ROAD,2018-06-08,2,,,,,,30.4,,
2018,ROAD,2018-06-08,3,,,,,,42.8,,
2018,ROAD,2018-06-08,4,,,,,,38.6,,
2018,ROAD,2018-06-08,5,,,,,,64.2,,
2018,CBT,2018-06-08,1,,,,,,17.4,,
2018,CBT,2018-06-08,2,,,,,,17.8,,
2018,CBT,2018-06-08,3,,,,,,13,,
2018,CBT,2018-06-08,4,,,,,,15.6,,
2018,CBT,2018-06-08,5,,,,,,12.2,,
2018,PBM,2018-06-12,1,,,,,,37.6,,
2018,PBM,2018-06-12,2,,,,,,41.6,,
2018,PBM,2018-06-12,3,,,,,,41.8,,
2018,PBM,2018-06-12,4,,,,,,21.8,,
2018,PBM,2018-06-12,5,,,,,,14,,
2018,LOWER SUBALPINE,2018-06-13,A1 DOWN,,,,,,25.4,,
2018,LOWER SUBALPINE,2018-06-13,A1 UP,,,,,,32.4,,
2018,LOWER SUBALPINE,2018-06-13,A2 UP,,,,,,33.6,,
2018,LOWER SUBALPINE,2018-06-13,A2 DOWN,,,,,,31.6,,
2018,LOWER SUBALPINE,2018-06-13,B1 UP,,,,,,29.6,,
2018,LOWER SUBALPINE,2018-06-13,B1 DOWN,,,,,,39.4,,
2018,LOWER SUBALPINE,2018-06-13,B2 UP,,,,,,22.6,,
2018,LOWER SUBALPINE,2018-06-13,B2 DOWN,,,,,,40.8,,
2018,LOWER SUBALPINE,2018-06-13,C1 UP,,,,,,25.6,,
2018,LOWER SUBALPINE,2018-06-13,C1 DOWN,,,,,,27.4,,
2018,LOWER SUBALPINE,2018-06-13,C2 UP,,,,,,45,,
2018,LOWER SUBALPINE,2018-06-13,C2 DOWN,,,,,,46.6,,
2018,CBT,2018-06-19,1,,,,,,36.4,,
2018,CBT,2018-06-19,2,,,,,,33.2,,
2018,CBT,2018-06-19,3,,,,,,14.8,,
2018,CBT,2018-06-19,4,,,,,,20.2,,
2018,CBT,2018-06-19,5,,,,,,23.8,,
2018,ROAD,2018-06-20,1,,,,,,28.4,,
2018,ROAD,2018-06-20,2,,,,,,32,,
2018,ROAD,2018-06-20,3,,,,,,51,,
2018,ROAD,2018-06-20,4,,,,,,52.2,,
2018,ROAD,2018-06-20,5,,,,,,98.8,,
2018,UPPER MONTANE,2018-06-27,A1 UP,,,,,,40.2,,
2018,UPPER MONTANE,2018-06-27,A1 DOWN,,,,,,47.4,,
2018,UPPER MONTANE,2018-06-27,A2 UP,,,,,,43.8,,
2018,UPPER MONTANE,2018-06-27,A2 DOWN,,,,,,38.6,,
2018,UPPER MONTANE,2018-06-27,B1 UP,,,,,,52,,
2018,UPPER MONTANE,2018-06-27,B1 DOWN,,,,,,47,,
2018,UPPER MONTANE,2018-06-27,B2 UP,,,,,,30,,
2018,UPPER MONTANE,2018-06-27,B2 DOWN,,,,,,37.4,,
2018,UPPER MONTANE,2018-06-27,C1 UP,,,,,,34.6,,
2018,UPPER MONTANE,2018-06-27,C1 DOWN,,,,,,43.8,,
2018,UPPER MONTANE,2018-06-27,C2 UP,,,,,,44.4,,
2018,UPPER MONTANE,2018-06-27,C2 DOWN,,,,,,44,,
2018,CBT,2018-06-25,1,,,,,,34.2,,
2018,CBT,2018-06-25,2,,,,,,22,,
2018,CBT,2018-06-25,3,,,,,,18.2,,
2018,CBT,2018-06-25,4,,,,,,20.8,,
2018,CBT,2018-06-25,5,,,,,,20,,
2018,ROAD,2018-06-25,1,,,,,,29.8,,
2018,ROAD,2018-06-25,2,,,,,,34.8,,
2018,ROAD,2018-06-25,3,,,,,,57,,
2018,ROAD,2018-06-25,4,,,,,,45.6,,
2018,ROAD,2018-06-25,5,,,,,,91.6,,
2018,PFEILER,2018-06-25,1,,,,,,39.6,,
2018,PFEILER,2018-06-25,2,,,,,,69.2,,
2018,PFEILER,2018-06-25,3,,,,,,57.6,,
2018,PFEILER,2018-06-25,4,,,,,,,,
2018,PFEILER,2018-06-25,5,,,,,,56.8,,
2018,UPPER MONTANE,2018-06-27,C1 DOWN,,,,,,42.8,,
2018,LOWER MONTANE,2018-06-29,A1 UP,,,,,,40.8,,
2018,LOWER MONTANE,2018-06-29,A1 DOWN,,,,,,32,,
2018,LOWER MONTANE,2018-06-29,A2 UP,,,,,,25.8,,
2018,LOWER MONTANE,2018-06-29,A2 DOWN,,,,,,43.4,,
2018,LOWER MONTANE,2018-06-29,B1 UP,,,,,,35.2,,
2018,LOWER MONTANE,2018-06-29,B1 DOWN,,,,,,53.4,,
2018,LOWER MONTANE,2018-06-29,B2 UP,,,,,,52,,
2018,LOWER MONTANE,2018-06-29,B2 DOWN,,,,,,49.2,,
2018,LOWER MONTANE,2018-06-29,C1 UP,,,,,,59.2,,
2018,LOWER MONTANE,2018-06-29,C1 DOWN,,,,,,53.2,,
2018,LOWER MONTANE,2018-06-29,C2 UP,,,,,,40.8,,
2018,LOWER MONTANE,2018-06-29,C2 DOWN,,,,,,41.8,,
2018,UPPER MONTANE,2018-07-03,A1 UP,,,,,,39.6,,
2018,UPPER MONTANE,2018-07-03,A1 DOWN,,,,,,42.6,,
2018,UPPER MONTANE,2018-07-03,A2 UP,,,,,,41.8,,
2018,UPPER MONTANE,2018-07-03,A2 DOWN,,,,,,41.6,,
2018,UPPER MONTANE,2018-07-03,B1 UP,,,,,,46.8,,
2018,UPPER MONTANE,2018-07-03,B1 DOWN,,,,,,34.8,,
2018,UPPER MONTANE,2018-07-03,B2 UP,,,,,,28.6,,
2018,UPPER MONTANE,2018-07-03,B2 DOWN,,,,,,38.4,,
2018,UPPER MONTANE,2018-07-03,C1 UP,,,,,,31.2,,
2018,UPPER MONTANE,2018-07-03,C1 DOWN,,,,,,48.8,,
2018,UPPER MONTANE,2018-07-03,C2 UP,,,,,,48,,
2018,UPPER MONTANE,2018-07-03,C2 DOWN,,,,,,41.8,,
2018,LOWER SUBALPINE,2018-07-03,A1 UP,,,,,,67.6,,
2018,LOWER SUBALPINE,2018-07-03,A1 DOWN,,,,,,46,,
2018,LOWER SUBALPINE,2018-07-03,A2 UP,,,,,,51.8,,
2018,LOWER SUBALPINE,2018-07-03,A2 DOWN,,,,,,44,,
2018,LOWER SUBALPINE,2018-07-03,B1 UP,,,,,,43.2,,
2018,LOWER SUBALPINE,2018-07-03,B1 DOWN,,,,,,51.2,,
2018,LOWER SUBALPINE,2018-07-03,B2 UP,,,,,,37.2,,
2018,LOWER SUBALPINE,2018-07-03,B2 DOWN,,,,,,48.4,,
2018,LOWER SUBALPINE,2018-07-03,C1 UP,,,,,,47.2,,
2018,LOWER SUBALPINE,2018-07-03,C1 DOWN,,,,,,51.2,,
2018,LOWER SUBALPINE,2018-07-03,C2 UP,,,,,,41.8,,
2018,LOWER SUBALPINE,2018-07-03,C2 DOWN,,,,,,72.4,,
2018,CINNAMON,2018-07-19,1,,,,,,44.6,,
2018,CINNAMON,2018-07-19,2,,,,,,32.6,,
2018,CINNAMON,2018-07-19,3,,,,,,29,,
2018,CINNAMON,2018-07-19,4,,,,,,31.4,,
2018,CINNAMON,2018-07-19,5,,,,,,29,,
2018,UPPER SUBALPINE,2018-07-20,A1 UP,,,,,,50,,
2018,UPPER SUBALPINE,2018-07-20,A1 DOWN,,,,,,50.8,,
2018,UPPER SUBALPINE,2018-07-20,A2 UP,,,,,,28.4,,
2018,UPPER SUBALPINE,2018-07-20,A2 DOWN,,,,,,32.4,,
2018,UPPER SUBALPINE,2018-07-20,B1 UP,,,,,,39,,
2018,UPPER SUBALPINE,2018-07-20,B1 DOWN,,,,,,42.6,,
2018,UPPER SUBALPINE,2018-07-20,B2 UP,,,,,,51.4,,
2018,UPPER SUBALPINE,2018-07-20,B2 DOWN,,,,,,50.8,,
2018,UPPER SUBALPINE,2018-07-20,C1 UP,,,,,,37.4,,
2018,UPPER SUBALPINE,2018-07-20,C1 DOWN,,,,,,28.4,,
2018,UPPER SUBALPINE,2018-07-20,C2 UP,,,,,,59.8,,
2018,UPPER SUBALPINE,2018-07-20,C2 DOWN,,,,,,54.4,,
2019,ALMONT,2019-06-11,1,,,,,,35.2,Early,
2019,ALMONT,2019-06-11,2,,,,,,36.8,Early,
2019,ALMONT,2019-06-11,3,,,,,,12.2,Early,
2019,ALMONT,2019-06-11,4,,,,,,20.8,Early,
2019,ALMONT,2019-06-11,5,,,,,,23.6,Early,
2019,CBT,2019-06-11,1,,,,,,29.2,Early,
2019,CBT,2019-06-11,2,,,,,,25.8,Early,
2019,CBT,2019-06-11,3,,,,,,15.4,Early,
2019,CBT,2019-06-11,4,,,,,,17.2,Early,
2019,CBT,2019-06-11,5,,,,,,12.2,Early,
2019,ROAD,2019-06-11,1,,,,,,18.4,Early,
2019,ROAD,2019-06-11,2,,,,,,20.8,Early,
2019,ROAD,2019-06-11,3,,,,,,17.6,Early,
2019,ROAD,2019-06-11,4,,,,,,23.6,Early,
2019,ROAD,2019-06-11,5,,,,,,17.4,Early,
2019,ALMONT,2019-06-27,1,,,,,,33.4,Peak,
2019,ALMONT,2019-06-27,2,,,,,,36.6,Peak,
2019,ALMONT,2019-06-27,3,,,,,,22.8,Peak,
2019,ALMONT,2019-06-27,4,,,,,,31.4,Peak,
2019,ALMONT,2019-06-27,5,,,,,,32.4,Peak,
2019,PFEILER,2019-07-04,1,,,,,,42.6,Early,
2019,PFEILER,2019-07-04,2,,,,,,53.2,Early,
2019,PFEILER,2019-07-04,3,,,,,,42.2,Early,
2019,PFEILER,2019-07-04,4,,,,,,24.8,Early,
2019,PFEILER,2019-07-04,5,,,,,,29,Early,
2019,CBT,2019-07-05,1,,,,,,64.6,Peak,
2019,CBT,2019-07-05,2,,,,,,67,Peak,
2019,CBT,2019-07-05,3,,,,,,27.2,Peak,
2019,CBT,2019-07-05,4,,,,,,27.8,Peak,
2019,CBT,2019-07-05,5,,,,,,31.4,Peak,
2019,ROAD,2019-07-05,1,,,,,,40.8,Peak,
2019,ROAD,2019-07-05,2,,,,,,32,Peak,
2019,ROAD,2019-07-05,3,,,,,,45.4,Peak,
2019,ROAD,2019-07-05,4,,,,,,43,Peak,
2019,ROAD,2019-07-05,5,,,,,,82.2,Peak,
2019,PBM,2019-07-11,1,,,,,,31.6,Early,
2019,PBM,2019-07-11,2,,,,,,45.8,Early,
2019,PBM,2019-07-11,3,,,,,,32.8,Early,
2019,PBM,2019-07-11,4,,,,,,11.4,Early,
2019,PBM,2019-07-11,5,,,,,,15.8,Early,
2019,PFEILER,2019-07-24,1,,,,,,67.2,Peak,
2019,PFEILER,2019-07-24,2,,,,,,81.4,Peak,
2019,PFEILER,2019-07-24,3,,,,,,85.2,Peak,
2019,PFEILER,2019-07-24,4,,,,,,73.8,Peak,
2019,PFEILER,2019-07-24,5,,,,,,58.8,Peak,
2019,PBM,2019-07-24,1,,,,,,77.8,Peak,
2019,PBM,2019-07-24,2,,,,,,104.2,Peak,
2019,PBM,2019-07-24,3,,,,,,75.2,Peak,
2019,PBM,2019-07-24,4,,,,,,20.8,Peak,
2019,PBM,2019-07-24,5,,,,,,21.8,Peak,
2020,ALMONT,2020-06-15,1,,,,,,30.42,Peak,
2020,ALMONT,2020-06-15,2,,,,,,32.76,Peak,
2020,ALMONT,2020-06-15,3,,,,,,15.3,Peak,
2020,ALMONT,2020-06-15,4,,,,,,32.4,Peak,
2020,ALMONT,2020-06-15,5,,,,,,16.02,Peak,
2020,CBT,2020-06-17,1,,,,,,53.2,Peak,
2020,CBT,2020-06-17,2,,,,,,32.24,Peak,
2020,CBT,2020-06-17,3,,,,,,36.8,Peak,
2020,CBT,2020-06-17,4,,,,,,17.6,Peak,
2020,CBT,2020-06-17,5,,,,,,22.6,Peak,
2020,ROAD,2020-06-24,1,,,,,,26.8,Peak,
2020,ROAD,2020-06-24,2,,,,,,27.8,Peak,
2020,ROAD,2020-06-24,3,,,,,,34.2,Peak,
2020,ROAD,2020-06-24,4,,,,,,39.2,Peak,
2020,ROAD,2020-06-24,5,,,,,,74,Peak,
2020,PFEILER,2020-07-06,1,,,,,,69,Peak,
2020,PFEILER,2020-07-06,2,,,,,,66,Peak,
2020,PFEILER,2020-07-06,3,,,,,,46.4,Peak,
2020,PFEILER,2020-07-06,4,,,,,,69.4,Peak,
2020,PFEILER,2020-07-06,5,,,,,,68,Peak,
2020,PBM,2020-07-17,1,,,,,,85.6,Peak,
2020,PBM,2020-07-17,2,,,,,,94.2,Peak,
2020,PBM,2020-07-17,3,,,,,,109.4,Peak,
2020,PBM,2020-07-17,4,,,,,,36.2,Peak,
2020,PBM,2020-07-17,5,,,,,,22.6,Peak,
2020,CINNAMON,2020-08-01,1,,,,,,19.8,Peak,
2020,CINNAMON,2020-08-01,2,,,,,,20.8,Peak,
2020,CINNAMON,2020-08-01,3,,,,,,38.6,Peak,
2020,CINNAMON,2020-08-01,4,,,,,,33.8,Peak,
2020,CINNAMON,2020-08-01,5,,,,,,45.4,Peak,
2021,ALMONT,2021-06-09,1,,,,,,35.052,,
2021,ALMONT,2021-06-09,2,,,,,,20.828,,
2021,ALMONT,2021-06-09,3,,,,,,26.924,,
2021,ALMONT,2021-06-09,4,,,,,,23.876,,
2021,ALMONT,2021-06-09,5,,,,,,19.812,,
2021,CBT,2021-06-10,1,,,,,,21.336,,
2021,CBT,2021-06-10,2,,,,,,50.292,,
2021,CBT,2021-06-10,3,,,,,,16.764,,
2021,CBT,2021-06-10,4,,,,,,11.176,,
2021,CBT,2021-06-10,5,,,,,,27.432,,
2021,ROAD,2021-06-14,1,,,,,,35.052,,
2021,ROAD,2021-06-14,2,,,,,,28.194,,
2021,ROAD,2021-06-14,3,,,,,,37.338,,
2021,ROAD,2021-06-14,4,,,,,,44.577,,
2021,ROAD,2021-06-14,5,,,,,,56.388,,
2021,PFEILER,2021-06-18,1,,,,,,47.498,,
2021,PFEILER,2021-06-18,2,,,,,,60.325,,
2021,PFEILER,2021-06-18,3,,,,,,64.77,,
2021,PFEILER,2021-06-18,4,,,,,,37.084,,
2021,PFEILER,2021-06-18,5,,,,,,47.244,,
2021,CBT,2021-06-28,1,,,,,,26.416,,
2021,CBT,2021-06-28,2,,,,,,56.388,,
2021,CBT,2021-06-28,3,,,,,,19.5072,,
2021,CBT,2021-06-28,4,,,,,,19.558,,
2021,CBT,2021-06-28,5,,,,,,33.02,,
2021,PBM,2021-06-30,5,,,,,,18.796,,
2021,PBM,2021-06-30,4,,,,,,67.31,,
2021,PBM,2021-06-30,3,,,,,,85.852,,
2021,PBM,2021-06-30,2,,,,,,108.204,,
2021,PBM,2021-06-30,1,,,,,,95.504,,
2021,ROAD,2021-06-30,1,,,,,,38.608,,
2021,ROAD,2021-06-30,2,,,,,,33.02,,
2021,ROAD,2021-06-30,3,,,,,,30.48,,
2021,ROAD,2021-06-30,4,,,,,,52.07,,
2021,ROAD,2021-06-30,5,,,,,,74.676,,
2021,PFEILER,2021-07-20,1,,,,,,61.468,,
2021,PFEILER,2021-07-20,2,,,,,,76.2,,
2021,PFEILER,2021-07-20,3,,,,,,96.012,,
2021,PFEILER,2021-07-20,4,,,,,,54.356,,
2021,PFEILER,2021-07-20,5,,,,,,50.8,,
2021,PBM,2021-07-26,1,,,,,,102.616,,
2021,PBM,2021-07-26,2,,,,,,104.14,,
2021,PBM,2021-07-26,3,,,,,,85.344,,
2021,PBM,2021-07-26,4,,,,,,32.512,,
2021,PBM,2021-07-26,5,,,,,,18.034,,
2021,CINNAMON,2021-08-06,1,,,,,,14.732,,
2021,CINNAMON,2021-08-06,2,,,,,,25.4,,
2021,CINNAMON,2021-08-06,3,,,,,,17.78,,
2021,CINNAMON,2021-08-06,4,,,,,,26.924,,
2021,CINNAMON,2021-08-06,5,,,,,,68.326,,
2022,ALMONT,2022-06-09,1,,,,,,57.4,Peak,
2022,ALMONT,2022-06-09,2,,,,,,43.2,Peak,
2022,ALMONT,2022-06-09,3,,,,,,14.6,Peak,
2022,ALMONT,2022-06-09,4,,,,,,21.4,Peak,
2022,ALMONT,2022-06-09,5,,,,,,21.6,Peak,
2022,CBT,2022-06-10,1,,,,,,57.4,Early,
2022,CBT,2022-06-10,2,,,,,,43.2,Early,
2022,CBT,2022-06-10,3,,,,,,14.6,Early,
2022,CBT,2022-06-10,4,,,,,,21.4,Early,
2022,CBT,2022-06-10,5,,,,,,21.6,Early,
2022,ROAD,2022-06-15,1,,,,,,30,Early,
2022,ROAD,2022-06-15,2,,,,,,35.6,Early,
2022,ROAD,2022-06-15,3,,,,,,44.6,Early,
2022,ROAD,2022-06-15,4,,,,,,46.8,Early,
2022,ROAD,2022-06-15,5,,,,,,63.4,Early,
2022,PFEILER,2022-06-20,1,,,,,,62.4,Early,
2022,PFEILER,2022-06-20,2,,,,,,87.2,Early,
2022,PFEILER,2022-06-20,3,,,,,,28.8,Early,
2022,PFEILER,2022-06-20,4,,,,,,53.2,Early,
2022,PFEILER,2022-06-20,5,,,,,,32.2,Early,
2022,CBT,2022-06-21,1,,,,,,64.8,Peak,
2022,CBT,2022-06-21,2,,,,,,67.4,Peak,
2022,CBT,2022-06-21,3,,,,,,20.4,Peak,
2022,CBT,2022-06-21,4,,,,,,25,Peak,
2022,CBT,2022-06-21,5,,,,,,28.8,Peak,
2022,PBM,2022-06-28,1,,,,,,68.6,Early,
2022,PBM,2022-06-28,2,,,,,,98.4,Early,
2022,PBM,2022-06-28,3,,,,,,66,Early,
2022,PBM,2022-06-28,4,,,,,,19,Early,
2022,PBM,2022-06-28,5,,,,,,13.4,Early,
2022,ROAD,2022-06-27,1,,,,,,35.6,Peak,
2022,ROAD,2022-06-27,2,,,,,,48.6,Peak,
2022,ROAD,2022-06-27,3,,,,,,47,Peak,
2022,ROAD,2022-06-27,4,,,,,,40.4,Peak,
2022,ROAD,2022-06-27,5,,,,,,70,Peak,
2022,PFEILER,2022-07-07,1,,,,,,69.2,Peak,
2022,PFEILER,2022-07-07,2,,,,,,112.6,Peak,
2022,PFEILER,2022-07-07,3,,,,,,59.8,Peak,
2022,PFEILER,2022-07-07,4,,,,,,79,Peak,
2022,PFEILER,2022-07-07,5,,,,,,45.2,Peak,
2022,PBM,2022-07-13,1,,,,,,84,Peak,
2022,PBM,2022-07-13,2,,,,,,112.6,Peak,
2022,PBM,2022-07-13,3,,,,,,21.8,Peak,
2022,PBM,2022-07-13,4,,,,,,18.6,Peak,
2022,PBM,2022-07-13,5,,,,,,76.8,Peak,
2022,CINNAMON,2022-07-27,1,,,,,,35.4,Peak,
2022,CINNAMON,2022-07-27,2,,,,,,30.2,Peak,
2022,CINNAMON,2022-07-27,3,,,,,,23.2,Peak,
2022,CINNAMON,2022-07-27,4,,,,,,62,Peak,
2022,CINNAMON,2022-07-27,5,,,,,,40,Peak,