date,aspect,site_id,elevation_m_asl,plot_id,species,cover,fertility_all
2023-12-08,west,5,2800,2,Asclepias humilis,0.5,y
2023-12-08,west,5,2800,2,Alepidea thodei,0.5,NA
2023-12-08,west,5,2800,2,Anthoxanthum ecklonii,0.5,n
2023-12-08,west,5,2800,2,Berkheya rhapontica,0.5,n
2023-12-08,west,5,2800,2,Bulbostylis oritrephes,0.5,y
2023-12-08,west,5,2800,2,Cineraria sp1,0.5,n
2023-12-08,west,5,2800,2,Ficinia cinnamomea,2,n
2023-12-08,west,5,2800,2,Helichrysum pallidum,1,n
2023-12-08,west,5,2800,2,Helichrysum pilosellum,0.5,NA
2023-12-08,west,5,2800,2,Cf holcus lanatus,0.5,n
2023-12-08,west,5,2800,2,Kniphofia porphyrantha,0.5,n
2023-12-08,west,5,2800,2,Oxalis depressa,0.5,n
2023-12-08,west,5,2800,2,Pentameris exserta,40,n
2023-12-08,west,5,2800,2,Rhodohypoxis baurii,0.5,y
2023-12-08,west,5,2800,2,Senecio glaberrimus,1,y
2023-12-08,west,5,2800,2,Sporobolus centrifugus,0.5,n
2023-12-08,west,5,2800,2,Stiburus alopecuroides,1,n
2023-12-08,west,5,2800,2,Tenaxia disticha,2,n
2023-12-08,west,5,2800,2,Themeda triandra,5,NA
2023-12-08,west,5,2800,2,Wahlenbergia krebsii,0.5,n
2023-12-08,west,5,2800,4,Berkheya rhapontica,0.5,n
2023-12-08,west,5,2800,4,Carex zuluensis,0.5,n
2023-12-08,west,5,2800,4,Festuca costata,1,n
2023-12-08,west,5,2800,4,Ficinia cinnamomea,3,y
2023-12-08,west,5,2800,4,Harpochloa falx,0.5,n
2023-12-08,west,5,2800,4,Helichrysum dasycephalum,0.5,n
2023-12-08,west,5,2800,4,Kniphofia porphyrantha,0.5,n
2023-12-08,west,5,2800,4,Oxalis depressa,0.5,n
2023-12-08,west,5,2800,4,Pentameris exserta,10,n
2023-12-08,west,5,2800,4,Cf satyrium longicauda,0.5,n
2023-12-08,west,5,2800,4,Senecio glaberrimus,0.5,n
2023-12-08,west,5,2800,4,Stiburus alopecuroides,0.5,n
2023-12-08,west,5,2800,4,Tenaxia disticha,20,y
2023-12-08,west,5,2800,4,Themeda triandra,25,NA
2023-12-08,west,5,2800,4,Trifolium burchellianum,0.5,n
2023-12-08,west,5,2800,4,Wahlenbergia krebsii,0.5,n
2023-12-08,west,5,2800,1,Argyrolobium sp1,0.5,n
2023-12-08,west,5,2800,1,Berkheya rhapontica,0.5,n
2023-12-08,west,5,2800,1,Cerastium arabidis,0.5,n
2023-12-08,west,5,2800,1,Cotula hispida,0.5,n
2023-12-08,west,5,2800,1,Erica woodii,0.5,y
2023-12-08,west,5,2800,1,Ficinia cinnamomea,1,n
2023-12-08,west,5,2800,1,Harpochloa falx,6,n
2023-12-08,west,5,2800,1,Helichrysum pilosellum,15,y
2023-12-08,west,5,2800,1,Kniphofia porphyrantha,0.5,n
2023-12-08,west,5,2800,1,Moraea stricta,0.5,y
2023-12-08,west,5,2800,1,Oxalis depressa,0.5,n
2023-12-08,west,5,2800,1,Pentameris exserta,50,y
2023-12-08,west,5,2800,1,Senecio erubescens,1,y
2023-12-08,west,5,2800,1,Senecio glaberrimus,3,y
2023-12-08,west,5,2800,1,Tenaxia disticha,8,y
2023-12-08,west,5,2800,1,Themeda triandra,2,y
2023-12-08,west,5,2800,3,Argyrolobium sp1,0.5,n
2023-12-08,west,5,2800,3,Berkheya rhapontica,0.5,n
2023-12-08,west,5,2800,3,Geranium multisectum,0.5,n
2023-12-08,west,5,2800,3,Helichrysum aureum,0.5,n
2023-12-08,west,5,2800,3,Helichrysum pallidum,0.5,n
2023-12-08,west,5,2800,3,Oxalis depressa,0.5,n
2023-12-08,west,5,2800,3,Pentameris exserta,80,y
2023-12-08,west,5,2800,3,Senecio glaberrimus,0.5,n
2023-12-08,west,5,2800,3,Themeda triandra,30,y
2023-12-08,west,5,2800,3,Trifolium burchellianum,0.5,n
2023-12-08,west,5,2800,3,Valeriana capensis,1,n
2023-12-08,west,5,2800,5,Berkheya rhapontica,0.5,n
2023-12-08,west,5,2800,5,Geranium multisectum,0.5,n
2023-12-08,west,5,2800,5,Helichrysum dasycephalum,0.5,n
2023-12-08,west,5,2800,5,Helichrysum pallidum,0.5,n
2023-12-08,west,5,2800,5,Kniphofia porphyrantha,1,n
2023-12-08,west,5,2800,5,Microchloa caffra,3,NA
2023-12-08,west,5,2800,5,Oxalis depressa,0.5,n
2023-12-08,west,5,2800,5,Pentameris exserta,45,y
2023-12-08,west,5,2800,5,Senecio glaberrimus,0.5,n
2023-12-08,west,5,2800,5,Asteraceae sp2,0.5,n
2023-12-08,west,5,2800,5,Tenaxia disticha,40,y
2023-12-08,west,5,2800,5,Themeda triandra,5,y
2023-12-08,east,5,2800,3,Anthoxanthum ecklonii,0.5,n
2023-12-08,east,5,2800,3,Berkheya rhapontica,0.5,n
2023-12-08,east,5,2800,3,Cotula hispida,0.5,n
2023-12-08,east,5,2800,3,Elionurus muticus,20,y
2023-12-08,east,5,2800,3,Erica woodii,3,n
2023-12-08,east,5,2800,3,Ficinia cinnamomea,15,y
2023-12-08,east,5,2800,3,Helichrysum pallidum,0.5,n
2023-12-08,east,5,2800,3,Merxmuellera drakensbergensis,50,n
2023-12-08,east,5,2800,3,Oxalis depressa,0.5,n
2023-12-08,east,5,2800,3,Senecio erubescens,0.5,n
2023-12-08,east,5,2800,3,Stiburus alopecuroides,8,n
2023-12-08,east,5,2800,3,Themeda triandra,0.5,y
2023-12-08,east,5,2800,5,Anthospermum streyi,0.5,n
2023-12-08,east,5,2800,5,Dimorphotheca jucunda,8,y
2023-12-08,east,5,2800,5,Elionurus muticus,25,n
2023-12-08,east,5,2800,5,Eulalia villosa,1,n
2023-12-08,east,5,2800,5,Festuca costata,1,n
2023-12-08,east,5,2800,5,Ficinia cinnamomea,10,y
2023-12-08,east,5,2800,5,Harpochloa falx,4,n
2023-12-08,east,5,2800,5,Helichrysum dasycephalum,0.5,y
2023-12-08,east,5,2800,5,Helichrysum pilosellum,0.5,n
2023-12-08,east,5,2800,5,Lotononis lotononoides,0.5,n
2023-12-08,east,5,2800,5,Merxmuellera drakensbergensis,5,n
2023-12-08,east,5,2800,5,Moraea alticola,0.5,y
2023-12-08,east,5,2800,5,Oxalis depressa,0.5,n
2023-12-08,east,5,2800,5,Senecio glaberrimus,0.5,n
2023-12-08,east,5,2800,5,Stiburus alopecuroides,0.5,y
2023-12-08,east,5,2800,5,Themeda triandra,6,y
2023-12-08,east,5,2800,1,Elionurus muticus,30,n
2023-12-08,east,5,2800,1,Eulalia villosa,12,n
2023-12-08,east,5,2800,1,Ficinia cinnamomea,40,y
2023-12-08,east,5,2800,1,Helichrysum dasycephalum,0.5,y
2023-12-08,east,5,2800,1,Indigofera sp1,0.5,n
2023-12-08,east,5,2800,1,Merxmuellera drakensbergensis,10,n
2023-12-08,east,5,2800,1,Oxalis depressa,0.5,n
2023-12-08,east,5,2800,1,Themeda triandra,1,NA
2023-12-08,east,5,2800,2,Anthospermum herbaceum,0.5,n
2023-12-08,east,5,2800,2,Carex zuluensis,3,n
2023-12-08,east,5,2800,2,Cynoglossum hispidum,0.5,y
2023-12-08,east,5,2800,2,Elionurus muticus,25,n
2023-12-08,east,5,2800,2,Ehrharta longigluma,1,y
2023-12-08,east,5,2800,2,Eulalia villosa,2,n
2023-12-08,east,5,2800,2,Festuca costata,1,n
2023-12-08,east,5,2800,2,Ficinia cinnamomea,20,y
2023-12-08,east,5,2800,2,Helichrysum dasycephalum,0.5,y
2023-12-08,east,5,2800,2,Helichrysum pallidum,3,n
2023-12-08,east,5,2800,2,Oxalis depressa,0.5,n
2023-12-08,east,5,2800,2,Senecio erubescens,2,n
2023-12-08,east,5,2800,2,Themeda triandra,20,y
2023-12-08,east,5,2800,4,Argyrolobium sp1,0.5,n
2023-12-08,east,5,2800,4,Albuca humilis,0.5,y
2023-12-08,east,5,2800,4,Anthospermum hispidulum,5,n
2023-12-08,east,5,2800,4,Anthoxanthum ecklonii,0.5,n
2023-12-08,east,5,2800,4,Bulbostylis humilis,0.5,n
2023-12-08,east,5,2800,4,Carex zuluensis,0.5,n
2023-12-08,east,5,2800,4,Cheilanthes eckloniana,0.5,n
2023-12-08,east,5,2800,4,Cotula hispida,0.5,n
2023-12-08,east,5,2800,4,Crassula vaginata,0.5,n
2023-12-08,east,5,2800,4,Elionurus muticus,5,n
2023-12-08,east,5,2800,4,Erica woodii,0.5,n
2023-12-08,east,5,2800,4,Festuca costata,0.5,n
2023-12-08,east,5,2800,4,Ficinia cinnamomea,0.5,n
2023-12-08,east,5,2800,4,Harpochloa falx,25,n
2023-12-08,east,5,2800,4,Helichrysum aureum,0.5,n
2023-12-08,east,5,2800,4,Helichrysum dasycephalum,0.5,y
2023-12-08,east,5,2800,4,Lotononis lotononoides,5,n
2023-12-08,east,5,2800,4,Cf moraea inclinata,0.5,n
2023-12-08,east,5,2800,4,Oxalis depressa,0.5,n
2023-12-08,east,5,2800,4,Rhodohypoxis baurii,0.5,y
2023-12-08,east,5,2800,4,Senecio glaberrimus,0.5,n
2023-12-08,east,5,2800,4,Stiburus alopecuroides,15,n
2023-12-07,east,4,2600,1,Albuca fastigiata,0.5,NA
2023-12-07,east,4,2600,1,Alepidea setifera,0.5,n
2023-12-07,east,4,2600,1,Alepidea thodei,0.5,n
2023-12-07,east,4,2600,1,Athrixia sp1,0.5,n
2023-12-07,east,4,2600,1,Berkheya rhapontica,0.5,n
2023-12-07,east,4,2600,1,Bupleurum mundii,0.5,y
2023-12-07,east,4,2600,1,Cineraria sp1,0.5,n
2023-12-07,east,4,2600,1,Cotula hispida,0.5,n
2023-12-07,east,4,2600,1,Dimorphotheca jucunda,0.5,n
2023-12-07,east,4,2600,1,Ficinia cinnamomea,1,y
2023-12-07,east,4,2600,1,Harpochloa falx,20,y
2023-12-07,east,4,2600,1,Helichrysum aureum,0.5,n
2023-12-07,east,4,2600,1,Helichrysum dasycephalum,3,y
2023-12-07,east,4,2600,1,Merxmuellera drakensbergensis,0.5,n
2023-12-07,east,4,2600,1,Cf moraea inclinata,0.5,y
2023-12-07,east,4,2600,1,Oxalis depressa,0.5,n
2023-12-07,east,4,2600,1,Psammotropha obtusa,0.5,y
2023-12-07,east,4,2600,1,Senecio glaberrimus,0.5,n
2023-12-07,east,4,2600,1,Tenaxia disticha,10,y
2023-12-07,east,4,2600,1,Themeda triandra,0.5,n
2023-12-07,east,4,2600,1,Thesium sp2,0.5,n
2023-12-07,east,4,2600,2,Alepidea setifera,0.5,n
2023-12-07,east,4,2600,2,Anthospermum hispidulum,0.5,n
2023-12-07,east,4,2600,2,Aristea woodii,1,y
2023-12-07,east,4,2600,2,Athrixia sp1,1,y
2023-12-07,east,4,2600,2,Berkheya rosulata,10,y
2023-12-07,east,4,2600,2,Carex zuluensis,0.5,n
2023-12-07,east,4,2600,2,Cineraria sp1,0.5,n
2023-12-07,east,4,2600,2,Cotula hispida,0.5,n
2023-12-07,east,4,2600,2,Eulalia villosa,0.5,n
2023-12-07,east,4,2600,2,Ficinia cinnamomea,5,y
2023-12-07,east,4,2600,2,Harpochloa falx,3,y
2023-12-07,east,4,2600,2,Helichrysum aureum,0.5,n
2023-12-07,east,4,2600,2,Helichrysum krookii,0.5,n
2023-12-07,east,4,2600,2,Helichrysum cymosum,0.5,n
2023-12-07,east,4,2600,2,Helichrysum pilosellum,0.5,n
2023-12-07,east,4,2600,2,Heteropogon contortus,1,y
2023-12-07,east,4,2600,2,Hypoxis parvula,0.5,n
2023-12-07,east,4,2600,2,Koeleria capensis,2,n
2023-12-07,east,4,2600,2,Lotononis lotononoides,0.5,n
2023-12-07,east,4,2600,2,Oxalis depressa,0.5,n
2023-12-07,east,4,2600,2,Senecio glaberrimus,0.5,n
2023-12-07,east,4,2600,2,Tenaxia disticha,30,n
2023-12-07,east,4,2600,2,Themeda triandra,2,y
2023-12-07,east,4,2600,2,Zaluzianskya sp1,0.5,n
2023-12-07,east,4,2600,3,Aristea woodii,0.5,n
2023-12-07,east,4,2600,3,Aster perfoliatus,0.5,n
2023-12-07,east,4,2600,3,Athrixia sp1,0.5,n
2023-12-07,east,4,2600,3,Berkheya rhapontica,0.5,n
2023-12-07,east,4,2600,3,Cf hesperantha baurii,0.5,n
2023-12-07,east,4,2600,3,Carex zuluensis,1,n
2023-12-07,east,4,2600,3,Cineraria sp1,0.5,n
2023-12-07,east,4,2600,3,Cotula hispida,0.5,n
2023-12-07,east,4,2600,3,Elionurus muticus,2,n
2023-12-07,east,4,2600,3,Ficinia cinnamomea,0.5,n
2023-12-07,east,4,2600,3,Harpochloa falx,5,y
2023-12-07,east,4,2600,3,Helichrysum dasycephalum,1,y
2023-12-07,east,4,2600,3,Helichrysum ecklonis,0.5,n
2023-12-07,east,4,2600,3,Helichrysum odoratissimum,0.5,n
2023-12-07,east,4,2600,3,Helichrysum pilosellum,2,n
2023-12-07,east,4,2600,3,Hypoxis parvula,0.5,y
2023-12-07,east,4,2600,3,Lotononis lotononoides,1,n
2023-12-07,east,4,2600,3,Merxmuellera drakensbergensis,0.5,n
2023-12-07,east,4,2600,3,Oxalis depressa,0.5,n
2023-12-07,east,4,2600,3,Senecio glaberrimus,1,y
2023-12-07,east,4,2600,3,Tenaxia disticha,10,n
2023-12-07,east,4,2600,3,Themeda triandra,3,y
2023-12-07,east,4,2600,4,Agapanthus campanulatus,0.5,n
2023-12-07,east,4,2600,4,Albuca fastigiata,0.5,y
2023-12-07,east,4,2600,4,Alepidea setifera,1,y
2023-12-07,east,4,2600,4,Alepidea thodei,0.5,n
2023-12-07,east,4,2600,4,Anthoxanthum ecklonii,0.5,n
2023-12-07,east,4,2600,4,Aristea woodii,0.5,y
2023-12-07,east,4,2600,4,Athrixia sp1,15,y
2023-12-07,east,4,2600,4,Berkheya rhapontica,2,n
2023-12-07,east,4,2600,4,Bulbostylis humilis,0.5,n
2023-12-07,east,4,2600,4,Bupleurum mundii,0.5,y
2023-12-07,east,4,2600,4,Carex zuluensis,0.5,n
2023-12-07,east,4,2600,4,Cotula hispida,0.5,n
2023-12-07,east,4,2600,4,Dimorphotheca jucunda,3,n
2023-12-07,east,4,2600,4,Erica sp1,0.5,n
2023-12-07,east,4,2600,4,Erica woodii,1,y
2023-12-07,east,4,2600,4,Eucomis autumnalis,1,n
2023-12-07,east,4,2600,4,Eulalia villosa,0.5,n
2023-12-07,east,4,2600,4,Fabaceae sp1,0.5,n
2023-12-07,east,4,2600,4,Ficinia cinnamomea,25,y
2023-12-07,east,4,2600,4,Harpochloa falx,4,y
2023-12-07,east,4,2600,4,Helichrysum krookii,1,n
2023-12-07,east,4,2600,4,Helichrysum dasycephalum,1,y
2023-12-07,east,4,2600,4,Helichrysum pilosellum,0.5,n
2023-12-07,east,4,2600,4,Heliophila elongata,0.5,n
2023-12-07,east,4,2600,4,Hypoxis parvula,1,y
2023-12-07,east,4,2600,4,Koeleria capensis,1,n
2023-12-07,east,4,2600,4,Lotononis lotononoides,0.5,n
2023-12-07,east,4,2600,4,Moraea alticola,0.5,n
2023-12-07,east,4,2600,4,Moraea stricta,0.5,n
2023-12-07,east,4,2600,4,Oxalis depressa,0.5,n
2023-12-07,east,4,2600,4,Polygala rhinostigma,0.5,y
2023-12-07,east,4,2600,4,Senecio glaberrimus,0.5,y
2023-12-07,east,4,2600,4,Stachys natalensis cf,0.5,n
2023-12-07,east,4,2600,4,Themeda triandra,1,y
2023-12-07,east,4,2600,4,Trifolium burchellianum,0.5,n
2023-12-07,east,4,2600,4,Vernonia natalensis,0.5,n
2023-12-07,east,4,2600,4,Wahlenbergia krebsii,0.5,n
2023-12-07,east,4,2600,5,Alepidea thodei,0.5,n
2023-12-07,east,4,2600,5,Anthoxanthum ecklonii,0.5,n
2023-12-07,east,4,2600,5,Pimpinella caffra,0.5,n
2023-12-07,east,4,2600,5,Athrixia sp1,3,y
2023-12-07,east,4,2600,5,Berkheya rhapontica,0.5,n
2023-12-07,east,4,2600,5,Bupleurum mundii,0.5,y
2023-12-07,east,4,2600,5,Cf hesperantha baurii,0.5,n
2023-12-07,east,4,2600,5,Carex zuluensis,0.5,n
2023-12-07,east,4,2600,5,Cotula hispida,1,n
2023-12-07,east,4,2600,5,Crassula lanceolata,0.5,n
2023-12-07,east,4,2600,5,Cymbopogon caesius,2,y
2023-12-07,east,4,2600,5,Cyperus sp1,0.5,y
2023-12-07,east,4,2600,5,Disa stachyoides,0.5,n
2023-12-07,east,4,2600,5,Elionurus muticus,0.5,n
2023-12-07,east,4,2600,5,Ficinia cinnamomea,12,y
2023-12-07,east,4,2600,5,Helichrysum dasycephalum,3,y
2023-12-07,east,4,2600,5,Helichrysum odoratissimum,0.5,n
2023-12-07,east,4,2600,5,Heliophila rigidiuscula,0.5,y
2023-12-07,east,4,2600,5,Hypoxis parvula,0.5,n
2023-12-07,east,4,2600,5,Jamesbrittenia pristisepala,0.5,n
2023-12-07,east,4,2600,5,Kniphofia porphyrantha,0.5,n
2023-12-07,east,4,2600,5,Lotononis lotononoides,0.5,n
2023-12-07,east,4,2600,5,Moraea alticola,0.5,n
2023-12-07,east,4,2600,5,Oxalis depressa,0.5,n
2023-12-07,east,4,2600,5,Pelargonium zonale,0.5,n
2023-12-07,east,4,2600,5,Polygala rhinostigma,0.5,n
2023-12-07,east,4,2600,5,Rubiaceae,0.5,n
2023-12-07,east,4,2600,5,Senecio glaberrimus,2,y
2023-12-07,east,4,2600,5,Tenaxia disticha,1,y
2023-12-07,east,4,2600,5,Themeda triandra,1,y
2023-12-07,east,4,2600,5,Trifolium burchellianum,0.5,n
2023-12-04,west,4,2600,1,Alepidea setifera,0.5,n
2023-12-04,west,4,2600,1,Anthospermum streyi,0.5,n
2023-12-04,west,4,2600,1,Aristea woodii,0.5,y
2023-12-04,west,4,2600,1,Berkheya rhapontica,1,n
2023-12-04,west,4,2600,1,Cyperus semitrifidus,0.5,y
2023-12-04,west,4,2600,1,Erica thodei,0.5,n
2023-12-04,west,4,2600,1,Ficinia cinnamomea,15,y
2023-12-04,west,4,2600,1,Harpochloa falx,15,y
2023-12-04,west,4,2600,1,Helichrysum chionosphaerum,1,NA
2023-12-04,west,4,2600,1,Helichrysum ecklonis,2,y
2023-12-04,west,4,2600,1,Lotononis lotononoides,0.5,n
2023-12-04,west,4,2600,1,Merxmuellera drakensbergensis,0.5,n
2023-12-04,west,4,2600,1,Cf moraea inclinata,0.5,n
2023-12-04,west,4,2600,1,Oxalis depressa,0.5,n
2023-12-04,west,4,2600,1,Pentameris exserta,0.5,n
2023-12-04,west,4,2600,1,Rendlia altera,25,n
2023-12-04,west,4,2600,1,Rhodohypoxis baurii,0.5,y
2023-12-04,west,4,2600,1,Senecio glaberrimus,1,y
2023-12-04,west,4,2600,1,Tenaxia disticha,0.5,n
2023-12-04,west,4,2600,1,Themeda triandra,0.5,n
2023-12-04,west,4,2600,1,Ursinia montana,1,n
2023-12-04,west,4,2600,2,Alepidea setifera,0.5,n
2023-12-04,west,4,2600,2,Anthospermum streyi,0.5,n
2023-12-04,west,4,2600,2,Aristea woodii,0.5,y
2023-12-04,west,4,2600,2,Athrixia fontana,0.5,n
2023-12-04,west,4,2600,2,Berkheya rhapontica,0.5,n
2023-12-04,west,4,2600,2,Ficinia cinnamomea,20,n
2023-12-04,west,4,2600,2,Harpochloa falx,25,n
2023-12-04,west,4,2600,2,Helichrysum ecklonis,2,y
2023-12-04,west,4,2600,2,Lotononis lotononoides,0.5,n
2023-12-04,west,4,2600,2,Merxmuellera drakensbergensis,0.5,n
2023-12-04,west,4,2600,2,Cf moraea inclinata,0.5,n
2023-12-04,west,4,2600,2,Oxalis depressa,0.5,n
2023-12-04,west,4,2600,2,Rhodohypoxis baurii,0.5,y
2023-12-04,west,4,2600,2,Senecio glaberrimus,2,y
2023-12-04,west,4,2600,2,Tenaxia disticha,20,n
2023-12-04,west,4,2600,2,Themeda triandra,0.5,NA
2023-12-04,west,4,2600,2,Thesium sp2,0.5,y
2023-12-04,west,4,2600,2,Ursinia montana,0.5,n
2023-12-04,west,4,2600,3,Alepidea setifera,0.5,n
2023-12-04,west,4,2600,3,Anthospermum streyi,0.5,n
2023-12-04,west,4,2600,3,Berkheya rhapontica,0.5,n
2023-12-04,west,4,2600,3,Carex zuluensis,0.5,n
2023-12-04,west,4,2600,3,Eragrostis capensis,0.5,n
2023-12-04,west,4,2600,3,Ficinia cinnamomea,0.5,n
2023-12-04,west,4,2600,3,Harpochloa falx,8,n
2023-12-04,west,4,2600,3,Helichrysum ecklonis,6,y
2023-12-04,west,4,2600,3,Helichrysum pilosellum,2,n
2023-12-04,west,4,2600,3,Lotononis lotononoides,0.5,y
2023-12-04,west,4,2600,3,Moraea stricta,0.5,n
2023-12-04,west,4,2600,3,Oxalis depressa,0.5,n
2023-12-04,west,4,2600,3,Rendlia altera,45,n
2023-12-04,west,4,2600,3,Senecio glaberrimus,0.5,y
2023-12-04,west,4,2600,3,Themeda triandra,0.5,y
2023-12-04,west,4,2600,3,Ursinia montana,1,n
2023-12-04,west,4,2600,4,Alepidea setifera,0.5,n
2023-12-04,west,4,2600,4,Anthospermum streyi,0.5,n
2023-12-04,west,4,2600,4,Anthoxanthum ecklonii,0.5,n
2023-12-04,west,4,2600,4,Aristea woodii,0.5,n
2023-12-04,west,4,2600,4,Berkheya rhapontica,0.5,n
2023-12-04,west,4,2600,4,Erica thodei,3,n
2023-12-04,west,4,2600,4,Ficinia cinnamomea,0.5,n
2023-12-04,west,4,2600,4,Harpochloa falx,40,n
2023-12-04,west,4,2600,4,Helichrysum chionosphaerum,0.5,NA
2023-12-04,west,4,2600,4,Helichrysum ecklonis,1,y
2023-12-04,west,4,2600,4,Helichrysum evansii,1,n
2023-12-04,west,4,2600,4,Hirpicium armeriodes,0.5,n
2023-12-04,west,4,2600,4,Lotononis lotononoides,0.5,n
2023-12-04,west,4,2600,4,Moraea stricta,0.5,n
2023-12-04,west,4,2600,4,Rhodohypoxis baurii,0.5,n
2023-12-04,west,4,2600,4,Senecio glaberrimus,0.5,y
2023-12-04,west,4,2600,4,Tenaxia disticha,35,n
2023-12-04,west,4,2600,4,Thesium sp2,0.5,n
2023-12-04,west,4,2600,5,Alepidea setifera,0.5,n
2023-12-04,west,4,2600,5,Carex zuluensis,0.5,n
2023-12-04,west,4,2600,5,Ficinia cinnamomea,0.5,n
2023-12-04,west,4,2600,5,Harpochloa falx,80,y
2023-12-04,west,4,2600,5,Helichrysum aureum,0.5,y
2023-12-04,west,4,2600,5,Helichrysum evansii,2,n
2023-12-04,west,4,2600,5,Helichrysum pilosellum,1,y
2023-12-04,west,4,2600,5,Lotononis lotononoides,1,n
2023-12-04,west,4,2600,5,Cf moraea inclinata,0.5,n
2023-12-04,west,4,2600,5,Moraea stricta,0.5,n
2023-12-04,west,4,2600,5,Muraltia saxicola,0.5,n
2023-12-04,west,4,2600,5,Oxalis depressa,0.5,n
2023-12-04,west,4,2600,5,Psammotropha obtusa,0.5,n
2023-12-04,west,4,2600,5,Rendlia altera,5,n
2023-12-04,west,4,2600,5,Senecio glaberrimus,1,y
2023-12-04,east,3,2400,1,Albuca fastigiata,0.5,n
2023-12-04,east,3,2400,1,Athrixia sp1,1,y
2023-12-04,east,3,2400,1,Drimia sphaerocephala,0.5,n
2023-12-04,east,3,2400,1,Elionurus muticus,1,n
2023-12-04,east,3,2400,1,Eucomis autumnalis,2,n
2023-12-04,east,3,2400,1,Eucomis humilis cf,8,n
2023-12-04,east,3,2400,1,Eulalia villosa,2,n
2023-12-04,east,3,2400,1,Ficinia cinnamomea,50,y
2023-12-04,east,3,2400,1,Helichrysum dasycephalum,3,y
2023-12-04,east,3,2400,1,Helichrysum pallidum,0.5,n
2023-12-04,east,3,2400,1,Lotononis lotononoides,1,n
2023-12-04,east,3,2400,1,Monsonia attenuata,0.5,y
2023-12-04,east,3,2400,1,Oxalis depressa,0.5,n
2023-12-04,east,3,2400,1,Senecio erubescens,0.5,n
2023-12-04,east,3,2400,1,Senecio glaberrimus,0.5,n
2023-12-04,east,3,2400,1,Themeda triandra,25,n
2023-12-04,east,3,2400,1,Tristachya leucothrix,0.5,n
2023-12-04,east,3,2400,2,Albuca fastigiata,0.5,n
2023-12-04,east,3,2400,2,Cynoglossum hispidum,0.5,y
2023-12-04,east,3,2400,2,Eucomis humilis cf,1,y
2023-12-04,east,3,2400,2,Eucomis sp1,0.5,n
2023-12-04,east,3,2400,2,Eulalia villosa,0.5,n
2023-12-04,east,3,2400,2,Ficinia cinnamomea,30,y
2023-12-04,east,3,2400,2,Helichrysum dasycephalum,0.5,y
2023-12-04,east,3,2400,2,Helichrysum pallidum,0.5,n
2023-12-04,east,3,2400,2,Hypoxis parvula,0.5,n
2023-12-04,east,3,2400,2,Lotononis lotononoides,0.5,n
2023-12-04,east,3,2400,2,Monsonia attenuata,0.5,n
2023-12-04,east,3,2400,2,Moraea alticola,0.5,n
2023-12-04,east,3,2400,2,Oxalis depressa,0.5,n
2023-12-04,east,3,2400,2,Oxalis obliquifolia,0.5,n
2023-12-04,east,3,2400,2,Schistostephium crataegifolium,0.5,n
2023-12-04,east,3,2400,2,Senecio erubescens,0.5,y
2023-12-04,east,3,2400,2,Senecio glaberrimus,0.5,n
2023-12-04,east,3,2400,2,Themeda triandra,60,NA
2023-12-04,east,3,2400,2,Trifolium burchellianum,0.5,n
2023-12-04,east,3,2400,4,Agapanthus campanulatus,1,n
2023-12-04,east,3,2400,4,Elionurus muticus,1,n
2023-12-04,east,3,2400,4,Eucomis humilis cf,0.5,n
2023-12-04,east,3,2400,4,Eulalia villosa,2,y
2023-12-04,east,3,2400,4,Ficinia cinnamomea,10,y
2023-12-04,east,3,2400,4,Helichrysum dasycephalum,0.5,y
2023-12-04,east,3,2400,4,Helichrysum pallidum,0.5,n
2023-12-04,east,3,2400,4,Helichrysum odoratissimum,0.5,y
2023-12-04,east,3,2400,4,Hypoxis parvula,0.5,y
2023-12-04,east,3,2400,4,Ledebouria cooperi cf,0.5,n
2023-12-04,east,3,2400,4,Lotononis lotononoides,0.5,n
2023-12-04,east,3,2400,4,Monsonia attenuata,0.5,n
2023-12-04,east,3,2400,4,Oxalis depressa,0.5,n
2023-12-04,east,3,2400,4,Senecio glaberrimus,0.5,n
2023-12-04,east,3,2400,4,Stiburus alopecuroides,4,n
2023-12-04,east,3,2400,4,Themeda triandra,50,NA
2023-12-04,east,3,2400,3,Agapanthus campanulatus,1,n
2023-12-04,east,3,2400,3,Albuca fastigiata,0.5,n
2023-12-04,east,3,2400,3,Drimia sphaerocephala,0.5,n
2023-12-04,east,3,2400,3,Eucomis autumnalis,5,n
2023-12-04,east,3,2400,3,Eucomis humilis cf,2,n
2023-12-04,east,3,2400,3,Ficinia cinnamomea,25,y
2023-12-04,east,3,2400,3,Helichrysum dasycephalum,3,y
2023-12-04,east,3,2400,3,Helichrysum pallidum,0.5,n
2023-12-04,east,3,2400,3,Helichrysum odoratissimum,5,n
2023-12-04,east,3,2400,3,Helichrysum pilosellum,1,n
2023-12-04,east,3,2400,3,Kniphofia porphyrantha,0.5,n
2023-12-04,east,3,2400,3,Lotononis lotononoides,0.5,y
2023-12-04,east,3,2400,3,Monsonia attenuata,0.5,y
2023-12-04,east,3,2400,3,Oxalis depressa,0.5,n
2023-12-04,east,3,2400,3,Senecio discodregeanus,0.5,n
2023-12-04,east,3,2400,3,Senecio erubescens,1,n
2023-12-04,east,3,2400,3,Senecio glaberrimus,0.5,n
2023-12-04,east,3,2400,3,Tenaxia disticha,25,n
2023-12-04,east,3,2400,3,Themeda triandra,25,NA
2023-12-04,east,3,2400,3,Tristachya leucothrix,2,n
2023-12-04,east,3,2400,3,Wahlenbergia krebsii,0.5,n
2023-12-04,east,3,2400,5,Elionurus muticus,5,n
2023-12-04,east,3,2400,5,Eulalia villosa,25,n
2023-12-04,east,3,2400,5,Ficinia cinnamomea,25,y
2023-12-04,east,3,2400,5,Helichrysum dasycephalum,0.5,y
2023-12-04,east,3,2400,5,Helichrysum pallidum,0.5,n
2023-12-04,east,3,2400,5,Helichrysum odoratissimum,0.5,n
2023-12-04,east,3,2400,5,Lotononis lotononoides,0.5,y
2023-12-04,east,3,2400,5,Monsonia attenuata,0.5,n
2023-12-04,east,3,2400,5,Oxalis depressa,0.5,y
2023-12-04,east,3,2400,5,Pelargonium zonale,0.5,n
2023-12-04,east,3,2400,5,Senecio cf scitus,0.5,n
2023-12-04,east,3,2400,5,Senecio glaberrimus,0.5,n
2023-12-04,east,3,2400,5,Themeda triandra,10,y
2023-12-04,east,3,2400,5,Tristachya leucothrix,0.5,n
2023-12-04,west,3,2400,1,Cf hesperantha baurii,0.5,n
2023-12-04,west,3,2400,1,Craterocapsa tarsodes,1,n
2023-12-04,west,3,2400,1,Eragrostis capensis,0.5,y
2023-12-04,west,3,2400,1,Eragrostis racemosa,0.5,y
2023-12-04,west,3,2400,1,Ficinia cinnamomea,1,y
2023-12-04,west,3,2400,1,Helichrysum adenocarpum,0.5,n
2023-12-04,west,3,2400,1,Helichrysum ecklonis,5,y
2023-12-04,west,3,2400,1,Koeleria capensis,1,y
2023-12-04,west,3,2400,1,Lotononis lotononoides,0.5,n
2023-12-04,west,3,2400,1,Cf moraea inclinata,0.5,n
2023-12-04,west,3,2400,1,Oxalis depressa,0.5,n
2023-12-04,west,3,2400,1,Rhodohypoxis baurii,2,y
2023-12-04,west,3,2400,1,Cf satyrium longicauda,0.5,n
2023-12-04,west,3,2400,1,Senecio cf scitus,0.5,n
2023-12-04,west,3,2400,1,Senecio discodregeanus,0.5,n
2023-12-04,west,3,2400,1,Senecio glaberrimus,2,n
2023-12-04,west,3,2400,1,Sporobolus centrifugus,1,y
2023-12-04,west,3,2400,1,Themeda triandra,0.5,y
2023-12-04,west,3,2400,1,Tristachya leucothrix,8,y
2023-12-04,west,3,2400,2,Crassula vaginata,0.5,n
2023-12-04,west,3,2400,2,Craterocapsa tarsodes,1,n
2023-12-04,west,3,2400,2,Eragrostis capensis,0.5,y
2023-12-04,west,3,2400,2,Eragrostis racemosa,1,y
2023-12-04,west,3,2400,2,Ficinia cinnamomea,0.5,y
2023-12-04,west,3,2400,2,Helichrysum ecklonis,12,y
2023-12-04,west,3,2400,2,Helichrysum pilosellum,0.5,y
2023-12-04,west,3,2400,2,Heteropogon contortus,0.5,n
2023-12-04,west,3,2400,2,Koeleria capensis,2,y
2023-12-04,west,3,2400,2,Monsonia attenuata,0.5,n
2023-12-04,west,3,2400,2,Cf moraea inclinata,0.5,y
2023-12-04,west,3,2400,2,Oxalis depressa,0.5,n
2023-12-04,west,3,2400,2,Rhodohypoxis baurii,1,y
2023-12-04,west,3,2400,2,Cf satyrium longicauda,0.5,n
2023-12-04,west,3,2400,2,Senecio discodregeanus,0.5,y
2023-12-04,west,3,2400,2,Senecio glaberrimus,1,y
2023-12-04,west,3,2400,2,Sporobolus centrifugus,0.5,y
2023-12-04,west,3,2400,2,Tristachya leucothrix,12,y
2023-12-04,west,3,2400,3,Aster perfoliatus,0.5,n
2023-12-04,west,3,2400,3,Bulbostylis humilis,0.5,n
2023-12-04,west,3,2400,3,Craterocapsa tarsodes,1,n
2023-12-04,west,3,2400,3,Eragrostis capensis,0.5,y
2023-12-04,west,3,2400,3,Eragrostis racemosa,0.5,y
2023-12-04,west,3,2400,3,Ficinia cinnamomea,3,y
2023-12-04,west,3,2400,3,Helichrysum albo brunneum cf,0.5,n
2023-12-04,west,3,2400,3,Helichrysum ecklonis,2,y
2023-12-04,west,3,2400,3,Helichrysum pilosellum,2,y
2023-12-04,west,3,2400,3,Lotononis lotononoides,1,n
2023-12-04,west,3,2400,3,Monsonia attenuata,0.5,y
2023-12-04,west,3,2400,3,Moraea alticola,0.5,y
2023-12-04,west,3,2400,3,Cf moraea inclinata,0.5,y
2023-12-04,west,3,2400,3,Oxalis depressa,0.5,n
2023-12-04,west,3,2400,3,Senecio sp2,1,y
2023-12-04,west,3,2400,3,Rhodohypoxis baurii,2,y
2023-12-04,west,3,2400,3,Cf satyrium longicauda,0.5,y
2023-12-04,west,3,2400,3,Senecio cf scitus,2,n
2023-12-04,west,3,2400,3,Senecio discodregeanus,0.5,y
2023-12-04,west,3,2400,3,Senecio glaberrimus,0.5,y
2023-12-04,west,3,2400,3,Sporobolus centrifugus,0.5,y
2023-12-04,west,3,2400,3,Stiburus alopecuroides,0.5,n
2023-12-04,west,3,2400,3,Tristachya leucothrix,20,y
2023-12-04,west,3,2400,3,Ursinia montana,0.5,n
2023-12-04,west,3,2400,4,Craterocapsa tarsodes,0.5,n
2023-12-04,west,3,2400,4,Eragrostis capensis,0.5,y
2023-12-04,west,3,2400,4,Eragrostis racemosa,1,y
2023-12-04,west,3,2400,4,Ficinia cinnamomea,1,y
2023-12-04,west,3,2400,4,Helichrysum ecklonis,10,y
2023-12-04,west,3,2400,4,Heteropogon contortus,0.5,n
2023-12-04,west,3,2400,4,Koeleria capensis,1,y
2023-12-04,west,3,2400,4,Lotononis lotononoides,0.5,n
2023-12-04,west,3,2400,4,Monsonia attenuata,0.5,n
2023-12-04,west,3,2400,4,Cf moraea inclinata,0.5,n
2023-12-04,west,3,2400,4,Oxalis depressa,0.5,n
2023-12-04,west,3,2400,4,Rhodohypoxis baurii,2,y
2023-12-04,west,3,2400,4,Cf satyrium longicauda,0.5,n
2023-12-04,west,3,2400,4,Senecio discodregeanus,0.5,y
2023-12-04,west,3,2400,4,Senecio glaberrimus,1,y
2023-12-04,west,3,2400,4,Sporobolus centrifugus,0.5,y
2023-12-04,west,3,2400,4,Tristachya leucothrix,10,y
2023-12-04,west,3,2400,5,Anthospermum streyi,0.5,n
2023-12-04,west,3,2400,5,Aster perfoliatus,2,y
2023-12-04,west,3,2400,5,Craterocapsa tarsodes,0.5,n
2023-12-04,west,3,2400,5,Eragrostis capensis,0.5,y
2023-12-04,west,3,2400,5,Eragrostis racemosa,0.5,y
2023-12-04,west,3,2400,5,Ficinia cinnamomea,5,y
2023-12-04,west,3,2400,5,Helichrysum ecklonis,6,y
2023-12-04,west,3,2400,5,Helichrysum pilosellum,1,n
2023-12-04,west,3,2400,5,Helichrysum spiralepis,0.5,n
2023-12-04,west,3,2400,5,Koeleria capensis,1,y
2023-12-04,west,3,2400,5,Lotononis lotononoides,0.5,n
2023-12-04,west,3,2400,5,Monsonia attenuata,0.5,n
2023-12-04,west,3,2400,5,Oxalis depressa,0.5,n
2023-12-04,west,3,2400,5,Rhodohypoxis baurii,1,y
2023-12-04,west,3,2400,5,Senecio discodregeanus,0.5,y
2023-12-04,west,3,2400,5,Senecio glaberrimus,1,y
2023-12-04,west,3,2400,5,Sporobolus centrifugus,0.5,y
2023-12-04,west,3,2400,5,Tristachya leucothrix,5,y
2023-12-03,west,2,2200,1,Acalypha punctata,8,n
2023-12-03,west,2,2200,1,Anthospermum herbaceum,2,y
2023-12-03,west,2,2200,1,Berkheya rhapontica,1,n
2023-12-03,west,2,2200,1,Commelina africana,0.5,n
2023-12-03,west,2,2200,1,Craterocapsa tarsodes,1,n
2023-12-03,west,2,2200,1,Elionurus muticus,1,NA
2023-12-03,west,2,2200,1,Eragrostis capensis,1,y
2023-12-03,west,2,2200,1,Eragrostis racemosa,0.5,y
2023-12-03,west,2,2200,1,Eulalia villosa,0.5,y
2023-12-03,west,2,2200,1,Ficinia cinnamomea,0.5,y
2023-12-03,west,2,2200,1,Helichrysum auronitens,0.5,y
2023-12-03,west,2,2200,1,Helichrysum pallidum,0.5,NA
2023-12-03,west,2,2200,1,Helichrysum nudifolium,1,n
2023-12-03,west,2,2200,1,Heteropogon contortus,10,y
2023-12-03,west,2,2200,1,Hilliardiella elaeagnoides,0.5,y
2023-12-03,west,2,2200,1,Hypoxis rigidula,0.5,y
2023-12-03,west,2,2200,1,Koeleria capensis,0.5,y
2023-12-03,west,2,2200,1,Oxalis depressa,0.5,n
2023-12-03,west,2,2200,1,Pentameris airoides,0.5,y
2023-12-03,west,2,2200,1,Scilla nervosa,0.5,y
2023-12-03,west,2,2200,1,Senecio glaberrimus,1,y
2023-12-03,west,2,2200,1,Sporobolus centrifugus,2,NA
2023-12-03,west,2,2200,1,Themeda triandra,15,y
2023-12-03,west,2,2200,1,Tristachya leucothrix,0.5,y
2023-12-03,west,2,2200,2,Acalypha punctata,3,y
2023-12-03,west,2,2200,2,Berkheya rhapontica,1,n
2023-12-03,west,2,2200,2,Cf hesperantha baurii,0.5,n
2023-12-03,west,2,2200,2,Craterocapsa tarsodes,1,n
2023-12-03,west,2,2200,2,Cyperus semitrifidus,0.5,NA
2023-12-03,west,2,2200,2,Elionurus muticus,1,n
2023-12-03,west,2,2200,2,Eragrostis racemosa,0.5,y
2023-12-03,west,2,2200,2,Ficinia cinnamomea,0.5,y
2023-12-03,west,2,2200,2,Gnidia caffra,0.5,n
2023-12-03,west,2,2200,2,Harpochloa falx,2,y
2023-12-03,west,2,2200,2,Helichrysum auronitens,0.5,y
2023-12-03,west,2,2200,2,Helichrysum pallidum,0.5,n
2023-12-03,west,2,2200,2,Helichrysum nudifolium,1,n
2023-12-03,west,2,2200,2,Heteropogon contortus,20,n
2023-12-03,west,2,2200,2,Koeleria capensis,1,y
2023-12-03,west,2,2200,2,Oxalis depressa,0.5,n
2023-12-03,west,2,2200,2,Pentameris airoides,0.5,y
2023-12-03,west,2,2200,2,Senecio glaberrimus,2,y
2023-12-03,west,2,2200,2,Sporobolus centrifugus,1,y
2023-12-03,west,2,2200,2,Themeda triandra,2,y
2023-12-03,west,2,2200,2,Aspidonepsis reenensis,0.5,y
2023-12-03,west,2,2200,2,Tristachya leucothrix,1,y
2023-12-03,west,2,2200,3,Acalypha punctata,3,n
2023-12-03,west,2,2200,3,Anthospermum herbaceum,0.5,n
2023-12-03,west,2,2200,3,Cf hesperantha baurii,0.5,n
2023-12-03,west,2,2200,3,Cyperus semitrifidus,0.5,NA
2023-12-03,west,2,2200,3,Eragrostis capensis,0.5,y
2023-12-03,west,2,2200,3,Eragrostis racemosa,0.5,y
2023-12-03,west,2,2200,3,Ficinia cinnamomea,2,y
2023-12-03,west,2,2200,3,Harpochloa falx,0.5,y
2023-12-03,west,2,2200,3,Helichrysum auronitens,2,y
2023-12-03,west,2,2200,3,Helichrysum pilosellum,2,n
2023-12-03,west,2,2200,3,Helichrysum nudifolium,0.5,n
2023-12-03,west,2,2200,3,Hermannia woodii,0.5,y
2023-12-03,west,2,2200,3,Heteropogon contortus,22,n
2023-12-03,west,2,2200,3,Hypoxis rigidula,0.5,n
2023-12-03,west,2,2200,3,Koeleria capensis,1,y
2023-12-03,west,2,2200,3,Scilla nervosa,0.5,NA
2023-12-03,west,2,2200,3,Senecio glaberrimus,1,y
2023-12-03,west,2,2200,3,Sopubia cana,0.5,n
2023-12-03,west,2,2200,3,Aspidonepsis reenensis,0.5,y
2023-12-03,west,2,2200,3,Tristachya leucothrix,5,y
2023-12-03,west,2,2200,4,Acalypha punctata,3,n
2023-12-03,west,2,2200,4,Anthospermum herbaceum,1,n
2023-12-03,west,2,2200,4,Aristea woodii,0.5,y
2023-12-03,west,2,2200,4,Berkheya rhapontica,2,n
2023-12-03,west,2,2200,4,Brunsvigia radulosa,1,n
2023-12-03,west,2,2200,4,Cf hesperantha baurii,0.5,n
2023-12-03,west,2,2200,4,Carex zuluensis,0.5,y
2023-12-03,west,2,2200,4,Cyperus semitrifidus,0.5,NA
2023-12-03,west,2,2200,4,Disa stachyoides,0.5,n
2023-12-03,west,2,2200,4,Eragrostis capensis,0.5,y
2023-12-03,west,2,2200,4,Eragrostis racemosa,0.5,y
2023-12-03,west,2,2200,4,Ficinia cinnamomea,5,n
2023-12-03,west,2,2200,4,Gnidia caffra,0.5,n
2023-12-03,west,2,2200,4,Helichrysum adenocarpum,1,n
2023-12-03,west,2,2200,4,Helichrysum auronitens,5,y
2023-12-03,west,2,2200,4,Helichrysum ecklonis,0.5,n
2023-12-03,west,2,2200,4,Helichrysum pilosellum,0.5,n
2023-12-03,west,2,2200,4,Helichrysum nudifolium,0.5,n
2023-12-03,west,2,2200,4,Heteropogon contortus,50,y
2023-12-03,west,2,2200,4,Hypoxis rigidula,0.5,y
2023-12-03,west,2,2200,4,Oxalis depressa,1,n
2023-12-03,west,2,2200,4,Pentameris airoides,0.5,y
2023-12-03,west,2,2200,4,Scilla nervosa,0.5,NA
2023-12-03,west,2,2200,4,Senecio glaberrimus,1,y
2023-12-03,west,2,2200,4,Sporobolus centrifugus,1,y
2023-12-03,west,2,2200,4,Taraxacum officinale,0.5,n
2023-12-03,west,2,2200,4,Thesium sp1,0.5,n
2023-12-03,west,2,2200,4,Aspidonepsis reenensis,0.5,n
2023-12-03,west,2,2200,4,Tristachya leucothrix,15,y
2023-12-03,west,2,2200,5,Acalypha punctata,1,n
2023-12-03,west,2,2200,5,Anthospermum herbaceum,2,n
2023-12-03,west,2,2200,5,Aristea woodii,0.5,n
2023-12-03,west,2,2200,5,Berkheya rhapontica,0.5,n
2023-12-03,west,2,2200,5,Craterocapsa tarsodes,0.5,n
2023-12-03,west,2,2200,5,Disa stachyoides,0.5,n
2023-12-03,west,2,2200,5,Eragrostis capensis,0.5,y
2023-12-03,west,2,2200,5,Eragrostis racemosa,2,y
2023-12-03,west,2,2200,5,Ficinia cinnamomea,2,y
2023-12-03,west,2,2200,5,Gnidia caffra,0.5,n
2023-12-03,west,2,2200,5,Helichrysum adenocarpum,0.5,n
2023-12-03,west,2,2200,5,Helichrysum auronitens,1,y
2023-12-03,west,2,2200,5,Helichrysum nudifolium,1,y
2023-12-03,west,2,2200,5,Heteropogon contortus,5,y
2023-12-03,west,2,2200,5,Hypoxis rigidula,1,y
2023-12-03,west,2,2200,5,Pentameris airoides,1,y
2023-12-03,west,2,2200,5,Scilla nervosa,0.5,NA
2023-12-03,west,2,2200,5,Senecio glaberrimus,0.5,n
2023-12-03,west,2,2200,5,Tristachya leucothrix,2,n
2023-12-04,east,2,2200,1,Acalypha punctata,4,NA
2023-12-04,east,2,2200,1,Ajuga ophrydis,0.5,NA
2023-12-04,east,2,2200,1,Anthospermum herbaceum,1,NA
2023-12-04,east,2,2200,1,Berkheya rhapontica,1,NA
2023-12-04,east,2,2200,1,Cf hesperantha baurii,0.5,NA
2023-12-04,east,2,2200,1,Carex zuluensis,0.5,NA
2023-12-04,east,2,2200,1,Commelina africana,0.5,NA
2023-12-04,east,2,2200,1,Cyperus semitrifidus,0.5,NA
2023-12-04,east,2,2200,1,Elionurus muticus,1,NA
2023-12-04,east,2,2200,1,Eragrostis capensis,5,NA
2023-12-04,east,2,2200,1,Ficinia cinnamomea,1,NA
2023-12-04,east,2,2200,1,Haplocarpha scaposa,2,NA
2023-12-04,east,2,2200,1,Helichrysum aureum,0.5,NA
2023-12-04,east,2,2200,1,Helichrysum glomeratum,1,NA
2023-12-04,east,2,2200,1,Helichrysum pallidum,0.5,NA
2023-12-04,east,2,2200,1,Helichrysum nudifolium,1,NA
2023-12-04,east,2,2200,1,Hermannia woodii,0.5,NA
2023-12-04,east,2,2200,1,Hypoxis costata,2,NA
2023-12-04,east,2,2200,1,Hypoxis rigidula,0.5,NA
2023-12-04,east,2,2200,1,Koeleria capensis,1,NA
2023-12-04,east,2,2200,1,Oxalis depressa,0.5,NA
2023-12-04,east,2,2200,1,Rhodohypoxis baurii,0.5,NA
2023-12-04,east,2,2200,1,Sporobolus centrifugus,1,NA
2023-12-04,east,2,2200,1,Taraxacum officinale,0.5,NA
2023-12-04,east,2,2200,1,Themeda triandra,12,NA
2023-12-04,east,2,2200,1,Wahlenbergia krebsii,0.5,NA
2023-12-04,east,2,2200,2,Acalypha punctata,5,NA
2023-12-04,east,2,2200,2,Ajuga ophrydis,2,NA
2023-12-04,east,2,2200,2,Anthospermum herbaceum,0.5,NA
2023-12-04,east,2,2200,2,Cyperus sp1,0.5,NA
2023-12-04,east,2,2200,2,Eragrostis capensis,10,NA
2023-12-04,east,2,2200,2,Eragrostis racemosa,1,NA
2023-12-04,east,2,2200,2,Ficinia cinnamomea,1,NA
2023-12-04,east,2,2200,2,Helichrysum glomeratum,0.5,NA
2023-12-04,east,2,2200,2,Helichrysum pallidum,0.5,NA
2023-12-04,east,2,2200,2,Helichrysum nudifolium,0.5,NA
2023-12-04,east,2,2200,2,Hermannia woodii,0.5,NA
2023-12-04,east,2,2200,2,Hypoxis costata,1,NA
2023-12-04,east,2,2200,2,Hypoxis rigidula,0.5,NA
2023-12-04,east,2,2200,2,Aspidonepsis reenensis,0.5,NA
2023-12-04,east,2,2200,2,Tristachya leucothrix,1,NA
2023-12-04,east,2,2200,3,Anthospermum herbaceum,0.5,NA
2023-12-04,east,2,2200,3,Aristea woodii,0.5,NA
2023-12-04,east,2,2200,3,Berkheya rhapontica,0.5,NA
2023-12-04,east,2,2200,3,Commelina africana,0.5,NA
2023-12-04,east,2,2200,3,Craterocapsa tarsodes,0.5,NA
2023-12-04,east,2,2200,3,Cyperus semitrifidus,0.5,NA
2023-12-04,east,2,2200,3,Diheteropogon filifolius,1,NA
2023-12-04,east,2,2200,3,Ficinia cinnamomea,0.5,NA
2023-12-04,east,2,2200,3,Gerbera piloselloides,0.5,NA
2023-12-04,east,2,2200,3,Haplocarpha scaposa,0.5,NA
2023-12-04,east,2,2200,3,Helichrysum adenocarpum,0.5,NA
2023-12-04,east,2,2200,3,Helichrysum auronitens,0.5,NA
2023-12-04,east,2,2200,3,Helichrysum ecklonis,0.5,NA
2023-12-04,east,2,2200,3,Helichrysum nudifolium,0.5,NA
2023-12-04,east,2,2200,3,Hermannia woodii,0.5,NA
2023-12-04,east,2,2200,3,Heteropogon contortus,20,NA
2023-12-04,east,2,2200,3,Hypoxis costata,3,NA
2023-12-04,east,2,2200,3,Hypoxis rigidula,0.5,NA
2023-12-04,east,2,2200,3,Koeleria capensis,0.5,NA
2023-12-04,east,2,2200,3,Oxalis depressa,0.5,NA
2023-12-04,east,2,2200,3,Senecio glaberrimus,0.5,NA
2023-12-04,east,2,2200,3,Sporobolus centrifugus,1,NA
2023-12-04,east,2,2200,3,Themeda triandra,2,NA
2023-12-04,east,2,2200,3,Tristachya leucothrix,1,NA
2023-12-04,east,2,2200,4,Anthospermum herbaceum,0.5,NA
2023-12-04,east,2,2200,4,Aristea woodii,0.5,NA
2023-12-04,east,2,2200,4,Commelina africana,0.5,NA
2023-12-04,east,2,2200,4,Cyperus semitrifidus,0.5,NA
2023-12-04,east,2,2200,4,Diheteropogon filifolius,1,NA
2023-12-04,east,2,2200,4,Eragrostis capensis,1,NA
2023-12-04,east,2,2200,4,Eragrostis racemosa,0.5,NA
2023-12-04,east,2,2200,4,Ficinia cinnamomea,2,NA
2023-12-04,east,2,2200,4,Helichrysum glomeratum,0.5,NA
2023-12-04,east,2,2200,4,Helichrysum pallidum,0.5,NA
2023-12-04,east,2,2200,4,Helichrysum pilosellum,0.5,NA
2023-12-04,east,2,2200,4,Helichrysum nudifolium,0.5,NA
2023-12-04,east,2,2200,4,Heteropogon contortus,2,NA
2023-12-04,east,2,2200,4,Hypoxis costata,0.5,NA
2023-12-04,east,2,2200,4,Koeleria capensis,0.5,NA
2023-12-04,east,2,2200,4,Oxalis depressa,0.5,NA
2023-12-04,east,2,2200,4,Rhodohypoxis baurii,0.5,NA
2023-12-04,east,2,2200,4,Senecio glaberrimus,0.5,NA
2023-12-04,east,2,2200,4,Sporobolus centrifugus,1,NA
2023-12-04,east,2,2200,4,Themeda triandra,15,NA
2023-12-04,east,2,2200,4,Thesium sp1,0.5,NA
2023-12-04,east,2,2200,4,Tristachya leucothrix,1,NA
2023-12-04,east,2,2200,5,Acalypha punctata,4,NA
2023-12-04,east,2,2200,5,Anthospermum herbaceum,0.5,NA
2023-12-04,east,2,2200,5,Aristea woodii,0.5,NA
2023-12-04,east,2,2200,5,Berkheya rhapontica,0.5,NA
2023-12-04,east,2,2200,5,Orchidaceae,0.5,NA
2023-12-04,east,2,2200,5,Cyperus semitrifidus,0.5,NA
2023-12-04,east,2,2200,5,Diheteropogon filifolius,2,NA
2023-12-04,east,2,2200,5,Disa stachyoides,0.5,NA
2023-12-04,east,2,2200,5,Elionurus muticus,0.5,NA
2023-12-04,east,2,2200,5,Eragrostis capensis,0.5,NA
2023-12-04,east,2,2200,5,Ficinia cinnamomea,0.5,NA
2023-12-04,east,2,2200,5,Haplocarpha scaposa,0.5,NA
2023-12-04,east,2,2200,5,Helichrysum pilosellum,1,NA
2023-12-04,east,2,2200,5,Hermannia woodii,0.5,NA
2023-12-04,east,2,2200,5,Heteropogon contortus,9,NA
2023-12-04,east,2,2200,5,Koeleria capensis,0.5,NA
2023-12-04,east,2,2200,5,Oxalis depressa,0.5,NA
2023-12-04,east,2,2200,5,Senecio glaberrimus,0.5,NA
2023-12-04,east,2,2200,5,Sporobolus centrifugus,2,NA
2023-12-04,east,2,2200,5,Themeda triandra,8,NA
2023-12-04,east,2,2200,5,Aspidonepsis reenensis,0.5,NA
2023-12-04,east,2,2200,5,Tristachya leucothrix,1,NA
2023-12-04,east,1,2000,1,Craterocapsa tarsodes,1,n
2023-12-04,east,1,2000,1,Cyperus semitrifidus,0.5,y
2023-12-04,east,1,2000,1,Cyperus sphaerocephalus,0.5,y
2023-12-04,east,1,2000,1,Diheteropogon filifolius,8,y
2023-12-04,east,1,2000,1,Eragrostis capensis,5,y
2023-12-04,east,1,2000,1,Eragrostis racemosa,5,y
2023-12-04,east,1,2000,1,Euphorbia stricta,0.5,y
2023-12-04,east,1,2000,1,Helichrysum nudifolium,1,y
2023-12-04,east,1,2000,1,Heteropogon contortus,1,y
2023-12-04,east,1,2000,1,Hypoxis filiformis,0.5,y
2023-12-04,east,1,2000,1,Rendlia altera,10,y
2023-12-04,east,1,2000,1,Themeda triandra,8,NA
2023-12-04,east,1,2000,1,Tristachya leucothrix,12,n
2023-12-04,east,1,2000,2,Acalypha schinzii,0.5,n
2023-12-04,east,1,2000,2,Bulbostylis oritrephes,0.5,y
2023-12-04,east,1,2000,2,Craterocapsa tarsodes,0.5,NA
2023-12-04,east,1,2000,2,Cyperus semitrifidus,0.5,NA
2023-12-04,east,1,2000,2,Cyperus sphaerocephalus,0.5,y
2023-12-04,east,1,2000,2,Diheteropogon filifolius,3,y
2023-12-04,east,1,2000,2,Eragrostis capensis,11,n
2023-12-04,east,1,2000,2,Eragrostis racemosa,2,y
2023-12-04,east,1,2000,2,Helichrysum auronitens,2,y
2023-12-04,east,1,2000,2,Helichrysum nudifolium,1,y
2023-12-04,east,1,2000,2,Lasiosiphon kraussianus,0.5,n
2023-12-04,east,1,2000,2,Rendlia altera,15,NA
2023-12-04,east,1,2000,2,Themeda triandra,5,NA
2023-12-04,east,1,2000,2,Tristachya leucothrix,1,y
2023-12-04,east,1,2000,3,Aristea woodii,0.5,n
2023-12-04,east,1,2000,3,Bulbostylis oritrephes,0.5,y
2023-12-04,east,1,2000,3,Cyperus semitrifidus,4,y
2023-12-04,east,1,2000,3,Cyperus sphaerocephalus,3,y
2023-12-04,east,1,2000,3,Diheteropogon filifolius,1,n
2023-12-04,east,1,2000,3,Eragrostis capensis,8,n
2023-12-04,east,1,2000,3,Eragrostis racemosa,4,y
2023-12-04,east,1,2000,3,Ficinia cinnamomea,0.5,y
2023-12-04,east,1,2000,3,Helichrysum auronitens,1,y
2023-12-04,east,1,2000,3,Helichrysum nudifolium,1,y
2023-12-04,east,1,2000,3,Heteropogon contortus,4,y
2023-12-04,east,1,2000,3,Hypoxis filiformis,0.5,y
2023-12-04,east,1,2000,3,Microchloa caffra,0.5,y
2023-12-04,east,1,2000,3,Rendlia altera,15,y
2023-12-04,east,1,2000,3,Themeda triandra,5,y
2023-12-04,east,1,2000,3,Tristachya leucothrix,20,y
2023-12-04,east,1,2000,4,Acalypha schinzii,0.5,n
2023-12-04,east,1,2000,4,Aristea woodii,0.5,y
2023-12-04,east,1,2000,4,Bulbostylis oritrephes,0.5,y
2023-12-04,east,1,2000,4,Cyperus semitrifidus,0.5,NA
2023-12-04,east,1,2000,4,Cyperus sphaerocephalus,0.5,y
2023-12-04,east,1,2000,4,Eragrostis capensis,3,y
2023-12-04,east,1,2000,4,Eragrostis racemosa,1,y
2023-12-04,east,1,2000,4,Ficinia cinnamomea,0.5,y
2023-12-04,east,1,2000,4,Helichrysum auronitens,0.5,n
2023-12-04,east,1,2000,4,Helichrysum nudifolium,1,y
2023-12-04,east,1,2000,4,Heteropogon contortus,0.5,y
2023-12-04,east,1,2000,4,Hypoxis filiformis,0.5,y
2023-12-04,east,1,2000,4,Kohautia amatymbica,0.5,n
2023-12-04,east,1,2000,4,Rendlia altera,10,NA
2023-12-04,east,1,2000,4,Scilla nervosa,0.5,n
2023-12-04,east,1,2000,4,Themeda triandra,15,n
2023-12-04,east,1,2000,4,Tristachya leucothrix,1,y
2023-12-04,east,1,2000,5,Bulbostylis oritrephes,0.5,y
2023-12-04,east,1,2000,5,Craterocapsa tarsodes,0.5,NA
2023-12-04,east,1,2000,5,Cyperus semitrifidus,0.5,NA
2023-12-04,east,1,2000,5,Cyperus sphaerocephalus,2,y
2023-12-04,east,1,2000,5,Diheteropogon filifolius,3,n
2023-12-04,east,1,2000,5,Eragrostis capensis,10,n
2023-12-04,east,1,2000,5,Eragrostis racemosa,3,y
2023-12-04,east,1,2000,5,Euphorbia stricta,0.5,n
2023-12-04,east,1,2000,5,Helichrysum pilosellum,0.5,y
2023-12-04,east,1,2000,5,Helichrysum nudifolium,1,y
2023-12-04,east,1,2000,5,Heteropogon contortus,5,y
2023-12-04,east,1,2000,5,Hypoxis filiformis,0.5,y
2023-12-04,east,1,2000,5,Rendlia altera,5,NA
2023-12-04,east,1,2000,5,Themeda triandra,2,n
2023-12-04,east,1,2000,5,Tristachya leucothrix,1,n
2023-12-04,west,1,2000,1,Acalypha schinzii,0.5,y
2023-12-04,west,1,2000,1,Anthospermum hispidulum,0.5,n
2023-12-04,west,1,2000,1,Bulbostylis oritrephes,0.5,y
2023-12-04,west,1,2000,1,Cyperus semitrifidus,0.5,y
2023-12-04,west,1,2000,1,Diheteropogon filifolius,1,n
2023-12-04,west,1,2000,1,Eragrostis capensis,2,y
2023-12-04,west,1,2000,1,Eragrostis racemosa,1,y
2023-12-04,west,1,2000,1,Ficinia cinnamomea,0.5,y
2023-12-04,west,1,2000,1,Gerbera piloselloides,0.5,n
2023-12-04,west,1,2000,1,Helichrysum glomeratum,0.5,y
2023-12-04,west,1,2000,1,Helichrysum oreophilum,0.5,y
2023-12-04,west,1,2000,1,Helichrysum pilosellum,1,n
2023-12-04,west,1,2000,1,Hypoxis filiformis,0.5,y
2023-12-04,west,1,2000,1,Hypoxis rigidula,0.5,NA
2023-12-04,west,1,2000,1,Microchloa caffra,0.5,y
2023-12-04,west,1,2000,1,Rendlia altera,2,y
2023-12-04,west,1,2000,1,Sebaea natalensis,0.5,n
2023-12-04,west,1,2000,1,Senecio glaberrimus,1,y
2023-12-04,west,1,2000,1,Themeda triandra,10,n
2023-12-04,west,1,2000,1,Tristachya leucothrix,1,y
2023-12-04,west,1,2000,2,Anthospermum hispidulum,0.5,n
2023-12-04,west,1,2000,2,Anthospermum streyi,0.5,NA
2023-12-04,west,1,2000,2,Bulbostylis oritrephes,8,y
2023-12-04,west,1,2000,2,Craterocapsa tarsodes,1,n
2023-12-04,west,1,2000,2,Cyperus semitrifidus,0.5,y
2023-12-04,west,1,2000,2,Eragrostis capensis,10,NA
2023-12-04,west,1,2000,2,Eragrostis racemosa,5,y
2023-12-04,west,1,2000,2,Ficinia cinnamomea,0.5,NA
2023-12-04,west,1,2000,2,Helichrysum chionosphaerum,0.5,y
2023-12-04,west,1,2000,2,Helichrysum glomeratum,0.5,NA
2023-12-04,west,1,2000,2,Helichrysum oreophilum,0.5,y
2023-12-04,west,1,2000,2,Heteropogon contortus,5,y
2023-12-04,west,1,2000,2,Hypoxis rigidula,0.5,NA
2023-12-04,west,1,2000,2,Microchloa caffra,0.5,y
2023-12-04,west,1,2000,2,Rendlia altera,5,y
2023-12-04,west,1,2000,2,Themeda triandra,20,n
2023-12-04,west,1,2000,2,Thesium sp1,0.5,y
2023-12-04,west,1,2000,2,Tristachya leucothrix,20,y
2023-12-04,west,1,2000,3,Anthospermum hispidulum,0.5,n
2023-12-04,west,1,2000,3,Aristea woodii,0.5,n
2023-12-04,west,1,2000,3,Bulbostylis oritrephes,0.5,y
2023-12-04,west,1,2000,3,Carex zuluensis,0.5,n
2023-12-04,west,1,2000,3,Cyperus semitrifidus,0.5,y
2023-12-04,west,1,2000,3,Diheteropogon filifolius,1,n
2023-12-04,west,1,2000,3,Eragrostis racemosa,1,y
2023-12-04,west,1,2000,3,Eulalia villosa,0.5,y
2023-12-04,west,1,2000,3,Euphorbia stricta,0.5,n
2023-12-04,west,1,2000,3,Helichrysum chionosphaerum,0.5,n
2023-12-04,west,1,2000,3,Helichrysum pilosellum,0.5,n
2023-12-04,west,1,2000,3,Helichrysum nudifolium,0.5,n
2023-12-04,west,1,2000,3,Hermannia woodii,0.5,n
2023-12-04,west,1,2000,3,Hypoxis filiformis,0.5,y
2023-12-04,west,1,2000,3,Kohautia amatymbica,0.5,n
2023-12-04,west,1,2000,3,Microchloa caffra,1,y
2023-12-04,west,1,2000,3,Rendlia altera,4,y
2023-12-04,west,1,2000,3,Senecio glaberrimus,0.5,n
2023-12-04,west,1,2000,3,Asteraceae sp1,0.5,n
2023-12-04,west,1,2000,3,Themeda triandra,5,n
2023-12-04,west,1,2000,3,Tristachya leucothrix,0.5,y
2023-12-04,west,1,2000,4,Anthospermum hispidulum,0.5,n
2023-12-04,west,1,2000,4,Bulbostylis oritrephes,3,y
2023-12-04,west,1,2000,4,Cyperus semitrifidus,0.5,NA
2023-12-04,west,1,2000,4,Eragrostis capensis,1,NA
2023-12-04,west,1,2000,4,Eragrostis racemosa,5,y
2023-12-04,west,1,2000,4,Eulalia villosa,0.5,n
2023-12-04,west,1,2000,4,Ficinia cinnamomea,0.5,NA
2023-12-04,west,1,2000,4,Helichrysum glomeratum,0.5,NA
2023-12-04,west,1,2000,4,Helichrysum herbaceum,0.5,y
2023-12-04,west,1,2000,4,Helichrysum pilosellum,0.5,n
2023-12-04,west,1,2000,4,Heteropogon contortus,2,y
2023-12-04,west,1,2000,4,Hypoxis filiformis,0.5,y
2023-12-04,west,1,2000,4,Hypoxis rigidula,0.5,NA
2023-12-04,west,1,2000,4,Kohautia amatymbica,0.5,n
2023-12-04,west,1,2000,4,Microchloa caffra,1,y
2023-12-04,west,1,2000,4,Rendlia altera,3,y
2023-12-04,west,1,2000,4,Asteraceae sp1,0.5,y
2023-12-04,west,1,2000,4,Themeda triandra,15,y
2023-12-04,west,1,2000,4,Tristachya leucothrix,3,y
2023-12-04,west,1,2000,5,Anthospermum hispidulum,0.5,y
2023-12-04,west,1,2000,5,Bulbostylis oritrephes,5,y
2023-12-04,west,1,2000,5,Craterocapsa tarsodes,0.5,n
2023-12-04,west,1,2000,5,Cyperus semitrifidus,0.5,NA
2023-12-04,west,1,2000,5,Eragrostis capensis,0.5,NA
2023-12-04,west,1,2000,5,Eragrostis racemosa,10,y
2023-12-04,west,1,2000,5,Eulalia villosa,1,n
2023-12-04,west,1,2000,5,Helichrysum glomeratum,1,NA
2023-12-04,west,1,2000,5,Helichrysum oreophilum,5,y
2023-12-04,west,1,2000,5,Helichrysum nudifolium,0.5,NA
2023-12-04,west,1,2000,5,Heteropogon contortus,1,y
2023-12-04,west,1,2000,5,Hypoxis filiformis,0.5,y
2023-12-04,west,1,2000,5,Kohautia amatymbica,0.5,n
2023-12-04,west,1,2000,5,Gnidia sp1,0.5,NA
2023-12-04,west,1,2000,5,Microchloa caffra,1,y
2023-12-04,west,1,2000,5,Moraea stricta,0.5,NA
2023-12-04,west,1,2000,5,Rendlia altera,20,y
2023-12-04,west,1,2000,5,Themeda triandra,8,y
2023-12-04,west,1,2000,5,Tristachya leucothrix,5,y
2023-12-06,east,2,2200,4,Acalypha punctata,0.5,n
2023-12-06,east,2,2200,4,Cyperus sp1,0.5,y
2023-12-06,east,2,2200,4,Diheteropogon filifolius,0.5,n
2023-12-06,east,2,2200,4,Wahlenbergia krebsii,0.5,n
2023-12-06,east,2,2200,4,Leobordea eriantha,0.5,n
2023-12-06,west,2,2200,1,Cf hesperantha baurii,0.5,n
2023-12-06,west,2,2200,1,Cyperus semitrifidus,0.5,n
2023-12-06,west,2,2200,1,Carex zuluensis,0.5,n
2023-12-06,west,2,2200,1,Commelina africana,0.5,n
2023-12-06,west,2,2200,2,Hypoxis rigidula,0.5,n
2023-12-06,west,2,2200,2,Felicia muricata,0.5,n
2023-12-06,west,2,2200,2,Cf satyrium longicauda,0.5,y
2023-12-06,west,2,2200,2,Helichrysum pilosellum,0.5,n
2023-12-06,west,2,2200,3,Gnidia caffra,0.5,n
2023-12-06,west,2,2200,3,Oxalis depressa,0.5,n
2023-12-06,west,2,2200,3,Felicia muricata,0.5,n
2023-12-06,west,2,2200,3,Rhodohypoxis baurii,0.5,y
2023-12-06,west,2,2200,3,Pentameris airoides,0.5,y
2023-12-06,east,2,2200,1,Tristachya leucothrix,0.5,y
2023-12-06,east,2,2200,1,Heteropogon contortus,0.5,n
2023-12-06,east,2,2200,1,Senecio glaberrimus,1,y
2023-12-06,east,2,2200,2,Aristea woodii,0.5,y
2023-12-06,east,2,2200,2,Haplocarpha scaposa,0.5,n
2023-12-06,east,2,2200,2,Commelina africana,0.5,n
2023-12-06,east,2,2200,2,Senecio glaberrimus,0.5,n
2023-12-06,east,2,2200,2,Berkheya rhapontica,0.5,n
2023-12-06,east,2,2200,2,Cf hesperantha baurii,0.5,n
2023-12-06,east,2,2200,2,Themeda triandra,5,y
2023-12-06,east,2,2200,2,Sporobolus centrifugus,0.5,n
2023-12-06,east,2,2200,2,Heteropogon contortus,5,y
2023-12-06,east,2,2200,2,Koeleria capensis,0.5,y
2023-12-06,east,2,2200,4,Haplocarpha scaposa,1,n
2023-12-06,east,2,2200,4,Acalypha punctata,0.5,n
2023-12-06,east,2,2200,4,Cyperus sp1,0.5,y
2023-12-06,east,2,2200,4,Diheteropogon filifolius,0.5,n
2023-12-06,east,2,2200,4,Wahlenbergia krebsii,0.5,n
2023-12-06,east,2,2200,5,Commelina africana,0.5,n
2023-12-06,east,2,2200,5,Eragrostis racemosa,0.5,y
2023-12-06,east,2,2200,5,Cyperus sp1,0.5,y
2023-12-06,east,2,2200,3,Bulbostylis oritrephes,0.5,y
2023-12-06,east,2,2200,3,Acalypha punctata,0.5,n
2023-12-06,west,2,2200,4,Crassula vaginata,0.5,n
2023-12-06,west,2,2200,4,Koeleria capensis,0.5,n
2023-12-08,west,4,2600,1,Anthoxanthum ecklonii,0.5,n
2023-12-08,west,4,2600,1,Helichrysum pilosellum,2,n
2023-12-08,west,4,2600,1,Helichrysum aureum,0.5,y
2023-12-08,west,4,2600,1,Cotula hispida,0.5,n
2023-12-08,west,4,2600,2,Moraea stricta,0.5,n
2023-12-08,west,4,2600,3,Cf moraea inclinata,0.5,n
2023-12-08,west,4,2600,3,Cineraria sp1,0.5,n
2023-12-08,west,4,2600,4,Carex zuluensis,0.5,n
2023-12-08,west,4,2600,4,Muraltia saxicola,0.5,n
2023-12-08,west,4,2600,4,Cf moraea inclinata,0.5,n
2023-12-08,west,4,2600,4,Oxalis depressa,0.5,n
2023-12-08,west,4,2600,5,Tenaxia disticha,3,n
2023-12-08,west,4,2600,5,Thesium sp2,0.5,n
2023-12-08,east,4,2600,1,Lotononis lotononoides,1,n
2023-12-08,east,4,2600,2,Helichrysum dasycephalum,0.5,n
2023-12-08,east,4,2600,2,Bupleurum mundii,0.5,n
2023-12-08,east,4,2600,2,Cf hesperantha baurii,0.5,n
2023-12-08,east,4,2600,3,Helichrysum aureum,0.5,n
2023-12-08,east,4,2600,4,Cf hesperantha baurii,0.5,n
2023-12-08,east,4,2600,4,Helichrysum odoratissimum,0.5,n
2023-12-08,east,4,2600,4,Cymbopogon caesius,0.5,y
2023-12-08,east,4,2600,5,Alepidea setifera,0.5,n
2023-12-08,east,4,2600,5,Cf moraea inclinata,0.5,n
2023-12-08,east,4,2600,5,Zaluzianskya sp1,0.5,n
2023-12-08,east,4,2600,5,Aristea woodii,0.5,n
2023-12-08,east,4,2600,5,Eulalia villosa,0.5,n
2023-12-09,east,3,2400,1,Wahlenbergia krebsii,0.5,n
2023-12-09,east,3,2400,1,Helichrysum pilosellum,0.5,n
2023-12-09,east,3,2400,2,Agapanthus campanulatus,0.5,n
2023-12-09,east,3,2400,2,Kniphofia porphyrantha,0.5,n
2023-12-09,east,3,2400,2,Drimia sphaerocephala,0.5,n
2023-12-09,east,3,2400,2,Tristachya leucothrix,2,n
2023-12-09,east,3,2400,2,Anthoxanthum ecklonii,1,n
2023-12-09,east,3,2400,4,Wahlenbergia krebsii,0.5,n
2023-12-09,east,3,2400,4,Athrixia sp1,0.5,n
2023-12-09,east,3,2400,5,Wahlenbergia krebsii,0.5,n
2023-12-09,east,3,2400,5,Cerastium arabidis,0.5,n
2023-12-09,west,3,2400,1,Berkheya rhapontica,0.5,n
2023-12-09,west,3,2400,1,Sebaea natalensis,0.5,n
2023-12-09,west,3,2400,2,Sebaea natalensis,0.5,n
2023-12-09,west,3,2400,2,Stiburus alopecuroides,0.5,n
2023-12-09,west,3,2400,2,Berkheya rhapontica,0.5,n
2023-12-09,west,3,2400,2,Cyperus sp1,0.5,n
2023-12-09,west,3,2400,2,Rhodohypoxis baurii,0.5,n
2023-12-09,west,3,2400,2,Kniphofia porphyrantha,0.5,n
2023-12-09,west,3,2400,3,Koeleria capensis,0.5,n
2023-12-09,west,3,2400,4,Helichrysum pilosellum,0.5,n
2023-12-09,west,3,2400,5,Thesium sp2,0.5,n
