date,file,temperature,par
2023-12-03,1_2000_east_1_day_a.txt,28.9557875,
2023-12-03,1_2000_east_1_day_photo.txt,30.4078666666667,
2023-12-03,1_2000_east_1_day_redo_COPY_a.txt,29.1508215686275,
2023-12-03,1_2000_east_1_day_redo_a.txt,29.1508215686275,
2023-12-03,1_2000_east_1_day_resp.txt,32.2358972222222,
2023-12-03,1_2000_east_1_night_a.txt,15.9969409090909,
2023-12-03,1_2000_east_1_night_resp.txt,15.9314775,
2023-12-03,1_2000_east_2_day_a.txt,30.4196124087591,
2023-12-03,1_2000_east_2_day_photo.txt,31.2412716981132,
2023-12-03,1_2000_east_2_day_redo_resp.txt,31.8661487804878,
2023-12-03,1_2000_east_2_day_resp.txt,31.8553873015873,
2023-12-03,1_2000_east_2_night_a.txt,15.9737293478261,
2023-12-03,1_2000_east_2_night_resp.txt,16.0096679245283,
2023-12-03,1_2000_east_3_day_a.txt,30.1267701612903,
2023-12-03,1_2000_east_3_day_photo.txt,31.0326435483871,
2023-12-03,1_2000_east_3_day_resp.txt,31.8527433121019,
2023-12-03,1_2000_east_3_night_a.txt,15.915274796748,
2023-12-03,1_2000_east_3_night_resp.txt,15.86793125,
2023-12-03,1_2000_east_4_day_a.txt,30.3552756521739,
2023-12-03,1_2000_east_4_day_photo.txt,31.1044529850746,
2023-12-03,1_2000_east_4_day_resp.txt,30.70855,
2023-12-03,1_2000_east_5_day_a.txt,29.7006698630137,
2023-12-03,1_2000_east_5_day_photo.txt,30.4793926229508,
2023-12-03,1_2000_east_5_night_resp.txt,15.8621673076923,
2023-12-03,1_2000_west_1_day_a.txt,29.6709356060606,
2023-12-03,1_2000_west_1_day_photo.txt,30.8433304,
2023-12-03,1_2000_west_1_day_redo2_resp.txt,30.5214856,
2023-12-03,1_2000_west_1_day_redo_resp.txt,30.2080058823529,
2023-12-03,1_2000_west_1_night_a.txt,16.891186440678,
2023-12-03,1_2000_west_1_night_resp.txt,16.1608119402985,
2023-12-03,1_2000_west_2_day_a.txt,29.3510957264957,
2023-12-03,1_2000_west_2_day_photo.txt,31.3802227272727,
2023-12-03,1_2000_west_2_day_resp.txt,31.2806208,
2023-12-03,1_2000_west_2_night_a.txt,16.1370407407407,
2023-12-03,1_2000_west_2_night_resp.txt,16.201584496124,
2023-12-03,1_2000_west_3_day_a.txt,28.9751326086957,
2023-12-03,1_2000_west_3_day_photo.txt,30.8495272058824,
2023-12-03,1_2000_west_3_day_resp.txt,31.7333427419355,
2023-12-03,1_2000_west_3_night_a.txt,16.2353581395349,
2023-12-03,1_2000_west_3_night_resp.txt,16.3383563909774,
2023-12-03,1_2000_west_4_day_photo.txt,30.48733828125,
2023-12-03,1_2000_west_4_day_redo_a.txt,28.7595813559322,
2023-12-03,1_2000_west_4_day_resp.txt,31.4235012738854,
2023-12-03,1_2000_west_4_night_a.txt,16.44069375,
2023-12-03,1_2000_west_4_night_resp.txt,16.5058614754098,
2023-12-03,1_2000_west_5_night_resp.txt,16.9641133333333,
2023-12-05,2_2200_east_1_day_a.txt,21.2546467391304,
2023-12-05,2_2200_east_1_day_photo.txt,20.89541375,
2023-12-05,2_2200_east_1_day_resp.txt,21.8839069230769,
2023-12-05,2_2200_east_2_day_a.txt,22.5151978494624,
2023-12-05,2_2200_east_2_day_photo.txt,22.9108024242424,
2023-12-05,2_2200_east_2_day_resp.txt,23.1148347107438,
2023-12-05,2_2200_east_3_day_a.txt,19.1836663043478,
2023-12-05,2_2200_east_3_day_photo.txt,21.9751227642276,
2023-12-05,2_2200_east_3_day_resp.txt,20.1262933333333,
2023-12-05,2_2200_east_4_day_a.txt,18.4248622222222,
2023-12-05,2_2200_east_4_day_photo.txt,20.3029840336134,
2023-12-05,2_2200_east_4_day_resp.txt,19.9004333333333,
2023-12-05,2_2200_east_5_day_a.txt,17.1815938931298,
2023-12-05,2_2200_east_5_day_photo.txt,20.0078,
2023-12-05,2_2200_east_5_day_redo2_photo.txt,21.93380625,
2023-12-05,2_2200_east_5_day_redo_a.txt,18.6008950980392,
2023-12-05,2_2200_east_5_day_redo_photo.txt,19.395579338843,
2023-12-05,2_2200_east_5_day_resp.txt,19.8433239316239,
2023-12-05,2_2200_west_1_day_a.txt,23.0291804347826,
2023-12-05,2_2200_west_1_day_photo.txt,23.8172916666667,
2023-12-05,2_2200_west_1_day_redo_a.txt,21.5020637362637,
2023-12-05,2_2200_west_1_day_redo_photo.txt,24.589395,
2023-12-05,2_2200_west_1_day_resp.txt,23.2445286885246,
2023-12-05,2_2200_west_2_day_a.txt,24.7146604395604,
2023-12-05,2_2200_west_2_day_photo.txt,22.8473776859504,
2023-12-05,2_2200_west_2_day_resp.txt,24.3706783333333,
2023-12-05,2_2200_west_3_day_a.txt,22.83332,
2023-12-05,2_2200_west_3_day_photo.txt,26.0766147540984,
2023-12-05,2_2200_west_3_day_resp.txt,24.9973297520661,
2023-12-05,2_2200_west_4_day_a.txt,24.2330395604396,
2023-12-05,2_2200_west_4_day_photo.txt,24.4433866666667,
2023-12-05,2_2200_west_4_day_resp.txt,25.1175462809917,
2023-12-05,2_2200_west_5_day_a.txt,24.222806741573,
2023-12-05,2_2200_west_5_day_photo.txt,23.5879479338843,
2023-12-05,2_2200_west_5_day_resp.txt,25.995703968254,
2023-12-08,4_2600_east_1_day_a.txt,21.4400244680851,1052.0185106383
2023-12-08,4_2600_east_1_day_photo.txt,22.826375,933.639274193548
2023-12-08,4_2600_east_1_day_resp.txt,23.8740590163934,2.29647540983607
2023-12-08,4_2600_east_2_day_a.txt,22.3175147368421,2230.08463157895
2023-12-08,4_2600_east_2_day_photo.txt,22.3557598360656,306.772704918033
2023-12-08,4_2600_east_2_day_redo2_photo.txt,23.5031357723577,898.941300813008
2023-12-08,4_2600_east_2_day_redo_photo.txt,22.6171596774194,475.9675
2023-12-08,4_2600_east_2_day_resp.txt,24.4778918032787,2.24238032786885
2023-12-08,4_2600_east_3_day_photo.txt,23.841081147541,627.717213114754
2023-12-08,4_2600_east_3_day_redo_photo.txt,24.1938680327869,1029.89991803279
2023-12-08,4_2600_east_3_day_resp.txt,23.026932231405,6.03354132231405
2023-12-08,4_2600_east_4_day_a.txt,22.1184184782609,1449.10188888889
2023-12-08,4_2600_east_4_day_photo.txt,23.6186783333333,753.80775
2023-12-08,4_2600_east_4_day_resp.txt,23.841725,2.3694814516129
2023-12-08,4_2600_east_5_day_a.txt,18.6476453608247,2277.37731958763
2023-12-08,4_2600_east_5_day_photo.txt,20.5643388059702,535.882089552239
2023-12-08,4_2600_east_5_day_redo_a.txt,21.5961065217391,2152.80934782609
2023-12-08,4_2600_east_5_day_redo_photo.txt,22.2343198347107,736.643223140496
2023-12-08,4_2600_east_5_day_resp.txt,22.857625,2.20359274193548
2023-12-08,4_2600_west_1_day_a.txt,12.984824742268,1132.24484536082
2023-12-08,4_2600_west_1_day_photo.txt,14.264343902439,822.426422764228
2023-12-08,4_2600_west_1_day_resp.txt,14.5501458646617,6.47120526315789
2023-12-08,4_2600_west_2_day_a.txt,14.192584375,829.160729166667
2023-12-08,4_2600_west_2_day_photo.txt,15.3475338842975,826.137768595041
2023-12-08,4_2600_west_2_day_resp.txt,16.1663115702479,5.35444958677686
2023-12-08,4_2600_west_3_day_a.txt,15.9395861702128,1671.48829787234
2023-12-08,4_2600_west_3_day_photo.txt,16.6862788617886,716.266585365854
2023-12-08,4_2600_west_3_day_resp.txt,16.0746991735537,4.94293305785124
2023-12-08,4_2600_west_4_day_a.txt,16.130435483871,1767.79634408602
2023-12-08,4_2600_west_4_day_photo.txt,17.2961106557377,642.999262295082
2023-12-08,4_2600_west_4_day_resp.txt,18.1681146341463,4.0526
2023-12-08,4_2600_west_5_day_a.txt,17.6326677083333,2088.32895833333
2023-12-08,4_2600_west_5_day_photo.txt,18.8769569105691,782.267723577236
2023-12-08,4_2600_west_5_day_resp.txt,19.260079338843,3.77598181818182
2023-12-08,5_2800_east_1_day_a.txt,21.7336376344086,1594.57666666667
2023-12-08,5_2800_east_1_day_photo.txt,22.9519438016529,835.814876033058
2023-12-08,5_2800_east_1_day_resp.txt,21.757568852459,4.08487786885246
2023-12-08,5_2800_east_1_night_a.txt,10.2091153846154,
2023-12-08,5_2800_east_1_night_redo_a.txt,10.2451024793388,
2023-12-08,5_2800_east_1_night_resp.txt,10.3898544715447,
2023-12-08,5_2800_east_2_day_a.txt,21.5853066666667,1802.57622222222
2023-12-08,5_2800_east_2_day_photo.txt,22.9504305785124,861.872561983471
2023-12-08,5_2800_east_2_day_resp.txt,23.3406388429752,5.26891404958678
2023-12-08,5_2800_east_2_night_resp.txt,10.5193842975207,
2023-12-08,5_2800_east_3_day_a.txt,21.3575054347826,2128.17826086957
2023-12-08,5_2800_east_3_day_photo.txt,22.9223661157025,913.521983471074
2023-12-08,5_2800_east_3_day_resp.txt,23.7094165289256,4.6716305785124
2023-12-08,5_2800_east_3_night_a.txt,10.5216119565217,
2023-12-08,5_2800_east_3_night_resp.txt,10.4614860294118,
2023-12-08,5_2800_east_4_day_a.txt,20.5692175257732,1267.77701030928
2023-12-08,5_2800_east_4_day_photo.txt,22.2128039106145,653.65469273743
2023-12-08,5_2800_east_4_day_resp.txt,21.2777058333333,3.15322333333333
2023-12-08,5_2800_east_4_night_resp.txt,10.4943132231405,
2023-12-08,5_2800_east_5_day_a.txt,19.1393858695652,292.543586956522
2023-12-08,5_2800_east_5_day_photo.txt,19.6745040983607,478.360163934426
2023-12-08,5_2800_east_5_day_redo_photo.txt,19.5924181818182,676.94132231405
2023-12-08,5_2800_east_5_day_resp.txt,22.009894214876,5.51558429752066
2023-12-08,5_2800_east_5_night_a.txt,10.1659884615385,
2023-12-08,5_2800_east_5_night_resp.txt,10.3105347107438,
2023-12-08,5_2800_west_1_day_a.txt,19.2676482758621,1915.11327586207
2023-12-08,5_2800_west_1_day_photo.txt,20.9346520661157,970.931570247934
2023-12-08,5_2800_west_1_day_resp.txt,22.937815625,6.22507109375
2023-12-08,5_2800_west_1_night_a.txt,10.4124413043478,
2023-12-08,5_2800_west_1_night_resp.txt,10.2856991735537,
2023-12-08,5_2800_west_2_day_a.txt,20.9316168316832,1989.42079207921
2023-12-08,5_2800_west_2_day_photo.txt,21.7460795081967,435.484590163934
2023-12-08,5_2800_west_2_day_redo_photo.txt,21.9660272727273,500.058512396694
2023-12-08,5_2800_west_2_day_resp.txt,21.4096057377049,1.47292950819672
2023-12-08,5_2800_west_2_night_resp.txt,10.83577,
2023-12-08,5_2800_west_3_day_a.txt,19.8280032608696,557.069891304348
2023-12-08,5_2800_west_3_day_photo.txt,21.1523886178862,539.863902439024
2023-12-08,5_2800_west_3_day_redo_photo.txt,20.5145776859504,986.26132231405
2023-12-08,5_2800_west_3_day_resp.txt,19.5529293650794,1.9329619047619
2023-12-08,5_2800_west_3_night_a.txt,10.8390222222222,
2023-12-08,5_2800_west_3_night_resp.txt,10.9253780487805,
2023-12-08,5_2800_west_4_day_a.txt,18.8415042105263,1704.50326315789
2023-12-08,5_2800_west_4_day_redo_photo.txt,20.9203141242938,829.434327683616
2023-12-08,5_2800_west_4_day_resp.txt,20.5322768595041,5.4270479338843
2023-12-08,5_2800_west_4_night_resp.txt,11.0675603305785,
2023-12-08,5_2800_west_5_day_a.txt,17.7809724489796,242.643775510204
2023-12-08,5_2800_west_5_day_photo.txt,18.7487123966942,887.734380165289
2023-12-08,5_2800_west_5_day_resp.txt,20.7833564516129,5.55913790322581
2023-12-08,5_2800_west_5_night_a.txt,10.9718815533981,
2023-12-08,5_2800_west_5_night_resp.txt,11.0894475409836,
2023-12-09,2_2200_east_1_night_a.txt,13.2777944444444,
2023-12-09,2_2200_east_1_night_redo_resp.txt,13.457537704918,
2023-12-09,2_2200_east_1_night_resp.txt,13.5162923766816,
2023-12-09,2_2200_east_2_night_redo_resp.txt,13.5468768,
2023-12-09,2_2200_east_2_night_resp.txt,13.5813357142857,
2023-12-09,2_2200_east_3_night_a.txt,13.4924365591398,
2023-12-09,2_2200_east_3_night_resp.txt,13.6020040650407,
2023-12-09,2_2200_east_4_night_resp.txt,13.742015,
2023-12-09,2_2200_east_5_night_a.txt,13.7144796875,
2023-12-09,2_2200_east_5_night_resp.txt,13.7962132231405,
2023-12-09,2_2200_west_1_night_a.txt,13.0812168316832,
2023-12-09,2_2200_west_1_night_resp.txt,13.2095646551724,
2023-12-09,2_2200_west_2_night_resp.txt,13.265536,
2023-12-09,2_2200_west_3_night_a.txt,13.2061457446809,
2023-12-09,2_2200_west_3_night_resp.txt,13.294775,
2023-12-09,2_2200_west_4_night_resp.txt,13.3917496,
2023-12-09,2_2200_west_5_night_a.txt,13.218043956044,
2023-12-09,2_2200_west_5_night_resp.txt,13.3541834645669,
2023-12-09,3_2400_east_1_day_a.txt,24.2470106382979,2204.06382978723
2023-12-09,3_2400_east_1_day_photo.txt,22.0864579365079,619.727283940476
2023-12-09,3_2400_east_1_day_redo_resp.txt,26.0708704918033,4.73659508196721
2023-12-09,3_2400_east_1_day_resp.txt,25.9911168,0.29164984
2023-12-09,3_2400_east_2_day_a.txt,24.3577277777778,1911.00566666667
2023-12-09,3_2400_east_2_day_photo.txt,21.1181583333333,644.794166666667
2023-12-09,3_2400_east_2_day_redo_photo.txt,22.6525099173554,486.74305785124
2023-12-09,3_2400_east_2_day_resp.txt,26.6317155737705,4.68301721311475
2023-12-09,3_2400_east_3_day_a.txt,24.8396968421053,1883.28
2023-12-09,3_2400_east_3_day_photo.txt,23.0326098360656,804.291721311475
2023-12-09,3_2400_east_3_day_resp.txt,26.7775355371901,4.9958867768595
2023-12-09,3_2400_east_4_day_a.txt,22.6682698924731,1294.2611827957
2023-12-09,3_2400_east_4_day_photo.txt,24.0866073770492,708.257295081967
2023-12-09,3_2400_east_4_day_redo_resp.txt,25.7492661157025,4.04456776859504
2023-12-09,3_2400_east_4_day_resp.txt,25.7931275,5.00309666666667
2023-12-09,3_2400_east_5_day_a.txt,19.4566576086957,365.009456521739
2023-12-09,3_2400_east_5_day_photo.txt,25.0360852459016,676.534836065574
2023-12-09,3_2400_east_5_day_resp.txt,20.0045404958678,2.13997355371901
2023-12-09,3_2400_west_1_day_a.txt,21.7467239130435,1611.04941176471
2023-12-09,3_2400_west_1_day_photo.txt,22.4519739837398,962.088048780488
2023-12-09,3_2400_west_1_day_resp.txt,23.1921336065574,6.6303237704918
2023-12-09,3_2400_west_2_day_a.txt,22.4953847826087,1987.46630434783
2023-12-09,3_2400_west_2_day_photo.txt,23.7525185483871,860.47435483871
2023-12-09,3_2400_west_2_day_resp.txt,23.9771140495868,6.59780991735537
2023-12-09,3_2400_west_3_day_a.txt,21.9500911111111,1885.37888888889
2023-12-09,3_2400_west_3_day_photo.txt,22.8820644628099,798.116611570248
2023-12-09,3_2400_west_3_day_resp.txt,23.2089398373984,4.58374878048781
2023-12-09,3_2400_west_4_day_a.txt,23.192422,1690.315
2023-12-09,3_2400_west_4_day_photo.txt,23.8028867768595,775.979504132232
2023-12-09,3_2400_west_4_day_redo_resp.txt,23.9378834710744,6.88281074380165
2023-12-09,3_2400_west_4_day_resp.txt,24.0169375,6.521935
2023-12-09,3_2400_west_5_day_a.txt,23.0444152173913,1601.51630434783
2023-12-09,3_2400_west_5_day_photo.txt,24.0444315789474,695.343082706767
2023-12-09,3_2400_west_5_day_resp.txt,24.2909658333333,6.7038625
2023-12-11,1_2000_east_1_night_a.txt,10.1107159574468,
2023-12-11,1_2000_east_1_night_redo_resp.txt,9.84789791907514,
2023-12-11,1_2000_east_1_night_resp.txt,10.045668627451,
2023-12-11,1_2000_east_2_night_redo_resp.txt,9.54851496,
2023-12-11,1_2000_east_2_night_resp.txt,9.69252555555556,
2023-12-11,1_2000_east_3_night_a.txt,9.8239097,
2023-12-11,1_2000_east_3_night_resp.txt,9.50346040322581,
2023-12-11,1_2000_east_4_night_resp.txt,9.412924375,
2023-12-11,1_2000_east_5_night_a.txt,9.61525605263158,
2023-12-11,1_2000_east_5_night_resp.txt,9.4651871875,
2023-12-11,1_2000_west_1_night_a.txt,10.531575,
2023-12-11,1_2000_west_1_night_resp.txt,10.5345341463415,
2023-12-11,1_2000_west_2_night_resp.txt,10.6981125984252,
2023-12-11,1_2000_west_3_night_a.txt,10.8498808510638,
2023-12-11,1_2000_west_3_night_resp.txt,10.7014056910569,
2023-12-11,1_2000_west_4_night_resp.txt,10.9344228346457,
2023-12-11,1_2000_west_5_night_a.txt,10.8250107843137,
2023-12-11,1_2000_west_5_night_resp.txt,10.9174467213115,
2023-12-11,experimental_wind_1_2000_west_1_night_resp.txt,10.6337272,
2023-12-13,3_2400_east_1_night_a.txt,10.6327066666667,
2023-12-13,3_2400_east_1_night_resp.txt,10.5827357723577,
2023-12-13,3_2400_east_2_night_resp.txt,10.4365235772358,
2023-12-13,3_2400_east_3_night_a.txt,10.5080041237113,
2023-12-13,3_2400_east_3_night_resp(1).txt,10.50905,
2023-12-13,3_2400_east_3_night_resp.txt,10.3035721311475,
2023-12-13,3_2400_east_4_night_resp.txt,10.3673319672131,
2023-12-13,3_2400_east_5_night_a.txt,10.1252276595745,
2023-12-13,3_2400_east_5_night_resp.txt,9.92697858267717,
2023-12-14,1_2000_east_1_day_a.txt,22.2592175925926,2230.86481481482
2023-12-14,1_2000_east_1_day_photo.txt,22.3459671875,1028.809375
2023-12-14,1_2000_east_1_resp_a.txt,23.4245063492064,7.08670317460318
2023-12-14,1_2000_east_2_day_a.txt,23.2800958762887,2243.71855670103
2023-12-14,1_2000_east_2_day_photo.txt,23.6321746031746,1024.06698412698
2023-12-14,1_2000_east_2_day_resp.txt,24.222925,6.8761425
2023-12-14,1_2000_east_3_day_a.txt,23.855809375,2248.06875
2023-12-14,1_2000_east_3_day_photo.txt,24.4062865546219,1000.5374789916
2023-12-14,1_2000_east_3_day_resp.txt,24.9584201550388,7.33148217054264
2023-12-14,1_2000_east_4_day_a.txt,24.43084,2276.38333333333
2023-12-14,1_2000_east_4_day_photo.txt,24.7295163934426,1066.85655737705
2023-12-14,1_2000_east_4_day_resp.txt,25.0948113821138,6.7564756097561
2023-12-14,1_2000_east_5_day_a.txt,24.5158525773196,2285.81340206186
2023-12-14,1_2000_east_5_day_photo.txt,24.9098106557377,1041.16557377049
2023-12-14,1_2000_east_5_day_resp.txt,25.2017271186441,7.38515254237288
2023-12-14,1_2000_west_1_day_a.txt,19.4547707865169,2229.38539325843
2023-12-14,1_2000_west_1_day_photo.txt,20.645,995.189831932773
2023-12-14,1_2000_west_1_day_resp.txt,20.7366235772358,6.43797073170732
2023-12-14,1_2000_west_2_day_a.txt,19.6716901098901,2184.57252747253
2023-12-14,1_2000_west_2_day_photo.txt,20.4961441666667,953.437166666667
2023-12-14,1_2000_west_2_day_redo_photo.txt,21.056237704918,949.347295081967
2023-12-14,1_2000_west_2_day_resp.txt,20.567852991453,6.55873760683761
2023-12-14,1_2000_west_3_day_a.txt,19.0854532608696,2190.36413043478
2023-12-14,1_2000_west_3_day_photo.txt,19.7406173553719,937.44958677686
2023-12-14,1_2000_west_3_day_redo_photo.txt,20.4130081300813,943.98593495935
2023-12-14,1_2000_west_3_day_resp.txt,20.1063275,6.90658166666667
2023-12-14,1_2000_west_4_day_a.txt,18.7085104166667,2189.21458333333
2023-12-14,1_2000_west_4_day_photo.txt,19.5880115702479,760.723884297521
2023-12-14,1_2000_west_4_day_redo_photo.txt,19.9991256198347,889.655867768595
2023-12-14,1_2000_west_4_day_resp.txt,20.200287394958,4.20877983193277
2023-12-14,1_2000_west_5_day_a.txt,17.261085,810.6688
2023-12-14,1_2000_west_5_day_photo.txt,18.7486609756098,715.077804878049
2023-12-14,1_2000_west_5_day_redo_photo.txt,19.2500553719008,841.032148760331
2023-12-14,1_2000_west_5_day_resp.txt,19.3867860655738,2.76534590163934
2023-12-14,3_2400_west_1_day_a.txt,22.7214168421053,1766.54757894737
2023-12-14,3_2400_west_1_day_photo.txt,22.06306875,373.81125
2023-12-14,3_2400_west_1_day_redo_photo.txt,22.5557203592814,528.51251497006
2023-12-14,3_2400_west_1_day_resp.txt,22.6804935483871,2.12345403225806
2023-12-14,3_2400_west_2_day_a.txt,21.5389058823529,1680.93823529412
2023-12-14,3_2400_west_2_day_photo.txt,22.2420145038168,836.092290076336
2023-12-14,3_2400_west_2_day_redo_photo.txt,23.0754296875,1010.707109375
2023-12-14,3_2400_west_2_day_resp.txt,22.3637866141732,2.94847480314961
2023-12-14,3_2400_west_3_day_a.txt,22.5925382978723,1831.93
2023-12-14,3_2400_west_3_day_photo.txt,22.3438896825397,1023.37150793651
2023-12-14,3_2400_west_3_day_resp.txt,22.6444984848485,6.06872272727273
2023-12-14,3_2400_west_4_day_a.txt,22.862,2113.19270833333
2023-12-14,3_2400_west_4_day_photo.txt,23.0490414473684,1032.00967105263
2023-12-14,3_2400_west_4_day_resp.txt,22.476664057971,408.786733913044
2023-12-14,3_2400_west_5_day_a.txt,22.2044423913043,2372.08695652174
2023-12-14,3_2400_west_5_day_photo.txt,22.5917031746032,459.853095238095
2023-12-14,3_2400_west_5_day_redo_photo.txt,22.5632273381295,973.420503597122
2023-12-14,3_2400_west_5_day_resp.txt,23.1749471014493,7.99313695652174
2023-12-16,4_2600_east_1_night_a.txt,12.2922243902439,
2023-12-16,4_2600_east_1_night_resp.txt,12.4222968,
2023-12-16,4_2600_east_2_night_resp.txt,12.2371648,
2023-12-16,4_2600_east_3_night_a.txt,12.3859669565217,
2023-12-16,4_2600_east_3_night_redo_resp.txt,12.4796223021583,
2023-12-16,4_2600_east_3_night_resp.txt,12.4485461538462,
2023-12-16,4_2600_east_4_night_resp.txt,12.308521875,
2023-12-16,4_2600_east_5_night_a.txt,12.148176,
2023-12-16,4_2600_east_5_night_redo_a.txt,12.1939462809917,
2023-12-16,4_2600_east_5_night_resp.txt,12.0144386363636,
2023-12-16,4_2600_west_1_night_a.txt,13.422717,
2023-12-16,4_2600_west_1_night_resp.txt,13.4744837209302,
2023-12-16,4_2600_west_2_night_redo_resp.txt,13.1872308943089,
2023-12-16,4_2600_west_3_night_a.txt,12.7839467213115,
2023-12-16,4_2600_west_3_night_resp.txt,12.91061015625,
2023-12-16,4_2600_west_4_night_resp.txt,12.8145408,
2023-12-16,4_2600_west_5_night_a.txt,12.6161336448598,
2023-12-16,4_2600_west_5_night_resp.txt,12.8139884057971,
