Date,Site,Treatment,Plot,Flux_type,CO2_start,CO2_finish,Veg_temp_1,Veg_temp_2,Veg_temp_3,Veg_temp_4,Veg_temp_5,Soil_tem_1,Soil_tem_2,PAR_1,PAR_2,PAR_3,PAR_4,PAR_5,PAR_6,PAR_7,Moist_1,Moist_2,Moist_3,Moist_4,Moist_5,Weather,Time,Amb_tem_C,Obs,
4-Apr-19,ACJ,B,1,p,492,488,8.7,9.1,10.1,8.6,10,13.3,13.1,1684,1650,2370,2900,1500,,,,,,,,,,,,
4-Apr-19,ACJ,B,1,r,487,497,13,12.1,13,12.5,11.7,16.8,13.1,,,,,,,,100,100,100,100,100,,,13.7,,
4-Apr-19,ACJ,B,2,p,492,488,10.6,11.3,11.6,10.1,8.9,12.7,,1038,1124,1200,,,,,,,,,,,,,,
4-Apr-19,ACJ,B,2,r,500,,,,,,,,,,,,,,,,100,100,100,100,100,,,13.4,,
4-Apr-19,ACJ,B,3,p,477,,,,,,,,,1880,2593,1750,,,,,,,,,,,,,,
4-Apr-19,ACJ,B,3,r,493,,12.9,13.1,18.5,10.8,16.2,12.9,,,,,,,,,100,100,100,100,100,,,12.9,,
4-Apr-19,ACJ,B,4,p,483,,,,,,,,,2577,1646,1500,,,,,,,,,,,,,,
4-Apr-19,ACJ,B,4,r,497,,14.5,13.4,13.2,11.6,12.5,14.1,,,,,,,,,100,100,100,100,100,,,12.6,,
4-Apr-19,ACJ,B,5,p,490,,,,,,,,,1337,1421,1225,,,,,,,,,,,,,,
4-Apr-19,ACJ,B,5,r,497,,12.3,11.5,13.1,11.6,13.8,14.3,,,,,,,,,100,100,100,100,100,,,12.7,,
5-Apr-19,QUE,B,1,p,469.1,453.9,20.3,18.9,18.9,16.6,13.5,12.2,12,5365,5879,5506,5064,,,,,,,,,,11:25,16.2,,
5-Apr-19,QUE,B,1,r,467,461.5,17.5,14.9,18.5,17.2,16.1,11.8,12,16,8,1,,,,,53.5,65.8,63,63.2,,sunny,,,,
5-Apr-19,QUE,B,2,p,470,460,17.7,15.1,18.8,15,19.4,10.2,10.5,2719,2622,3757,5612,6510,,,74.1,75.6,,,,,,18.8,,
5-Apr-19,QUE,B,2,r,471,471.2,12.3,12,15.2,10,9.2,10,10,22,14,16,14,13,14,,76,85,,,,,,,,
5-Apr-19,QUE,B,3,p,477.5,464.4,12.4,8,7.3,8,9.2,13,12.5,2419,4292,4456,3061,,,,80.6,77.3,,,,"sunny, strong wind",,17.9,,
5-Apr-19,QUE,B,3,r,470,468.5,13.2,14.2,13.6,15.6,15.4,11.1,11.5,13,11,9,,,,,,,,,,,,,,
5-Apr-19,QUE,B,4,p,473.4,469.7,18.4,15.4,15.8,23.7,18.8,12.7,13,1859,2565,2101,1861,,,,,,,,,,,,,
5-Apr-19,QUE,B,4,r,465.4,467.4,17.7,13.9,20.7,15.3,18.2,12.4,13.3,5,4,4,5,,,,79.2,76.1,82.5,81,,,,12.6,,
5-Apr-19,QUE,B,5,p,471.6,454.2,18.4,15.4,15.8,23.7,18.8,12.7,13,5067,5763,6100,4458,,,,,,,,,,,,,
5-Apr-19,QUE,B,5,r,465.4,467.4,17.7,13.9,20.7,15.3,18.2,12.4,13.3,5,4,4,5,,,,73.9,79.1,79.2,76.1,,,,14.2,,
7-Apr-19,WAY,B,1,p,533.3,524.9,15.2,12.1,14.9,15.1,14.9,13.2,13.4,1286,1310,1331,1313,1526,,,,,,,,,,13.7,,
7-Apr-19,WAY,B,1,r,531.8,541.8,14.8,13.2,13.8,14,13.9,13.3,13.8,2,1,2,4,,,,100,100,100,100,,,,,,
7-Apr-19,WAY,B,2,p,532.2,427.2,,,,,,,,1395,1326,1304,,,,,,,,,,,,13.3,,
7-Apr-19,WAY,B,2,r,540.7,543.1,10.8,10.8,11.9,12.4,11.1,13.4,13.1,15,3,2,4,,,,100,100,,,,,,10.8,,
7-Apr-19,WAY,B,3,p,534.6,530.5,,,,,,,,1790,1092,1037,1061,,,,,,,,,,,,,
7-Apr-19,WAY,B,3,r,542.8,549.1,11.2,11.4,10.5,9.5,10.7,12.9,13.7,2,4,3,2,2,,,100,100,70,,,,,,,
7-Apr-19,WAY,B,4,p,539.5,531.8,,,,,,,,1299,1279,3138,1272,,,,,,,,,,,12.6,,
7-Apr-19,WAY,B,4,r,532.7,539.7,12.4,11.5,11.7,11.5,11.7,13,13.1,4,4,2,0,,,,100,100,,,,,,11.7,,
7-Apr-19,WAY,B,5,p,548.5,534,13.2,12,12.8,12.9,10.4,13.9,13.7,1638,1599,1604,1271,,,,,,,,,,,,,
7-Apr-19,WAY,B,5,r,542.9,548.3,12.3,11.3,12.4,14.1,11.8,13.7,14.6,4,5,4,6,,,,100,100,100,100,,,,,,
7-Apr-19,WAY,C,1,p,510.1,497.3,13.7,13.6,12.7,11.8,12.2,15,16,1991,1794,1835,1911,1117,1034,995,,,,,,,,14.6,,
7-Apr-19,WAY,C,1,r,512.7,524.5,8.6,8.3,10.2,9.1,10.3,15.9,15,5,4,5,7,,,,77,77.3,,,,,,,,
7-Apr-19,WAY,C,2,p,529.3,526.8,,,,,,,,915,880,885,882,,,,,,,,,,,13.9,,
7-Apr-19,WAY,C,2,r,532.8,540,12.5,11.7,10.7,10.9,13.1,14.9,15.1,4,5,4,7,4,,,100,100,,,,,,13.5,,
7-Apr-19,WAY,C,3,p,518.5,517.2,,,,,,,,1115,1066,1093,1075,,,,,,,,,,,13.4,,
7-Apr-19,WAY,C,3,r,527.7,538.2,12.9,12.5,12.2,12.5,12.9,14.7,15,2,2,4,2,,,,78.6,76.6,,,,,,12.8,,
7-Apr-19,WAY,C,4,p,532.1,528.1,,,,,,,,966,977,994,992,,,,,,,,,,,14.5,,
7-Apr-19,WAY,C,4,r,519.4,524.7,12.1,11.9,11.1,12.1,12.2,14.6,15,6,4,4,3,,,,100,100,,,,,,14,,
7-Apr-19,WAY,C,5,p,516.1,500.9,15.8,16.3,15.1,14.4,14.7,15,14.6,2217,2379,2518,2521,2238,2050,2022,83,100,,,,,,15.4,,
7-Apr-19,WAY,C,5,r,507.3,513.5,16.2,16.8,16.4,15.4,15.5,14.4,15.5,8,7,6,7,,,,100,74.2,,,,,,,,
7-Apr-19,ACJ,C,1,p,501,481,15,13.4,17.2,13.4,14.1,12.3,12.4,2960,2248,2641,2734,2459,2230,,100,100,,,,,,14.4,,
7-Apr-19,ACJ,C,1,r,492.2,499.1,13.8,13.6,12.9,14,12.2,11.6,11.8,4,2,3,3,,,,,,,,,,,13.8,,
7-Apr-19,ACJ,C,2,p,499.6,479.9,13.7,13.6,12.7,11.8,12.2,15,16,2459,2230,1965,1843,,,,,,,,,,,13,,
7-Apr-19,ACJ,C,2,r,496.2,499.1,13.8,13.6,12.9,14,12.2,11.6,11.8,4,2,3,3,,,,100,100,,,,,,12.8,,
7-Apr-19,ACJ,C,3,p,498.1,492.6,,,,,,,,1152,1314,1327,1353,,,,,,,,,,,14.4,,
7-Apr-19,ACJ,C,3,r,497.6,500.6,11.8,11,11.8,10.7,10.6,11.8,11.3,0,0,1,,,,,100,100,,,,,,14,,
7-Apr-19,ACJ,C,4,p,504,500.4,,,,,,,,946,1033,1017,860,,,,,,,,,,,14.2,,
7-Apr-19,ACJ,C,4,r,500.4,504,10.5,10.6,8.9,9.5,11.3,11.2,13,4,3,4,4,,,,100,100,,,,,,14,,
7-Apr-19,ACJ,C,5,p,508.3,509.1,8,8.9,8.6,7.7,8.7,12.2,11.8,492,434,447,452,393,391,447,100,100,,,,,,9.5,,
7-Apr-19,ACJ,C,5,r,510.7,517.3,7.8,7.3,7.9,7.2,7,12.2,12.4,4,5,3,3,,,,100,100,,,,,,8.9,,
8-Apr-19,TRE,C,1,p,472.5,459,13.6,15.3,15,14.5,16.5,10.7,10.3,6785,6700,6993,5860,6723,6685,,,,,,,,10:50,18.6,,
8-Apr-19,TRE,C,1,p1,474.3,462.1,20.6,22.2,25.1,24.5,16.8,10.7,10.3,5958,6025,5836,5888,5981,5882,6010,,,,,,,,18,,
8-Apr-19,TRE,C,1,p2,471.9,463.3,16.3,18.9,23.6,18.5,23.9,11,10.4,5381,5315,5273,5335,5266,5375,,,,,,,,,,,
8-Apr-19,TRE,C,1,p3,469.9,464,14.7,15.1,17.5,11.7,21.8,10.5,11.3,4831,4801,4827,4798,4751,4640,4582,,,,,,,,18.8,,
8-Apr-19,TRE,C,1,r,480,480.8,18.8,16.6,19,19.3,20.9,11.3,10.5,21,14,10,9,10,11,9,79.8,72.6,100,84.4,,,,16.6,,
8-Apr-19,TRE,C,2,p,472,463.1,17,18.4,19.5,21.3,17.8,11.7,,6010,5977,6001,5851,5842,5773,5750,,,,,,,13:04,19.8,,
8-Apr-19,TRE,C,2,p1,473.9,466.8,13.7,17.7,14.6,17.2,17.2,12.3,,4030,3991,4370,4108,2190,2237,,,,,,,,,17.8,,
8-Apr-19,TRE,C,2,p2,475,465,19.8,18.8,20.4,20.4,22.7,11.2,,4580,4617,4689,4941,5037,5171,4838,,,,,,,,,,
8-Apr-19,TRE,C,2,p3,473.7,467.9,22.3,20.8,20.6,21.6,21.8,11.9,10.9,3869,3895,3988,4667,3777,4761,3833,,,,,,,,,,
8-Apr-19,TRE,C,2,r,473.8,481,22.4,19.3,18.7,24.3,21.4,10.6,11,13,9,10,9,11,11,10,100,100,100,100,100,,,23,,
8-Apr-19,TRE,C,3,p,473.6,458.9,20.9,20.7,23.4,19.2,21.8,13.5,14.6,5869,5919,6202,6412,5901,5983,6152,,,,,,,11:28,25.6,,
8-Apr-19,TRE,C,3,p1,477.1,466.7,8.8,18.3,14.8,16.8,19.3,13.8,13,4974,4699,5034,5031,5070,5020,5062,,,,,,,,,,
8-Apr-19,TRE,C,3,p2,473.8,468.1,13.4,22.4,20.9,20.9,21.2,11.9,13.1,3238,3722,4051,4606,4482,4479,4380,,,,,,,,23.8,,
8-Apr-19,TRE,C,3,p3,476.2,469.4,19.6,20.6,15,23.1,14.4,12.9,13,3877,3905,3965,4006,4039,3946,4100,,,,,,,,23.9,,
8-Apr-19,TRE,C,3,r,472.5,480.3,14.5,25.7,16.1,16.5,,11.1,11.2,21,24,14,13,16,14,15,70.8,79.6,76.5,83,76,,,24,,
8-Apr-19,TRE,C,4,p,468.5,460.5,18.8,17.5,13.2,13.8,13.8,11,10.9,6801,6182,4677,6392,6991,7568,6466,,,,,,,11:37,22,,
8-Apr-19,TRE,C,4,p1,469.3,460.9,11.8,16.5,16.1,16.1,14,12.2,11.5,5120,5245,5250,5113,5120,5141,5076,,,,,,,,22.7,,
8-Apr-19,TRE,C,4,p2,471.2,467.1,15.1,15.4,16.9,12.5,12.7,12.5,11.9,4338,4264,4344,4268,4316,4305,4280,,,,,,,,20.9,,
8-Apr-19,TRE,C,4,p3,479.2,476.3,16.1,15.7,15.8,12.7,10.7,12.5,12.1,1907,1902,2085,2483,2153,1989,2308,,,,,,,,17.8,,
8-Apr-19,TRE,C,4,r,479.9,482.3,18.9,18.9,16.2,18.2,20.1,11.5,10.7,7,11,9,13,13,12,17,100,100,100,100,100,,,20.1,,
8-Apr-19,TRE,C,5,p,467.8,457.8,17.7,17.1,23.9,23.9,21.3,12.5,11.9,6830,6718,6578,6631,6704,6635,6202,,,,,,,11:48,25,,
8-Apr-19,TRE,C,5,p1,472,457.3,15.8,14.2,15.5,15.5,16.4,11,11.9,5383,5951,5886,6023,5976,6121,5925,,,,,,,,19.9,,
8-Apr-19,TRE,C,5,p2,475.9,462.7,12.2,12.3,22.3,24.3,19.3,11.8,11,5203,4534,5181,5352,5106,5073,4763,,,,,,,,19,,
8-Apr-19,TRE,C,5,p3,466.8,456.9,16.5,19.7,20.6,12.3,19.7,11.5,10.6,4628,4611,4570,4610,4678,4258,4254,,,,,,,,21.5,,
8-Apr-19,TRE,C,5,r,482.8,485,12.4,13.2,8,12.6,6,11.1,13.8,17,16,12,11,13,14,16,100,100,100,100,100,,,19.3,,
9-Apr-19,PIL,C,1,p,471.6,457,17.8,21.4,18.3,16.1,26.6,10.5,12.6,3817,4257,4607,4500,4321,4301,4300,76.3,70.8,100,100,100,,,,,
9-Apr-19,PIL,C,1,p1,469.7,460.3,16.1,18.3,18.8,17.6,13.4,10.7,12.7,3526,3582,3591,3578,3529,3572,3580,76.3,70.8,100,100,100,,,,,
9-Apr-19,PIL,C,1,p2,472.1,461.8,16,16.3,12.6,17.6,12.6,10.5,12.6,2931,2846,3288,3277,3150,3319,3333,76.3,70.8,100,100,100,,,,,
9-Apr-19,PIL,C,1,p3,468.5,465,17.4,17.5,15.9,11.9,12.1,10.9,14.1,2947,2856,2877,2745,2816,2777,1799,76.3,70.8,100,100,100,,,,,
9-Apr-19,PIL,C,1,r,474.1,482.9,12.4,13.4,10.7,10.7,10.1,23,16,19,11,12,14,15,16,14,76.3,70.8,100,100,100,,,,,
9-Apr-19,PIL,B,1,p,480.7,466.9,17.1,15.1,15.1,15.8,17.7,11.4,10.2,4885,4906,4829,4597,4646,4750,5046,100,100,100,100,100,sunny,14:46,14:46,,
9-Apr-19,PIL,B,1,p1,476.5,467.9,18.1,17,18.5,18.5,18.3,11.4,12.2,4101,3709,4035,4135,3992,4108,4112,100,100,100,100,100,,,,,
9-Apr-19,PIL,B,1,p2,477.3,470.2,14.9,17.7,17.7,17.2,14.7,10.5,10.2,3516,3486,3518,3507,3501,3594,3431,100,100,100,100,100,,,,,
9-Apr-19,PIL,B,1,p3,479.6,473.6,14.8,16.7,18.9,14.5,16.5,12,10.8,3293,2204,3274,3400,3390,3229,3428,100,100,100,100,100,,,,,
9-Apr-19,PIL,B,1,r,478,486.1,16.3,17.1,14.9,14.1,14.9,10.5,10.6,10,7,4,5,6,7,4,100,100,100,100,100,,,,,
9-Apr-19,PIL,C,2,p,473.8,450.9,16,14.1,15.1,15.9,15.9,12.8,11.3,5751,5539,4771,5244,5293,5009,5491,100,100,78,100,77,,,,,
9-Apr-19,PIL,C,2,p1,470.9,451.2,14.1,15.4,16.3,16.9,16.9,11.9,10.9,4700,4551,4755,4634,4582,4687,4917,100,100,78,100,77,,,,,
9-Apr-19,PIL,C,2,p2,468.1,455.3,16.8,21,18.8,17.8,21.5,17.9,11.8,11.6,4342,4152,3739,4080,3860,4095,100,100,78,100,77,,,,,
9-Apr-19,PIL,C,2,p3,478.3,461.9,21.8,21.5,20.8,21.5,22,10.4,10.1,3492,3848,3603,3830,3928,4121,3558,100,100,78,100,77,,,,,
9-Apr-19,PIL,C,2,r,477.5,481,19,17.9,17.7,17.5,18.2,10.3,10.6,28,20,15,16,19,18,16,100,100,78,100,77,,,,,
9-Apr-19,PIL,B,2,p,477.6,472.7,18,16,16.6,16.6,13.2,10.7,9.8,4450,4512,4626,4853,4638,5000,4940,100,100,100,100,100,,14:25,14:25,,
9-Apr-19,PIL,B,2,p1,477.2,470.4,17.4,15.3,15.8,16.5,16.5,9.6,10,4887,3866,3709,3881,3943,4164,3957,100,100,100,100,100,,,,,
9-Apr-19,PIL,B,2,p2,478.5,472.4,16.9,15.6,14,13.3,14,9.7,9.9,3470,34,3676,3611,3509,3498,3556,100,100,100,100,100,,,,,
9-Apr-19,PIL,B,2,p3,481.1,479.6,16,15.3,16.5,15.1,13.5,10,10.5,2999,3001,3010,3154,3113,3197,3122,100,100,100,100,100,,,,,
9-Apr-19,PIL,B,2,r,479.6,487.6,10.9,13.3,14.2,11.8,10.8,9.8,9.5,15,6,14,6,7,9,7,100,100,100,100,100,,,,,
9-Apr-19,PIL,C,3,p,477,460,17.4,17.5,17.4,19.2,19.2,,,5303,5501,5510,5386,5498,5500,5208,100,100,100,100,100,,,,,
9-Apr-19,PIL,C,3,p1,471.1,460.1,16.5,16.3,14.7,15.4,16.3,11.8,11.9,4499,4512,4629,4546,4503,4560,4549,100,100,100,100,100,,,,,
9-Apr-19,PIL,C,3,p2,471.8,463.7,16.9,16.4,18.7,17.4,17.4,11.3,11.5,4018,4047,4141,4019,4044,4294,4322,100,100,100,100,100,,,,,
9-Apr-19,PIL,C,3,p3,476.6,467.2,19,19.3,17,17.1,20,10.8,11.1,3540,3468,2914,3313,3539,3500,3485,100,100,100,100,100,,,,,
9-Apr-19,PIL,C,3,r,474,478.3,15.6,19.6,17.5,18.1,17.8,10.9,11.1,17,16,17,19,18,20,19,100,100,100,100,100,,,,,
9-Apr-19,PIL,B,3,p,480.4,471.7,24.5,23,21,21.6,21,10.6,10.7,4917,4950,4784,4801,475,4800,5413,100,100,100,100,100,partly cloudy,14:04,14:04,,
9-Apr-19,PIL,B,3,p1,482.2,473.8,19.1,18.8,16.4,18.6,19.3,10.3,10,3986,3848,3777,3871,3792,4022,3920,100,100,100,100,100,,,,,
9-Apr-19,PIL,B,3,p2,482.2,477.1,15.7,16.9,14.8,15.7,16.6,10.7,11,3306,3615,3587,3490,3641,3346,3339,100,100,100,100,100,,,,,
9-Apr-19,PIL,B,3,p3,480.6,477,15.6,14.6,14.4,14.4,14.6,10.1,10.2,3073,2968,3030,3072,3162,3196,3127,100,100,100,100,100,,,,,
9-Apr-19,PIL,B,3,r,481.9,486.9,14,13.4,15,11.9,12.2,10.9,10.4,19,14,10,11,10,12,11,100,100,100,100,100,,,,,
9-Apr-19,PIL,C,4,p,484.9,482.7,7.9,7.2,8,6.9,7.1,13.3,11,2564,1956,1643,1622,1537,1512,1530,66.9,100,100,100,100,,,,,
9-Apr-19,PIL,C,4,p1,488.4,472.1,14.3,11.5,10.9,11.5,13.3,12.8,10.8,2169,2847,4829,2471,3137,3242,5156,66.9,100,100,100,100,,,,,
9-Apr-19,PIL,C,4,p2,479.4,471.4,14.6,11.8,12,14.7,15.4,12.4,11.8,4245,1975,2305,2453,2717,4212,3071,66.9,100,100,100,100,,,,,
9-Apr-19,PIL,C,4,p3,480.4,478.2,12.8,10.7,11.8,10.3,10.7,11.3,11.8,1653,1306,1311,1391,1421,1590,2098,66.9,100,100,100,100,,,,,
9-Apr-19,PIL,C,4,r,483.8,488.6,13.8,15,14,15,12.8,10.6,106,12,13,8,11,12,14,10,66.9,100,100,100,100,,,,,
9-Apr-19,PIL,B,4,p,477.9,472.3,21,17.6,17.6,21.2,16.4,10.5,10,4477,4279,4391,4796,4039,4727,4781,100,100,100,100,100,partly cloudy,13:18,13:18,,
9-Apr-19,PIL,B,4,p1,481.3,473.7,16.5,16.2,15.7,18.1,18.1,10.4,10.3,3779,3934,3956,3716,3715,3879,3792,100,100,100,100,100,sunny,,,,
9-Apr-19,PIL,B,4,p2,482,479.2,15.7,16.1,15.4,16.6,15.4,10.4,10.2,3243,3276,3458,3994,3267,3302,3396,100,100,100,100,100,,,,,
9-Apr-19,PIL,B,4,p3,490.7,477.8,15.7,16.6,17.7,17.7,17.3,10.1,10.2,3093,3097,31,3065,3191,3136,3127,100,100,100,100,100,,,,,
9-Apr-19,PIL,B,4,r,483,485.3,14.6,13.9,16.5,14.8,,13,9.7,14,20,14,13,14,15,16,100,100,100,100,100,,,,,
9-Apr-19,PIL,C,5,p,487,477.7,12.2,11.4,11.4,10.8,10.8,11.4,11.5,5944,6021,4588,4592,5192,1463,1285,100,100,100,100,100,sunny,10:25,10:25,,
9-Apr-19,PIL,C,5,p1,490,489.1,10.3,11.6,8.9,9.3,10.4,10.8,10.7,947,926,1096,1299,1354,1469,1525,100,100,100,100,100,,,,,
9-Apr-19,PIL,C,5,p2,485.1,471.1,14.6,15.8,13.6,13.3,14.7,16.2,11.9,2528,2974,3650,3590,3867,3821,,100,100,100,100,100,,,,,
9-Apr-19,PIL,C,5,p3,487.2,483.7,14.4,14.4,13.5,14.5,13.7,10.8,10.3,1237,1055,1162,1077,1063,1116,2924,100,100,100,100,100,,,,,
9-Apr-19,PIL,C,5,r,498.2,492.3,11.7,10.3,11.3,9.9,10,10.6,11.9,6,5,6,3,4,5,4,100,100,100,100,100,,,,,
9-Apr-19,PIL,B,5,p,480.4,465,18.1,18.6,17,18.1,18,10.4,9.9,4261,4221,4303,4342,4317,4345,,72,100,100,100,100,,,,,
9-Apr-19,PIL,B,5,p1,478.4,469.7,14.5,14.5,13.2,15,11.6,9.9,10.3,3831,3771,3873,3915,3906,3896,3888,72,100,100,100,100,,,,,
9-Apr-19,PIL,B,5,p2,480.8,469.1,15.4,15.4,17.7,13,14.9,9.9,10.4,3462,3413,3376,3351,3456,3403,3428,72,100,100,100,100,,,,,
9-Apr-19,PIL,B,5,p3,480.3,474.3,12,14.6,16.2,12.4,12.7,9.8,9.7,2908,2902,2969,2956,3001,2970,2990,72,100,100,100,100,cloudy,,,,
9-Apr-19,PIL,B,5,r,476.6,481.5,14.3,13.6,12,12.2,11.9,9.9,9.8,11,13,20,11,12,11,10,72,100,100,100,100,,,,,
10-Apr-19,ACJ,B,1,p,493.2,481.8,19.6,16.4,16.6,13.9,14.8,10.9,11.7,5064,5070,5024,5000,4972,5176,,,,,,,sunny,9:56,,,
10-Apr-19,ACJ,B,1,p1,488,480,14.8,14.1,13.7,10.7,8.3,11.4,10.8,4519,4470,4451,4418,4442,4392,4426,,,,,,sunny,9:58,,,
10-Apr-19,ACJ,B,1,p2,493.5,484.6,18.9,15.6,17.4,18.4,15.1,11.5,11.3,4027,4057,4009,4051,3993,4033,4020,,,,,,sunny,10:09,,,
10-Apr-19,ACJ,B,1,p3,489.5,484.9,14.4,11.9,17.8,10.5,7,11.4,10.7,3596,3580,3560,3569,3577,3559,3546,,,,,,sunny,,,,
10-Apr-19,ACJ,B,1,r,490,493.2,12.7,9.1,8,9,6.7,10.8,11.4,7,5,7,6,4,8,10,100,100,100,100,100,sunny,10:17,,,
10-Apr-19,ACJ,B,2,p,484.4,477.2,11.7,16.7,8.2,6.5,6.7,11.4,11.7,5628,5052,5668,5696,5695,5663,5678,,,,,,sunny,10:32,,,
10-Apr-19,ACJ,B,2,p1,487.1,483.1,17.9,18.4,13.8,11,8.9,11.7,11.5,4969,4980,4910,4871,4935,4886,4893,,,,,,sunny,10:36,,,
10-Apr-19,ACJ,B,2,p2,488.7,480.7,24.2,20.3,11.8,19.3,17.2,11.5,11.7,4392,4295,4336,4329,4322,4383,4350,,,,,,sunny,10:40,,,
10-Apr-19,ACJ,B,2,p3,489.6,486.6,27.4,30.3,26.6,24.3,26.1,11.5,11.7,3752,3773,3801,3791,3792,3790,3816,,,,,,sunny,10:43,,,
10-Apr-19,ACJ,B,2,r,487.9,499.7,29.2,30,28.6,24.7,28.7,11.6,11.3,6,4,1,4,5,4,2,100,100,100,100,100,sunny,10:46,,,
10-Apr-19,ACJ,B,3,p,488.6,482.1,26.2,27.7,23,18.2,17.5,13,11.8,5781,5739,5764,5840,5795,5745,5755,,,,,,sunny,10:54,,,
10-Apr-19,ACJ,B,3,p1,490.7,486,23.7,24,24.1,21.1,20.2,13,12,5020,5072,5122,5095,5053,5056,5146,,,,,,sunny,10:57,,,
10-Apr-19,ACJ,B,3,p2,496.1,482.9,28.6,26.3,25.8,23.6,23.2,13.1,11.6,4554,4475,4444,4476,4426,4477,4442,,,,,,sunny,10:59,,,
10-Apr-19,ACJ,B,3,p3,490,484.5,17.8,19.9,17.5,11.7,13.5,13.1,11.6,3976,3881,3832,3886,3849,3851,3945,,,,,,sunny,11:03,,,
10-Apr-19,ACJ,B,3,r,489.2,498.2,14.8,10.2,11.7,6.8,7,13.2,11.6,10,8,9,11,10,12,11,100,100,100,100,100,sunny,11:07,,,
10-Apr-19,ACJ,B,4,p,489.6,,18.5,20.2,12.6,8.8,11.7,12.6,12.5,5562,5656,5870,5655,5791,5639,5775,,,,,,sunny,11:14,,,
10-Apr-19,ACJ,B,4,p1,487.6,486.9,22.7,18.1,16.9,14.8,15.5,12.6,12.1,4987,4930,4834,4977,5037,4988,4974,,,,,,sunny,11:18,,,
10-Apr-19,ACJ,B,4,p2,490.9,484.8,19,21,17,13,13.2,12.7,12.1,4410,4420,4412,4392,4390,4310,4172,,,,,,sunny,11:21,,,
10-Apr-19,ACJ,B,4,p3,488.5,485.6,16.4,17.7,12.3,8.3,8.9,12.7,12.8,3899,3891,3918,3915,3926,3414,3901,,,,,,sunny,11:25,,,
10-Apr-19,ACJ,B,4,r,490.3,494.1,15.7,14.8,16.2,15.6,15.5,12.8,12.9,13,17,16,22,19,15,14,100,100,100,100,100,sunny,11:28,,,
10-Apr-19,ACJ,B,5,p,486.6,479.6,27.3,25.9,24.3,22.9,22.6,12.2,12.7,5984,6019,6026,6013,6029,5879,5890,,,,,,sunny,11:37,,,
10-Apr-19,ACJ,B,5,p1,492.8,483.9,15,13.7,12.5,14.5,10.5,12.8,11.9,5131,5139,5146,5269,5189,5239,4991,,,,,,sunny,11:41,,,
10-Apr-19,ACJ,B,5,p2,489.4,484.6,17.1,16.5,10.8,10.6,9.6,11.9,12.8,4565,4533,4539,4463,4543,4558,4548,,,,,,sunny,11:45,,,
10-Apr-19,ACJ,B,5,p3,492.2,484.6,17.8,16.6,14.4,11.9,12.4,12.9,11.9,4052,4015,4037,4044,4021,4103,3960,,,,,,sunny,11:49,,,
10-Apr-19,ACJ,B,5,r,490.1,495.1,21.7,19.7,19.8,19.2,19.1,12,12.9,18,21,20,18,21,29,21,100,100,100,100,100,sunny,11:53,,,
10-Apr-19,ACJ,C,1,p,489.3,478.6,19.6,16.9,18.8,16.6,18.4,16.2,16,2537,2512,2517,2529,2521,2537,2557,,,,,,sunny,15:45,,,
10-Apr-19,ACJ,C,1,p1,489.5,478.1,16.3,14.6,16.5,14.8,14.4,16,16.1,2230,2236,3230,2228,2235,2239,2246,,,,,,sunny,15:48,,,
10-Apr-19,ACJ,C,1,p2,490.7,481.7,16.2,13.4,14.2,13.2,13.8,16.1,15.9,2021,2016,2012,2018,2015,2008,2012,,,,,,sunny,15:51,,,
10-Apr-19,ACJ,C,1,p3,491.4,483.2,15.3,15.4,13.9,12,13.2,15.9,16,1825,1830,1815,1822,1817,1815,1814,,,,,,sunny,15:54,,,
10-Apr-19,ACJ,C,1,r,494,498.1,12.6,10.1,10.6,11.9,10.2,15.8,16,11,10,12,10,12,9,11,100,100,83.1,100,100,sunny,15:58,,,
10-Apr-19,ACJ,C,2,p,498.3,481.3,9.7,9.9,11,11.5,11,13.1,12.9,2176,2186,2188,2180,2190,2189,2202,,,,,,sunny,16:05,,,
10-Apr-19,ACJ,C,2,p1,493.7,482.4,10.3,10.3,10.1,12.6,10.6,12.9,13.1,1004,1283,1943,1932,1937,1924,1920,,,,,,sunny,16:08,,,
10-Apr-19,ACJ,C,2,p2,527.7,502.2,11.4,11.6,11.5,15.3,,12.8,13,1264,1276,1269,1261,1249,1253,1251,,,,,,sunny,16:23,,,
10-Apr-19,ACJ,C,2,p3,532.9,507.9,12.8,13.1,14.2,15.7,14.3,12,12.8,1025,1026,1027,1025,1028,1024,1012,,,,,,sunny,16:26,,,
10-Apr-19,ACJ,C,2,r,535.4,534.9,12.1,11.9,11.9,14.3,13.4,13,12.1,5,4,3,2,5,4,2,100,100,100,100,100,sunny,16:30,,,plot with cover Cortaderia > 80%
10-Apr-19,ACJ,C,3,p,507.2,502.3,10.2,12.5,13.1,13.1,13.5,13.5,14.5,1782,1791,1790,1780,1776,1779,,,,,,,sunny,16:37,,,
10-Apr-19,ACJ,C,3,p1,507.7,503.2,12.4,11.2,14.6,11.5,11.4,13.4,14.6,1601,1595,1599,1594,1595,1591,1571,,,,,,sunny,16:39,,,
10-Apr-19,ACJ,C,3,p2,509.9,506.7,10.2,11.3,13,12.8,12.9,13.5,14.5,1146,1427,1423,1420,1418,1417,1516,,,,,,sunny,16:42,,,
10-Apr-19,ACJ,C,3,p3,520.3,519.1,11.2,10.5,12,11.5,11.1,13.4,14.5,1266,1258,1260,1250,1262,1259,1253,,,,,,sunny,16:45,,,
10-Apr-19,ACJ,C,3,r,529.1,534.1,9.6,8.9,10.4,8.7,10.9,13.2,14.5,5,3,4,6,5,4,5,100,100,100,100,100,sunny,16:48,,,
10-Apr-19,ACJ,C,4,p,523.4,524.9,8,7.3,7.2,7.2,5.9,14.2,14,1218,1225,1220,1192,1200,1211,1225,,,,,,sunny,16:54,,,
10-Apr-19,ACJ,C,4,p1,517.1,517.5,6.9,7.2,7,7,5.5,14.2,14.2,1144,1145,1146,1143,1138,1135,1132,,,,,,sunny,16:56,,,
10-Apr-19,ACJ,C,4,p2,521.2,521.3,7,6.6,6,6.3,4.9,14.1,14,925,922,918,915,912,911,908,,,,,,sunny,16:59,,,
10-Apr-19,ACJ,C,4,p3,524.7,526.2,6.2,6.6,5.2,5.6,4,14.1,13.9,743,740,736,731,727,724,718,,,,,,sunny,17:02,,,
10-Apr-19,ACJ,C,4,r,527,533.1,5.3,4.8,4.5,4.1,3.8,14.1,13.9,5,2,3,2,1,4,5,100,100,100,100,100,sunny,17:05,,,
11-Apr-19,WAY,B,1,p,501.3,487.9,25.4,27.6,27.5,27,25.6,14.1,12.5,5838,5066,5009,5060,5000,5092,5038,,,,,,sunny,10:33,,,
11-Apr-19,WAY,B,1,p1,504.6,488.2,23.1,26.5,23.1,20.2,25,13.9,13,4315,4229,4317,4318,4325,4301,4337,,,,,,sunny,10:36,,,
11-Apr-19,WAY,B,1,p2,504.7,490.5,24.5,25,25,22.1,25.6,13.9,13.4,3819,3801,3814,3790,3811,3812,3817,,,,,,sunny,10:40,,,
11-Apr-19,WAY,B,1,p3,500,491.5,23.8,25,25,25.1,25.1,12.8,12.7,3408,3410,3415,3416,3407,3437,3423,,,,,,sunny,10:43,,,
11-Apr-19,WAY,B,1,r,520.7,524.4,19.4,21.7,23.1,19.3,15.2,14.2,13.6,7,5,7,8,7,5,6,69,82.2,83.9,77,78.6,sunny,10:47,,,
11-Apr-19,WAY,B,2,p,506.4,488.1,18.5,20,24.1,25.3,23.9,12.9,14,5112,5104,5097,5086,5076,5169,5222,,,,,,sunny,10:57,,,
11-Apr-19,WAY,B,2,p1,503.6,486.9,21.7,20.9,24.9,24.9,24.3,13.7,13.9,4419,4358,4939,4399,4374,4404,4424,,,,,,sunny,14:00,,,
11-Apr-19,WAY,B,2,p2,502.4,492.2,20.8,19.4,22.5,20.5,,13.2,13.4,3867,3874,3975,3934,3887,3890,,,,,,,sunny,11:03,,,
11-Apr-19,WAY,B,2,p3,502.3,492.9,20,16.7,20.8,18.4,15.4,13.1,13.6,3429,3423,3435,3442,3418,3421,2416,,,,,,sunny,11:06,,,
11-Apr-19,WAY,B,2,r,506.5,510.9,12.3,13.9,17,14.1,12.4,12.8,13.6,3,2,3,1,4,3,6,77.4,76.2,100,100,76.1,sunny,11:10,,,
11-Apr-19,WAY,B,3,p,507.3,490.5,18.9,19.5,16.7,16.7,19.7,12.3,14.2,5246,5216,5245,5190,5224,5363,5214,,,,,,sunny,11:19,,,
11-Apr-19,WAY,B,3,p1,504.1,490,21.9,20.9,18,18,22.9,12.7,12.5,4427,4564,4518,4113,4561,5410,4546,,,,,,sunny,11:22,,,
11-Apr-19,WAY,B,3,p2,505.2,492.1,23,19.8,20.3,15.1,17.1,12.4,12.9,4030,4012,4006,4029,4056,4069,4060,,,,,,sunny,11:27,,,
11-Apr-19,WAY,B,3,p3,505,494.7,21.2,15.3,21.1,21.3,19.5,12.6,12.9,3481,3495,3481,3517,3514,3531,3497,,,,,,sunny,11:30,,,
11-Apr-19,WAY,B,3,r,513.9,516.1,22.9,17.4,19.3,18.1,15.6,12.4,13.8,7,11,16,9,7,6,10,67.8,100,75.6,100,100,sunny,11:35,,,
11-Apr-19,WAY,B,4,p,504.3,594.7,25.6,24.6,22.4,22.7,27.4,14.2,13.6,5500,2775,3186,2824,2798,2791,2573,,,,,,partly cloudy,11:43,,,
11-Apr-19,WAY,B,4,p1,498.7,585.3,15.7,23.6,28.8,24.4,21.5,14.6,13,4817,4849,4700,4737,4840,4930,4928,,,,,,partly cloudy,11:50,,,
11-Apr-19,WAY,B,4,p2,503.9,491.4,22.6,21.3,24,23.7,22.3,14.8,13.5,4228,4240,4201,4166,3396,3764,,,,,,,partly cloudy,11:54,,,
11-Apr-19,WAY,B,4,p3,499.2,490,25,23.6,22.5,22.1,20.9,12.8,12.9,3775,3655,3684,3470,3688,3754,3742,,,,,,partly cloudy,11:57,,,
11-Apr-19,WAY,B,4,r,505.3,508.4,21.1,23.6,19.1,17.8,13.5,16.6,13.6,7,8,10,7,1,4,4,100,100,100,100,100,partly cloudy,12:02,,,
11-Apr-19,WAY,B,5,p,504.2,489.2,31.5,24.1,19.7,21.4,18,16.6,16.7,5808,5707,5839,5671,5648,5812,,,,,,,sunny,12:34,,,
11-Apr-19,WAY,B,5,p1,503.5,498,21.3,18.4,30,30.7,20.5,16.5,16.5,4977,5000,4940,4275,5073,4924,4977,,,,,,sunny,12:37,,,
11-Apr-19,WAY,B,5,p2,500.1,490.3,23.4,23.4,22,31.6,25.4,14.9,14.6,4329,4335,4319,4352,4336,4332,4318,,,,,,sunny,12:40,,,
11-Apr-19,WAY,B,5,p3,508.2,496.9,20.4,20,20,27.3,19.9,14.2,16.3,3821,3819,3806,3804,3809,3796,3785,,,,,,sunny,12:43,,,
11-Apr-19,WAY,B,5,r,511.4,515.8,20,20.4,19.7,23.6,22.6,16.7,16.3,4,5,4,6,7,4,5,58.6,63.6,58.8,100,71.6,sunny,12:47,,,
12-Apr-19,WAY,C,1,p,518.4,512.8,11.3,12.7,12.3,10.7,9.4,16.8,16,1309,1323,1354,1376,1371,1342,1312,,,,,,cloudy,12:36,,,
12-Apr-19,WAY,C,1,p1,526.6,522.5,10.6,12.8,11,9.3,9,16,16.8,1205,1254,1280,1286,1258,1228,1229,,,,,,cloudy,12:38,,,
12-Apr-19,WAY,C,1,p2,518,516.8,12.1,10.2,10.5,9.5,10.5,12.1,10.2,972,905,992,1001,1010,1075,1007,,,,,,cloudy,12:41,,,
12-Apr-19,WAY,C,1,p3,514.9,518.5,11.2,10.9,9.5,8.1,10.3,16,16.8,902,909,899,877,876,878,888,,,,,,cloudy,12:44,,,
12-Apr-19,WAY,C,1,r,519,528.6,16,16.8,10.6,9.8,11.6,9.6,10.3,6,7,6,5,4,7,6,79.5,82,100,100,100,cloudy,12:17,,,
12-Apr-19,WAY,C,2,p,524,519.6,11.1,11.8,10.4,11.8,10.8,15.9,16,1175,1200,1231,1263,1274,1294,1302,,,,,,fog,12:55,,,
12-Apr-19,WAY,C,2,p1,522.2,521.5,12.5,11.1,11.8,11.9,11,16,15.7,1220,1216,1207,1189,1175,1167,1165,,,,,,fog,12:58,,,
12-Apr-19,WAY,C,2,p2,527.8,524.7,12.4,11.9,12,13.4,13.2,15.8,16,1109,1123,1150,1159,1175,1192,1203,,,,,,fog,13:01,,,
12-Apr-19,WAY,C,2,p3,518.3,516,12.8,13.1,12.3,12.4,13.3,15.4,16,1206,1209,1203,1184,1156,1148,1139,,,,,,fog,13:04,,,
12-Apr-19,WAY,C,2,r,514,523,13.9,12.5,11.7,11.7,14,16,15.5,3,4,3,4,4,4,2,100,100,100,100,100,fog,13:07,,,
12-Apr-19,WAY,C,3,p,530,524.9,11.7,11.9,10.8,11.9,11.7,15.9,13.9,1443,1471,1496,1504,1521,1537,1641,,,,,,cloudy,13:13,,,
12-Apr-19,WAY,C,3,p1,509.1,502.8,14.2,13.8,12.4,12.6,12.6,13.9,15.6,1776,1852,1886,1829,1841,1845,1846,,,,,,cloudy,13:16,,,
12-Apr-19,WAY,C,3,p2,521.3,514.2,11.7,12.1,12.2,11.5,12.5,13.9,15.9,1386,1380,1378,1375,1384,1390,1407,,,,,,cloudy,13:23,,,
12-Apr-19,WAY,C,3,p3,516,518,13.1,12.6,10.8,12.4,12.7,,,1062,1059,1052,1050,1046,1031,1060,,,,,,cloudy,13:26,,,
12-Apr-19,WAY,C,3,r,518,428.4,10.6,10.7,10,9.5,10.2,13.4,15.9,3,4,2,2,1,3,3,100,82.4,100,76.4,100,cloudy,13:33,,,
12-Apr-19,WAY,C,4,p,528.8,523.8,11.2,10.7,10.6,10,11.9,16.8,17.9,1107,1087,1117,1144,1153,1147,1182,,,,,,fog,13:41,,,
12-Apr-19,WAY,C,4,p1,524,517.5,10.4,10.6,10,10.8,11.3,17.8,16.3,1319,13009,1310,1314,1326,1374,1404,,,,,,fog,13:44,,,
12-Apr-19,WAY,C,4,p2,518.5,512.2,12.5,10.3,10.8,12.7,12,16.3,17.8,1298,1300,1292,1303,1310,1327,1322,,,,,,fog,13:47,,,
12-Apr-19,WAY,C,4,p3,514,510.7,14.6,13.1,11.4,11.6,11.6,16.3,17.8,1215,1214,1215,1203,1142,1126,1092,,,,,,fog,13:50,,,
12-Apr-19,WAY,C,4,r,517.3,522.2,11.4,10.7,10.3,10.5,10.6,16.3,17.8,3,2,3,2,1,0,1,100,100,100,100,100,fog,13:53,,,
12-Apr-19,WAY,C,5,p,522.4,519.1,10.5,10.1,10.3,10.6,11.1,15.4,15.1,1097,1095,1102,1110,1118,1124,1114,,,,,,cloudy,14:01,,,
12-Apr-19,WAY,C,5,p1,510,509,9.3,9.1,9.2,9.8,9.7,15.1,15.9,887,885,907,908,909,912,911,,,,,,cloudy,14:04,,,
12-Apr-19,WAY,C,5,p2,510,511.1,10,9.8,9.1,9.4,9.7,15.4,15.1,822,835,837,838,843,835,831,,,,,,cloudy,14:07,,,
12-Apr-19,WAY,C,5,p3,513,513,9.4,9.5,8.9,9.4,7.9,15.4,15.1,666,671,673,679,682,680,754,,,,,,cloudy,14:14,,,
12-Apr-19,WAY,C,5,r,514.9,520.1,9.1,8.8,8.8,8.9,9.5,15.1,15.4,4,3,2,3,10,10,7,84.2,78.8,100,78.9,100,cloudy,14:17,,,
13-Apr-19,TRE,B,1,p,482,470,15.9,15.1,15.5,15.5,15.4,15.9,12.9,3817,3217,3316,3046,2727,2640,2425,,,,,,fog,10:28,,,
13-Apr-19,TRE,B,1,p1,484,479.6,10.9,9.4,9.7,9.8,9.6,14.4,15.9,1365,1368,1357,1361,1362,1363,1360,,,,,,fog,11:04,,,
13-Apr-19,TRE,B,1,p2,487.9,484.3,9.8,8.9,9.4,9.4,9.3,14.4,15.9,1124,1120,1116,1113,1112,1110,1107,,,,,,fog,11:07,,,
13-Apr-19,TRE,B,1,p3,486,482.3,8,7.9,7.9,8.7,7.4,14.4,15.8,998,1006,1000,1003,996,1005,1002,,,,,,fog,11:10,,,
13-Apr-19,TRE,B,1,r,490,491.5,8.8,8,8.9,9.3,5.3,14.3,15.8,6,4,7,4,5,7,6,100,100,100,100,100,fog,11:15,,,
13-Apr-19,TRE,B,2,p,482,475.6,12.2,12.4,11.7,12.9,11.9,15.8,15.5,1532,1552,1580,1896,1577,1552,1500,,,,,,mist,13:13,,,
13-Apr-19,TRE,B,2,r,486.2,488.2,10.3,11.2,12.9,10.5,10,15.8,15.5,0,1,0,2,1,1,3,100,100,100,100,100,mist,13:16,,,
13-Apr-19,TRE,B,3,p,481,474.4,10.3,9.2,9.4,8.6,8.5,14.6,14.1,1059,1063,1052,1096,1111,1112,1133,,,,,,fog,13:22,,,
13-Apr-19,TRE,B,3,r,498,504.6,9.7,8,9,9.5,8.7,14.5,14.1,2,1,2,1,0,1,2,100,100,100,100,100,fog,13:29,,,
13-Apr-19,TRE,B,4,p,504,492.1,8.3,7.8,8.9,8.2,8.9,13.6,14.1,950,930,953,967,970,969,967,,,,,,fog,13:36,,,
13-Apr-19,TRE,B,4,r,495,500,8.8,8.3,8.9,8.6,9,13.6,14.1,1,0,1,2,1,1,2,100,100,100,100,100,fog,13:40,,,
13-Apr-19,TRE,B,5,p,478.8,460,8.9,10,9.8,9.2,9.6,14.2,14.7,722,724,723,750,720,728,719,,,,,,fog,13:52,,,
13-Apr-19,TRE,B,5,r,507,500,7.9,9.9,9.3,8.2,8.7,14.3,14.6,1,1,2,1,1,1,2,74.1,81.2,77.6,100,100,fog,13:57,,,
15-Apr-19,OCC,C,1,p,447.9,433.4,13.4,17.1,18.6,15,13.2,11.8,11.9,5322,5478,5514,5090,5511,5487,5299,,,,,,"sunny, strong wind",11:21,,,
15-Apr-19,OCC,C,1,p1,450.7,443.7,23.2,16.1,18.9,14.5,11.4,11.9,12,1343,5532,4326,4004,4160,4298,5019,,,,,,partly cloudy,11:25,,,
15-Apr-19,OCC,C,1,p2,443.5,438.2,14.2,25.7,16.2,21.4,14.1,12.1,11.2,4175,4224,4231,4195,4189,4224,4203,,,,,,sunny,11:31,,,
15-Apr-19,OCC,C,1,p3,443.2,436.1,,,,,,11.3,13.1,3718,3688,3700,3702,3681,3648,3618,,,,,,sunny,11:35,,,stop to person local
15-Apr-19,OCC,C,1,r,445.8,450.7,9.3,17.3,8.9,19,8.1,11.1,12.4,14,14,13,14,15,14,15,41.6,38.4,39.2,34.4,30.4,sunny,11:40,,,
15-Apr-19,OCC,C,2,p,442.1,430.7,13.4,16,15.7,11.5,12.4,12.3,10.3,3668,3623,3618,3556,3714,3610,3601,,,,,,sunny and wind,11:59,,,
15-Apr-19,OCC,C,2,p1,442.5,437.4,11.3,14.4,12.6,11,10.5,10.6,12.2,3130,2044,3717,4374,4100,1239,,,,,,,partly cloudy and cloudy,12:10,,,
15-Apr-19,OCC,C,2,p2,452.1,438.2,10.7,15.8,17,12.8,11.4,12.3,10.4,3292,3307,3290,3204,3200,3422,3554,,,,,,sunny,12:02,,,
15-Apr-19,OCC,C,2,p3,442,436.3,14.5,19.4,19.5,14.6,17.4,12.2,10.6,2907,2916,2919,2937,2911,,,,,,,,sunny,12:05,,,
15-Apr-19,OCC,C,2,r,458,456,12.7,17.4,16.9,12.9,15.9,12.1,10.7,26,21,20,17,19,20,19,34,38.8,41.1,42.2,35.2,sunny,12:17,,,
15-Apr-19,OCC,C,3,p,445,436,13.6,22.4,20.8,15.9,10.3,13.7,13.5,5705,5052,6000,5939,5941,5012,5710,,,,,,sunny,12:27,,,
15-Apr-19,OCC,C,3,p1,438,431,17,21.7,20.3,16.6,21.9,13.7,13.8,5263,5189,5203,5124,5116,5100,4928,,,,,,sunny and partly cloudy,12:32,,,
15-Apr-19,OCC,C,3,p2,457.9,448.4,15.9,22.8,14.9,16.9,18,12.9,13.8,4329,4365,4344,4340,4317,4429,4381,,,,,,sunny,12:34,,,
15-Apr-19,OCC,C,3,p3,441,436,17,22.7,18.3,15,10.9,13.8,13,4701,4377,4358,4322,4295,4235,4203,,,,,,sunny,12:40,,,
15-Apr-19,OCC,C,3,r,439,449,15.3,21.5,18.3,13.8,22,13.8,13.1,7,8,6,7,8,6,5,26.6,32.4,54.4,32.6,45.5,partly cloudy,12:44,,,
15-Apr-19,OCC,C,4,p,450,437.7,23.9,18.1,14.7,27,23.9,12.6,12.8,5360,5260,5650,5881,5305,5874,5960,,,,,,sunny,12:53,,,
15-Apr-19,OCC,C,4,p1,433.8,429.8,13.9,13.9,21.7,20.4,20.6,12.9,13.3,4512,4503,4639,4599,4629,,,,,,,,sunny,12:57,,,
15-Apr-19,OCC,C,4,p2,436.5,432,15.1,26.1,20.2,12.4,26,13.4,13,3990,4039,3896,4075,4000,4112,3995,,,,,,sunny,,,,
15-Apr-19,OCC,C,4,p3,435,435.3,18.4,22.3,20.3,20.3,19.3,13.1,13.5,3452,3314,3277,3296,3224,3231,3200,,,,,,sunny,13:19,,,
15-Apr-19,OCC,C,4,r,450,451.7,15.3,13.4,19.6,16,12.4,13.2,15,13,7,4,7,8,6,7,53.8,59,57.7,57.8,65,sunny,13:22,,,
15-Apr-19,OCC,C,5,p,456.2,445.7,14.4,22.3,21.4,15.8,18.9,16.1,15,4632,4930,4779,4756,4674,4246,4559,,,,,,sunny,13:29,,,
15-Apr-19,OCC,C,5,p1,440,436.8,15.4,22.5,22.1,16.7,18,16.2,15.1,4000,4001,4301,4319,4350,4336,4429,,,,,,sunny,13:32,,,
15-Apr-19,OCC,C,5,p2,451,448,14.2,22.4,15.6,15,20.5,16.3,15.1,3418,3524,2574,2557,2610,2677,32,,,,,,partly cloudy,13:37,,,
15-Apr-19,OCC,C,5,p3,449.4,440,16.9,22.6,18.3,15.8,20.8,15.1,14.9,3195,3212,3215,3207,3161,3153,3100,,,,,,sunny,13:39,,,
15-Apr-19,OCC,C,5,r,434,451.2,17,20.8,21,16,15.8,15.1,14.1,7,6,5,7,5,16,9,66.1,60.2,65.8,59.9,59.5,sunny,13:43,,,
7-jul-19,ACJ,B,1,p,491.5,408.7,12.4,11.6,11.7,10.5,10.7,10,10.2,2625,2500,2250,2201,2132,2171,,,,,,,cloudy and windy,11:08,16.67,,
7-jul-19,ACJ,B,1,r,506.2,500.1,12.1,11.9,10.3,10.6,9.3,10.4,9.8,31,29,25,29,31,33,34,100,100,100,100,100,cloudy,11:13,18.33,,
7-jul-19,ACJ,B,2,p,498.1,441,9.1,8.8,7.9,8.6,6.6,9.8,10.3,2132,2136,2124,2099,2163,2252,2254,,,,,,cloudy - mist,11:22,16.11,,
7-jul-19,ACJ,B,2,r,502.4,501.4,6.1,7.5,7.1,7.4,5.1,9.8,9.8,3,5,4,4,2,4,4,100,100,100,100,100,cloudy,11:28,13.89,,
7-jul-19,ACJ,B,3,p,500,463.1,9,9.8,9.3,8,6.7,10.2,10.1,1542,1544,1597,1616,1660,1729,1811,,,,,,cloudy and windy,11:39,13.33,,
7-jul-19,ACJ,B,3,r,502.7,496.6,8.6,9.1,7.2,7.4,5.4,10.4,10.2,7,4,7,7,8,8,6,100,100,100,100,100,cloudy,11:42,11.67,,
7-jul-19,ACJ,B,4,p,489.5,426.2,7.7,7.3,6.9,6.8,6.1,10.4,10.1,1594,1600,1599,1503,1577,1562,1519,,,,,,cloudy and windy,11:49,12.78,,
7-jul-19,ACJ,B,4,r,500,498.7,6.9,6.7,6.5,5.7,4.9,10.1,10.2,8,7,6,7,8,9,6,100,100,100,100,100,cloudy,11:43,11.11,,
7-jul-19,ACJ,B,5,p,490,435.7,6.8,6.9,5.8,6.8,5.9,10.5,9.9,1013,1019,1000,992,995,992,1000,,,,,,cloudy,12:04,8.33,,
7-jul-19,ACJ,B,5,r,485.5,466.5,6.5,6.7,5.9,6.2,5.2,10.5,10.3,7,5,7,5,6,7,5,100,100,100,100,100,cloudy,12:10,8.33,,
8-jul-19,TRE,C,1,p,488.8,369,10.4,10.9,9.3,11.3,9.8,8.5,7.8,1469,1506,1564,1610,1665,1674,1681,,,,,,cloudy,10:16,11.67,,
8-jul-19,TRE,C,1,r,496,499.6,10.1,10.5,9.5,9.4,9.8,8.5,7.8,1,0,1,1,1,2,1,100,100,100,68.9,77.8,cloudy,10:20,13.33,,
8-jul-19,TRE,C,2,p,494.1,491.7,8.7,8.1,5.9,5.4,5.9,7.6,8.8,2123,2127,1209,1202,1199,1200,,,,,,,cloudy,10:28,10.00,,
8-jul-19,TRE,C,2,r,496.3,502.4,7.8,8.5,6.7,5.5,6.8,7.7,8.9,5,3,4,5,4,4,2,83.2,100,100,100,100,cloudy,10:32,8.33,,
8-jul-19,TRE,C,3,p,500,48.3,5.5,4.7,4.7,5.4,6.8,8.7,9.1,1227,1234,1245,1252,1245,1241,1222,,,,,,cloudy,10:40,7.78,,
8-jul-19,TRE,C,3,r,502.8,504.1,4.4,2.2,3.6,6.3,6.3,8.7,9.1,4,3,4,2,3,4,3,79.7,80.4,68.7,92,67,cloudy,10:43,7.22,,
8-jul-19,TRE,C,4,p,494.4,485.2,9.3,11,8.8,8.9,8.9,8.3,7.9,1790,1723,1738,1746,1749,1557,1749,,,,,,cloudy,11:14,10.00,,
8-jul-19,TRE,C,4,r,494,498.9,19.4,11.9,9.6,8.5,11.5,4,3,4,2,4,3,2,4,3,100,100,100,100,100,cloudy,11:18,11.11,,
8-jul-19,TRE,C,5,p,498.3,472.1,10.3,10.1,10.3,12.8,8.2,9.1,8.4,1355,1360,1363,1362,1367,1371,1381,,,,,,cloudy,11:00,6.67,,
8-jul-19,TRE,C,5,r,502.6,502.2,10.7,10.7,8.7,12,9.7,9.1,8.4,6,5,6,4,4,6,3,100,100,53.8,55.8,84.6,cloudy,11:04,7.78,,
9-jul-19,PIL,C,1,p,486,478.2,13.4,14.8,14.6,14.6,16.3,7.4,8,1830,1800,1601,1568,1537,1521,1534,,,,,,partly cloudy,9:18,18.33,,
9-jul-19,PIL,C,1,r,490,493.5,19.2,17.3,17.2,17.6,13.2,8,7.4,10,7,8,6,9,10,8,100,100,84.9,100,100,partly cloudy,9:22,20.00,,
9-jul-19,PIL,C,2,p,488,474.4,12,14.5,14.5,12.9,14.2,7.2,7.8,2214,2221,2412,2396,2126,2033,2014,,,,,,partly cloudy,9:30,15.56,,
9-jul-19,PIL,C,2,r,488.1,490.5,11.6,12.9,12.9,14,12.3,7.2,7.2,7,6,5,7,5,6,7,74.2,68.6,67.6,78.2,75.4,partly cloudy,9:34,13.33,,
9-jul-19,PIL,C,3,p,491.1,477.9,12.6,12.5,12.6,12.6,10.7,8.6,7.4,2190,2193,2200,2277,2311,2354,,,,,,,cloudy,9:41,13.89,,
9-jul-19,PIL,C,3,r,502.7,502.4,11.8,11.8,11.8,11.8,10.5,7.7,7.3,8,7,8,6,5,7,6,100,100,100,100,100,cloudy,9:45,13.89,,
9-jul-19,PIL,C,4,p,485.5,471.6,12.8,12.8,14.1,11,13.7,8.2,9.4,2783,2900,2050,2019,2915,2898,2894,,,,,,cloudy,9:53,12.22,,
9-jul-19,PIL,C,4,r,485.1,487.2,13.5,11.9,11.9,11.9,13.3,9.4,8.2,11,8,10,9,8,11,10,100,100,100,76,84,cloudy,9:57,12.78,,
9-jul-19,PIL,C,5,p,480,463.1,11.1,12.2,10.3,9.1,9,8.1,9,3470,3559,3290,3122,3829,4104,3510,,,,,,cloudy,10:05,17.78,,
9-jul-19,PIL,C,5,r,484.2,483.9,7.6,7.6,7.6,7.5,8.7,8,8.1,10,8,10,7,9,8,10,100,82.8,73.7,100,70.5,cloudy,10:11,13.33,,
9-jul-19,PIL,B,1,p,486,471.7,16.1,12.8,16.1,16.1,16.1,9.3,6.6,2881,2980,2882,2977,2704,2800,,,,,,,cloudy,10:29,18.33,,
9-jul-19,PIL,B,1,r,485.2,485.5,15.3,15.2,15.2,15.9,15.9,6.8,9.3,10,8,10,8,9,9,10,100,100,100,100,100,cloudy,10:33,18.33,,
9-jul-19,PIL,B,2,p,474.3,454,16.5,15,23,13.6,16.8,8,8.2,4488,4589,4281,4346,4460,4798,5000,,,,,,cloudy,10:43,22.78,,
9-jul-19,PIL,B,2,r,481.2,481,14.4,14.4,15,13.6,12.4,8.1,7.8,10,7,9,10,8,7,6,100,100,100,100,100,cloudy,10:47,22.78,,
9-jul-19,PIL,B,3,p,477.8,463.8,13.8,17,13,11.3,11.2,7.7,7.7,4561,4510,4700,4860,4564,4634,4862,,,,,,partly cloudy,10:57,16.11,,
9-jul-19,PIL,B,3,r,482.3,481.3,12.6,17,13.9,15.3,15.3,7.7,9,12,10,11,10,12,9,10,100,100,100,100,100,partly cloudy,11:05,17.22,,
9-jul-19,PIL,B,4,p,474.3,459.5,11.3,13.7,15.9,12.9,10.5,9.4,8.1,4309,4354,4325,4644,4006,4505,4750,,,,,,partly cloudy,11:14,20.00,,
9-jul-19,PIL,B,4,r,480.3,479.3,13.5,13.4,11.1,9.4,13.5,9.6,8.1,20,17,19,17,20,15,14,100,100,100,100,100,partly cloudy,11:18,20.56,,
9-jul-19,PIL,B,5,p,477.2,469.2,10.2,10.3,12.5,9.9,12.1,8.5,8.2,3743,2923,2646,2468,2614,2581,2557,,,,,,cloudy,11:27,16.67,,
9-jul-19,PIL,B,5,r,481.2,482.2,13.1,11.7,9.8,11.5,10.4,8.5,8.3,10,10,8,9,7,10,7,100,100,100,100,100,cloudy,11:32,17.78,,
10-jul-19,ACJ,NB,1,p,510.4,491.7,15.9,15.9,15.9,14.7,17.6,5.6,6.5,3525,3526,3523,3518,3520,3520,3509,,,,,,sunny,9:13,20.00,,
10-jul-19,ACJ,NB,1,p1,498.7,482.7,17.5,15.5,12.4,15.7,10.9,6.7,5.7,2974,3002,3004,3013,3001,2986,2990,,,,,,sunny,9:17,19.44,,
10-jul-19,ACJ,NB,1,p2,509.4,491.5,16.2,12.7,13.8,12.5,17.5,6.8,5.7,2601,2616,2612,2605,2620,2606,2618,,,,,,sunny,9:21,18.33,,
10-jul-19,ACJ,NB,1,p3,493.7,481,15.3,15.2,15.1,12.4,15.3,5.8,6.9,2370,2391,2394,2401,2399,2401,2394,,,,,,sunny,9:25,20.00,,
10-jul-19,ACJ,NB,1,r,498.5,502.7,14.1,12.6,14.5,11,12.9,7,5.8,5,5,3,4,4,5,3,100,78.5,100,82,100,sunny,9:28,20.56,,
10-jul-19,ACJ,NB,2,p,500.2,490.4,13.1,13.1,16.6,13.1,10.4,5.7,6.8,3790,3617,3554,3738,3682,3627,3619,,,,,,sunny,9:38,20.56,,
10-jul-19,ACJ,NB,2,p1,502.1,492.1,15,16.1,16.1,18.9,15.4,5.7,6.9,3042,3025,3031,3044,3036,3032,3017,,,,,,sunny,9:42,18.33,,
10-jul-19,ACJ,NB,2,p2,499.6,488.5,15.2,16.6,16.6,18.5,15.1,5.8,7,2599,2610,2621,2646,2652,2679,2632,,,,,,sunny,9:47,18.33,,
10-jul-19,ACJ,NB,2,p3,496.1,487.6,18.1,18.1,18.1,18.1,15.4,5.8,7.1,2364,2341,2331,2349,2385,2368,2329,,,,,,sunny,9:51,17.78,,
10-jul-19,ACJ,NB,2,r,501,500,17,20.1,20.1,16.9,19,7.3,6.4,7,5,7,6,5,6,5,100,100,100,100,100,sunny,9:55,17.22,,
10-jul-19,ACJ,NB,3,p,496.7,484.4,17,18.6,20.5,20.5,18.1,7.3,7.5,3762,3692,3645,3727,3710,3718,3714,,,,,,sunny,10:05,20.56,,
10-jul-19,ACJ,NB,3,p1,497.2,486.2,16.2,19.2,18.2,18.1,18.1,8.1,7.3,3229,3184,3107,3162,3194,3177,3145,,,,,,sunny,10:09,17.22,,
10-jul-19,ACJ,NB,3,p2,497.4,483.4,13.4,15.1,15.1,18.1,15.9,7.4,8,2806,2788,2780,2760,2780,2765,2751,,,,,,sunny,10:13,18.33,,
10-jul-19,ACJ,NB,3,p3,496.3,487.9,15.7,19,18.9,17.1,17.2,8,7.4,2377,2376,2395,2379,2381,2415,2370,,,,,,sunny,10:17,20.00,,
10-jul-19,ACJ,NB,3,r,496.2,496,15,13.3,17.4,17.4,14.3,8.6,7.5,12,8,10,9,11,10,9,100,100,100,100,100,sunny,10:22,17.78,,
10-jul-19,ACJ,NB,4,p,493.6,481,11.7,11.4,11.7,11.7,11.7,7.1,8.2,3708,3666,3615,3648,3729,3711,3602,,,,,,sunny,10:55,15.56,,
10-jul-19,ACJ,NB,4,p1,499.4,484.8,13,13,14.4,14.4,12.7,7.4,8.1,3121,3093,3117,3148,3152,3133,3164,,,,,,sunny,10:59,15.56,,
10-jul-19,ACJ,NB,4,p2,496.9,485.5,14.3,15.4,15.3,12.9,15.6,8.2,7.4,2787,2771,2800,2819,2771,2741,2843,,,,,,sunny,11:03,16.11,,
10-jul-19,ACJ,NB,4,p3,496.1,482.1,12,12,18,12.1,15.1,8.3,7.5,2599,2559,2597,2574,2557,2554,2563,,,,,,sunny,11:07,12.78,,
10-jul-19,ACJ,NB,4,r,496,496.7,16.4,14.7,14.6,19.3,13.7,7.6,8.4,13,12,11,12,10,10,11,100,100,100,100,100,sunny,11:15,13.33,,
10-jul-19,ACJ,NB,5,p,491,470.8,15.3,17.7,16.3,17.2,18.8,7.7,7.8,4184,4209,4210,4164,4159,4125,4101,,,,,,sunny,10:31,16.11,,
10-jul-19,ACJ,NB,5,p1,495.5,473.5,18.1,17.4,15.5,14.1,14.1,7.3,7.6,3484,3434,3540,3572,3602,3560,3874,,,,,,sunny,10:35,13.89,,
10-jul-19,ACJ,NB,5,p2,589.4,471.5,10.9,14.9,13.3,13.3,14.5,7.3,7.6,3170,3100,3082,3126,3116,3128,3131,,,,,,sunny,10:38,15.00,,
10-jul-19,ACJ,NB,5,p3,491.4,471.9,10.2,10.2,10.4,14.6,12.2,7.7,7.3,2748,2752,2696,2726,2714,2720,2734,,,,,,sunny,10:42,15.00,,
10-jul-19,ACJ,NB,5,r,493.8,497,9.3,9.6,7.7,10.3,8.4,7.4,7.7,13,16,14,17,15,12,15,100,100,100,100,100,sunny,10:46,16.11,,
11-jul-19,QUE,B,1,p,465.3,457.6,21.9,23.1,24.3,21.3,26.5,8.2,8.1,4575,4523,4549,4557,4548,4561,4512,,,,,,sunny,10:17,22.22,,
11-jul-19,QUE,B,1,p1,468.5,459.1,19.5,24.6,22.3,22.3,24.6,9.1,8.4,4060,4057,4048,4045,4040,4035,4042,,,,,,sunny,11:20,20.00,,
11-jul-19,QUE,B,1,p2,464.2,455.4,16.3,17.6,19.5,17,20.4,9.1,8.2,3663,3663,3655,3649,3641,3648,3680,,,,,,sunny,10:24,20.00,,
11-jul-19,QUE,B,1,p3,467.1,459.5,17,17,21.2,15.8,22.1,8.9,9.3,3255,3250,3265,3252,3255,3262,3267,,,,,,sunny,10:27,21.11,,
11-jul-19,QUE,B,1,r,463.2,464.4,19,17.5,15.1,13.2,14.5,9.4,9.8,7,8,7,9,10,7,9,35,47.8,54.3,44.6,45,sunny,10:31,20.00,,
11-jul-19,QUE,B,2,p,465.9,456.4,18.8,16.9,22.6,22.4,22.4,8,7.7,4536,4557,4567,4565,4561,4609,4552,,,,,,sunny,10:38,20.56,,
11-jul-19,QUE,B,2,p1,465.3,458.1,19.6,15.1,17,20.4,20.2,8.1,8.8,4088,4108,4107,4095,4107,4099,4110,,,,,,sunny,10:41,20.00,,
11-jul-19,QUE,B,2,p2,467.5,457.9,17.5,12.7,18.9,18.9,18.8,8.2,9,3718,3725,3721,3713,3712,3723,3733,,,,,,sunny,10:45,20.56,,
11-jul-19,QUE,B,2,p3,463.5,457.7,21,18.9,22.5,22.3,18,8.4,9.2,3318,3312,3310,3329,3323,3316,3330,,,,,,sunny,10:48,19.44,,
11-jul-19,QUE,B,2,r,468.8,466.3,18.8,18.7,22,29.5,20.3,8.6,9.4,5,4,5,3,5,2,4,70.8,77.8,69.2,68.4,61.8,sunny,10:56,18.33,,
11-jul-19,QUE,B,3,p,464.4,461.7,21.1,19.5,23.6,23.6,21.9,6.2,10.4,4890,4917,4868,4972,4870,4902,4859,,,,,,sunny,11:06,15.56,,
11-jul-19,QUE,B,3,p1,466,463.1,19.7,19.7,23.5,19.8,21.3,6.6,10.2,4310,4299,4273,4301,4347,4316,4328,,,,,,sunny,11:10,15.56,,
11-jul-19,QUE,B,3,p2,466.5,462.1,17,17.1,17,21.1,20.1,6.2,10.7,3844,3869,3859,3861,3850,3826,3850,,,,,,sunny,11:13,16.11,,
11-jul-19,QUE,B,3,p3,469.5,466.4,20.9,14.4,16,14.7,20.1,10.2,6.2,3428,3413,3405,3432,3419,3427,3426,,,,,,sunny,11:16,16.67,,
11-jul-19,QUE,B,3,r,469.4,470.4,18.6,10.2,11.5,6.4,6.4,6.5,11,21,17,15,20,16,13,15,67.8,60,55.8,55.1,59.2,sunny,11:26,18.89,,
11-jul-19,QUE,B,4,p,467.7,463.3,13.4,7.5,12,11.3,13.5,8.6,9.2,4635,4670,4653,4641,4677,4666,4669,,,,,,sunny and strong windy,11:34,14.44,,
11-jul-19,QUE,B,4,p1,468,461.7,10.7,7.7,10.9,10.3,16,7.2,8,4211,4205,4159,4187,4177,4159,4194,,,,,,sunny,11:37,14.44,,
11-jul-19,QUE,B,4,p2,469.4,462.2,6.7,10.3,11.5,9.5,14.3,7.3,9.3,3747,3739,3745,3742,3716,3706,3746,,,,,,sunny,11:40,15.56,,
11-jul-19,QUE,B,4,p3,465.3,462.7,12.6,9.6,13.8,12.8,14.8,9.4,7.5,3336,3329,3346,3333,3331,3346,3356,,,,,,sunny,11:44,15.00,,
11-jul-19,QUE,B,4,r,469,466.4,11.7,11.6,11.6,11.7,13.2,7.6,9.5,10,15,14,18,1714,15,18,67.2,59.6,62.6,52.8,69,sunny,11:48,13.33,,
11-jul-19,QUE,B,5,p,462,457,9.1,9.1,9.1,15.1,16.6,12.7,11.8,4842,4556,4795,4837,4839,4858,4820,,,,,,sunny,11:57,16.67,,
11-jul-19,QUE,B,5,p1,463.9,456.9,24,25.4,21.3,17.5,17.5,12,13,4842,4856,4795,4837,4839,4858,4820,,,,,,sunny,12:28,21.11,,
11-jul-19,QUE,B,5,p2,463.3,457.8,15.3,22,17.6,17.6,17.7,12,13.2,3996,3922,3896,3888,3946,3929,3899,,,,,,sunny,12:32,18.89,,
11-jul-19,QUE,B,5,p3,461.4,457.9,18.7,20.9,24.9,19.5,27.3,12,13.2,3547,3507,3504,3507,3500,3546,,,,,,,sunny,12:35,19.44,,
11-jul-19,QUE,B,5,r,464.2,463,22.4,22.4,18.2,20,21.5,13,12,20,15,16,20,17,18,13,55.9,64,59.1,6.2,50.5,sunny,12:39,19.44,,
12-jul-19,ACJ,C,1,p,490.6,741.3,15.5,17,16.9,15.1,17.5,8.7,9.4,2565,2735,2937,3185,3995,3011,3871,,,,,,cloudy,9:51,13.33,,
12-jul-19,ACJ,C,1,r,495.2,495.7,17.1,15.7,15.7,14.2,14.1,8.8,9.5,4,5,4,5,4,2,2,100,100,100,75.4,100,cloudy,9:55,12.22,,
12-jul-19,ACJ,C,2,p,488.9,472.1,12.5,12.5,12.6,15,15,9.1,8.7,1681,1690,1710,1739,1770,1781,1827,,,,,,cloudy,10:04,15.00,,
12-jul-19,ACJ,C,2,r,496.1,500.1,13.4,13.3,13.7,13.7,12,9.1,8.7,7,6,9,7,8,7,9,100,100,84.8,100,74,cloudy,10:12,18.33,,
12-jul-19,ACJ,C,3,p,494.8,495.1,10.8,15.6,11.4,10.3,11.4,8.4,9.2,1261,1258,1294,1309,1332,1349,1338,,,,,,cloudy,10:51,10.00,,
12-jul-19,ACJ,C,3,p1,499.7,489.1,10.8,14.6,9.7,11.2,10.2,8.5,9.2,1339,1362,1363,1374,1384,1582,1607,,,,,,cloudy,10:55,9.44,,
12-jul-19,ACJ,C,3,p2,501.9,493.1,11.4,13.2,10.5,10.5,9.5,9.2,8.5,1204,1211,1206,1217,1183,1165,1130,,,,,,cloudy,10:58,10.00,,
12-jul-19,ACJ,C,3,p3,501.2,495.5,12,11.9,13.4,12.2,10.7,9.2,8.3,813,793,814,820,825,819,821,,,,,,cloudy,11:02,8.89,,
12-jul-19,ACJ,C,3,r,502.9,502.6,11.4,11.3,11.3,11.2,11.1,9.2,8.4,5,4,5,3,5,2,3,100,100,100,100,100,cloudy,11:06,8.89,,
12-jul-19,ACJ,C,4,p,492.4,486.5,11.4,11.4,17.1,15.2,12.7,9.6,7.4,1697,1687,1690,1667,1816,1752,1695,,,,,,cloudy,10:21,14.44,,
12-jul-19,ACJ,C,4,r,502.2,503.1,11.1,13.5,13,14.1,10,9.6,8.4,4,9,5,8,7,6,7,100,80.1,56,100,100,cloudy,10:25,13.33,,
12-jul-19,ACJ,C,5,p,490.6,481,14.1,11.4,10.3,10.3,10.3,9.8,9,1589,1575,1541,1554,1553,1595,1519,,,,,,cloudy,10:25,13.33,,
12-jul-19,ACJ,C,5,r,493.5,495.4,13.1,10.9,10.9,10.8,10.7,9.9,9,5,4,6,5,4,5,7,100,83.6,62.2,100,100,cloudy,10:42,10.56,,
13-jul-19,WAY,C,1,p,516.7,493.1,19.7,21.9,16.8,18,14.8,11.3,11.4,3512,3613,3359,3117,2779,2750,3160,,,,,,partly cloudy,9:14,17.78,,
13-jul-19,WAY,C,1,p1,512.3,491.4,15.8,18.4,13,13,16.2,11.3,11.5,2883,2791,2858,2944,3048,3100,3547,,,,,,partly cloudy,9:18,18.33,,
13-jul-19,WAY,C,1,p2,520,512.3,15.5,15.4,13.9,14.5,14,11.3,11.5,1582,1554,1448,1411,1374,1346,1452,,,,,,partly cloudy,9:22,15.00,,
13-jul-19,WAY,C,1,p3,511.1,503,14.9,16.9,10.9,10.9,16.7,11.7,11.4,1818,1953,2333,2420,2083,2105,1807,,,,,,partly cloudy,9:30,17.78,,
13-jul-19,WAY,C,1,r,515.7,519.6,12,12,9,9,7.8,11.5,11.3,7,5,6,7,4,6,5,72.4,59.6,70.9,37.2,54.2,partly cloudy,9:34,19.44,,
13-jul-19,WAY,C,2,p,518.9,496.8,20.1,14.3,16.3,12.8,11.5,10.8,10.1,4217,4231,4453,4429,4437,4426,4398,,,,,,partly cloudy,9:41,21.67,,
13-jul-19,WAY,C,2,p1,517.5,501.3,17.3,19.7,14.1,14.8,17.2,10.8,10.1,3696,3641,3645,3355,3645,3540,3566,,,,,,partly cloudy,9:44,21.11,,
13-jul-19,WAY,C,2,p2,536.1,514.8,18.2,16.4,14,14,18.5,10.2,10.8,3071,3101,3097,3129,3128,3128,3078,,,,,,partly cloudy,9:47,21.67,,
13-jul-19,WAY,C,2,p3,509.2,498.71,22.2,18.2,16.2,18.8,16.7,10.2,10.9,2808,2835,2845,2857,2864,2869,2878,,,,,,partly cloudy,9:50,21.67,,
13-jul-19,WAY,C,2,r,525.6,524.5,20.9,17.8,17.8,15.8,15.8,10.2,11.3,10,10,9,7,9,8,10,83.1,100,83.4,100,100,partly cloudy,9:54,20.00,,
13-jul-19,WAY,C,3,p,506.7,484.9,16.9,18.8,19.8,18.3,16.4,10.9,11.5,4264,4609,4686,4669,4644,4650,4651,,,,,,partly cloudy,10:01,21.67,,
13-jul-19,WAY,C,3,p1,513.9,490.1,21.8,18.9,18.9,22.6,19.4,11.5,10.9,4176,4198,4208,4194,4187,4162,4179,,,,,,partly cloudy,10:04,22.22,,
13-jul-19,WAY,C,3,p2,508.1,490.7,18,18,19.5,19.5,16.7,10.9,11.6,3552,3560,2558,3549,3523,3544,3539,,,,,,partly cloudy,10:07,22.22,,
13-jul-19,WAY,C,3,p3,506,492.4,20.3,20.3,18.4,26.6,21,11.4,11,3128,3124,3120,3128,3133,3134,3132,,,,,,partly cloudy,10:11,23.89,,
13-jul-19,WAY,C,3,r,504.7,511.3,20.5,20.6,20.6,20.8,18.2,11.8,11,13,12,10,11,14,13,10,79.8,52.5,63.2,51.9,71.3,partly cloudy,10:16,23.89,,
13-jul-19,WAY,C,4,p,508.5,497,23.1,17.6,24.6,20.6,19.9,13.3,13,3741,3755,4977,5247,5514,5666,,,,,,,partly cloudy,10:50,20.00,,
13-jul-19,WAY,C,4,r,505.6,509,25.1,22.4,20.6,20.6,22,13.1,13.4,7,6,7,5,6,5,6,100,80.9,82.4,78.8,100,partly cloudy,10:54,20.56,,
13-jul-19,WAY,C,5,p,505.5,490.8,27,27,25.2,31.3,22.6,11.4,12,4769,4847,4845,4862,4818,4819,4895,,,,,,partly cloudy,10:24,22.22,,
13-jul-19,WAY,C,5,p1,503.4,489.4,23,25.7,21.8,22.4,22.4,12.2,11.5,4365,4375,4351,4371,4335,4362,4295,,,,,,partly cloudy,10:27,20.00,,
13-jul-19,WAY,C,5,p2,512.8,498.2,23.1,19.8,15.8,26.2,15.9,11.5,12.3,3710,3690,3703,3676,3694,3601,3674,,,,,,partly cloudy,10:31,21.67,,
13-jul-19,WAY,C,5,p3,506.2,496.8,23.2,17.6,22.3,22.3,18.1,12.3,11.8,3020,3057,3071,3059,3011,3120,3113,,,,,,partly cloudy,10:34,20.00,,
13-jul-19,WAY,C,5,r,503.4,507.8,20.1,20.7,27.6,27.5,20.7,1.6,12.4,10,10,10,9,10,9,8,55.8,65.2,83,70.6,67.8,partly cloudy,10:39,21.67,,
13-jul-19,WAY,B,1,p,499.1,491.5,19.4,19.4,19.4,18,20.1,12.7,11.4,3901,3808,3502,3976,3842,3699,3750,,,,,,partly cloudy,11:39,20.56,,
13-jul-19,WAY,B,1,p1,503.4,490.4,23,19.2,21.3,21.2,22,12.1,11.3,3270,3266,3284,3294,3290,3316,3217,,,,,,partly cloudy,11:42,20.56,,
13-jul-19,WAY,B,1,p2,514.1,499,23.4,23.4,21.4,19.5,26.5,12.7,11.3,2974,3061,3025,2984,2945,2944,2945,,,,,,partly cloudy,11:47,21.67,,
13-jul-19,WAY,B,1,p3,506.2,493.2,21.4,18.7,18.7,16.1,16.1,12.1,11.3,2627,2649,2638,2627,2616,2602,2641,,,,,,partly cloudy,11:50,21.67,,
13-jul-19,WAY,B,1,r,509.5,517.5,20.6,18,20.4,16.6,18.7,11.3,12.8,4,5,6,4,6,5,4,79,71.2,100,75.4,78.8,partly cloudy,11:56,23.89,,
13-jul-19,WAY,B,2,p,513.1,495.7,22,19.5,18.9,16.6,20.7,14.1,12.6,4188,4198,4234,4221,4248,4399,4241,,,,,,partly cloudy,12:05,23.33,,
13-jul-19,WAY,B,2,p1,504.1,488.4,20.6,19,19.1,19.1,19.2,14.3,12.4,3739,3796,3772,3770,3784,3792,3809,,,,,,partly cloudy,12:12,21.67,,
13-jul-19,WAY,B,2,p2,503.5,496.8,19.6,19.6,19.4,13.6,14.9,14.4,12.7,3465,3461,3278,3409,3360,3344,3358,,,,,,partly cloudy,12:18,19.44,,
13-jul-19,WAY,B,2,p3,505.5,496.8,19.4,19.4,19.1,17.7,19.8,14.4,12.8,2593,1500,2090,2290,2032,2525,2720,,,,,,partly cloudy,12:21,20.00,,
13-jul-19,WAY,B,2,r,513.3,518.2,16.9,16.8,16.7,12.9,16.3,12.8,14.5,11,10,7,8,9,7,10,100,83,100,81.4,70.2,partly cloudy,12:26,19.44,,
13-jul-19,WAY,B,3,p,504.6,490.6,12.9,12.9,17.3,13.1,15.1,11.1,12.2,5323,5200,5124,3080,2360,4400,3700,,,,,,partly cloudy,12:34,20.00,,
13-jul-19,WAY,B,3,r,517.1,521.2,14,14,14.9,13.8,15,1.1,12.2,11,10,13,12,10,13,12,100,48.8,62.8,72.7,70,partly cloudy,12:39,16.67,,
13-jul-19,WAY,B,4,p,516.7,510.3,14.3,15.3,15.3,14.3,11,13.3,11.7,1982,1960,1933,1907,1887,1865,,,,,,,partly cloudy,12:54,17.22,,
13-jul-19,WAY,B,4,r,517.2,520,16.6,16.6,16.6,15.2,,15.2,11.7,13.4,16,12,11,15,14,12,100,83.6,100,100,83.4,partly cloudy,13:01,18.89,,
13-jul-19,WAY,B,5,p,506.5,489.2,20.6,17,24,16.5,22.5,15.4,14.6,3990,4070,4363,4626,6106,5577,5907,,,,,,partly cloudy,13:08,17.22,,
13-jul-19,WAY,B,5,r,510.4,513.2,20.4,14.3,19.8,22.2,16.5,15.5,14.6,4,5,4,6,7,11,8,54.2,67.2,82.2,50.6,52.2,partly cloudy,13:12,19.44,,
14-jul-19,TRE,B,1,p,480.2,462.8,15.9,15.9,12.9,12.8,12.6,9.2,8.7,3590,3587,3581,3578,3593,3584,3890,,,,,,partly cloudy,9:54,20.00,,
14-jul-19,TRE,B,1,p1,483.7,463.7,20.8,17.6,16.4,12.9,11.1,9.4,8.8,3511,3503,3532,3535,3540,3550,3562,,,,,,sunny,9:57,24.44,,
14-jul-19,TRE,B,1,p2,474.4,464.1,19.7,15.5,11.9,13.4,10,8.9,9.5,3231,3207,3216,3266,3190,3190,3176,,,,,,sunny,10:01,21.11,,
14-jul-19,TRE,B,1,p3,492.1,475.7,11.4,11.3,8.4,10.5,3.6,9.6,8.9,3234,3235,3244,3239,3244,3260,3264,,,,,,sunny,10:05,23.33,,
14-jul-19,TRE,B,1,r,489.8,490.4,7.7,7.8,5.1,5,4.8,9,9.7,2,1,2,3,2,1,3,83.1,84.7,100,100,100,partly cloudy,10:13,21.11,,
14-jul-19,TRE,B,3,p,511.4,506.1,11,11,11.1,11.1,14.2,9.8,9.1,1119,1172,1179,1184,1180,1188,1192,,,,,,cloudy,10:32,10.00,,
14-jul-19,TRE,B,3,r,489.3,494.3,10.8,10.7,11.5,11.3,11.3,9.2,9.9,7,10,8,7,9,9,8,68.4,82.6,72.6,72.7,68.3,cloudy,10:35,11.67,,
14-jul-19,TRE,B,4,p,488.3,482.7,13.8,13.8,12.9,12.8,15.5,11.7,9.9,1390,1404,1412,1417,1419,1430,1441,,,,,,cloudy,10:43,11.67,,
14-jul-19,TRE,B,4,r,485.5,487.7,12.8,12.7,12.6,12.6,10.9,10,11.8,7,6,7,5,4,6,7,73.4,65.2,80.8,65.4,100,cloudy,10:50,12.22,,
14-jul-19,TRE,B,5,p,487.3,480.9,9.7,12,10.9,10.8,13.6,11.6,10.3,1876,1721,1682,1637,1626,1622,1632,,,,,,cloudy,10:36,13.33,,
14-jul-19,TRE,B,5,r,498.1,499.9,13.2,13.2,13.1,13,13,10.4,11.7,5,4,5,3,4,7,5,54.7,65.8,61.7,74.1,69.8,cloudy,11:00,11.67,,
20-nov-19,ACJ,C,1,p,491,477,8.5,9.4,8.8,8.6,9.3,11,11.4,1105,1086,970,940,939,900,1000,,,,,,mist,12:16,55,,
20-nov-19,ACJ,C,1,r,494.2,494.1,10,8.5,7.5,8.8,8.8,11.5,11.2,4,3,4,2,1,4,3,100,100,100,100,100,mist,12:24,54,,
20-nov-19,ACJ,C,2,p,489.7,473.6,12.6,12.6,12.8,13.1,13.1,10,11.4,900,850,857,866,848,860,864,,,,,,fog,12:31,59,,
20-nov-19,ACJ,C,2,r,488,489.9,17.6,17.5,16.4,18.9,18,11.4,10,9,6,7,5,8,9,6,100,100,100,100,100,fog,12:35,56,,
20-nov-19,ACJ,C,3,p,491.1,480.1,18.6,20.7,20.3,19.5,18.9,12,11.5,3195,2711,2138,1181,,1114,1070,,,,,,fog,12:47,62,,
20-nov-19,ACJ,C,3,r,497.7,502.3,15.8,17.2,15.4,14.7,14.9,12,11.5,6,5,6,4,5,3,5,100,100,100,100,100,fog,12:30,55,,
20-nov-19,ACJ,C,4,p,506.9,493.1,11.7,11.9,12.1,12.7,12,12,11.1,1047,1035,1148,1200,1262,1858,2230,,,,,,cloudy,12:57,55,,
20-nov-19,ACJ,C,4,r,497.7,503.1,11.3,12.5,13.3,13.3,11.8,12,10.9,5,3,4,2,4,5,4,100,100,100,100,100,cloudy,13:03,56,,
20-nov-19,ACJ,C,5,p,497.1,436.1,12.8,13.6,14.2,12.7,14.9,13.1,11,2210,2510,2700,3188,3434,4110,3001,,,,,,mist,13:14,53,,
20-nov-19,ACJ,C,5,r,499.3,504.1,10.4,10.8,12.7,10.1,9.8,11,13.1,2,3,1,2,1,1,2,100,100,100,100,100,mist,13:18,61,,
21-nov-19,TRE,C,1,p,479.4,463,11.9,12.8,13.8,13,13.1,10.5,10.5,1997,1911,1851,1750,1660,1614,1567,,,,,,cloudy,9:32,58,,
21-nov-19,TRE,C,1,r,488.1,495.6,9.6,9.5,12.3,10.4,9.5,10.1,10.5,4,2,3,4,5,2,3,100,76.8,100,100,100,cloudy,9:35,,,
21-nov-19,TRE,C,2,p,481.9,464.1,10.6,11.1,11.9,11.6,11.7,10.1,10.4,2843,2774,2634,2462,2204,2216,2085,,,,,,cloudy,9:44,56,,
21-nov-19,TRE,C,2,r,488.2,496.1,11.8,11.4,12,10.9,11.2,10.4,10.2,1,2,1,3,2,1,2,100,100,100,100,83,cloudy,9:47,53,,
21-nov-19,TRE,C,3,p,472.7,440.1,17.4,19.8,21.3,17,18,11.2,10.8,3702,4359,7553,5155,4294,7440,7632,,,,,,"partly cloudy, cloudy",9:56,65,,
21-nov-19,TRE,C,3,r,482.3,491.1,19.8,13.8,14.2,16.5,16,11.2,10.8,5,4,5,3,4,5,4,100,100,70.2,82.4,100,"partly cloudy, cloudy",9:59,60,,
21-nov-19,TRE,C,4,p,475.3,464,22.3,20.5,24.5,19.5,16.7,10,10.1,3101,2935,3406,4106,4342,4326,4816,,,,,,"partly cloudy, cloudy",10:08,65,,
21-nov-19,TRE,C,4,r,477.7,485.5,17.1,17,14.7,13.3,13.2,10.2,10,5,4,5,3,5,4,3,100,100,100,100,100,"partly cloudy, cloudy",10:11,68,,
21-nov-19,TRE,C,5,p,489.8,470,12.7,14,12.7,16.2,13.3,11.1,10.4,2005,2166,2247,2439,2355,2230,2120,,,,,,cloudy,10:19,56,,
21-nov-19,TRE,C,5,r,493.2,492.2,12,15.3,15.8,13.6,14.4,11.1,10.4,6,7,5,6,4,5,6,100,100,100,62.4,100,cloudy,10:22,53,,
22-nov-19,QUE,B,1,p,464,435,14.8,14.5,16.8,14.2,17.7,11.2,9.9,4036,3900,3898,3877,3331,3816,3833,,,,,,"partly cloudy, cloudy",9:16,58,,
22-nov-19,QUE,B,1,r,479.1,473.4,17.6,17,19.7,12.1,15.4,11.5,10.1,9,8,7,9,6,8,7,47.6,65.6,68.9,74.5,79.4,"partly cloudy, cloudy",9:22,56,,
22-nov-19,QUE,B,2,p,466.9,,15.6,15.2,15,14.8,16.2,11.5,10,2545,3130,3237,3550,4277,3229,2940,,,,,,"partly cloudy, cloudy",9:29,57,,
22-nov-19,QUE,B,2,r,470,466,13.6,12.2,12.6,14.9,13.6,10.2,11.8,7,8,5,6,7,8,6,100,82.8,79.2,100,100,"partly cloudy, cloudy",9:34,53,,
22-nov-19,QUE,B,3,p,468.3,412,13.7,15.3,16.4,14.9,17.3,11.6,12.4,4700,5240,5566,5066,4469,4914,4527,,,,,,"partly cloudy, cloudy",9:49,52,,
22-nov-19,QUE,B,3,r,470,466.7,8.1,8.7,8.5,7.7,8.1,12.5,11.1,18,16,11,8,15,16,10,100,100,100,100,100,"cloudy, strong windy",9:54,50,,
22-nov-19,QUE,B,4,p,486.1,485.4,10.1,10.7,9.3,9.8,9.9,10.8,10.3,672,684,771,772,800,865,1025,,,,,,"cloudy, strong windy",12:57,45,,
22-nov-19,QUE,B,4,r,482.9,483.7,10.1,9.8,9.9,10.7,10.6,10.8,10,2,4,3,5,3,4,5,100,100,100,100,100,"cloudy, strong windy",13:00,45,,
22-nov-19,QUE,B,5,p,483.7,464.2,11,10.5,10.8,12.2,11.9,12.1,12.1,1156,1228,1264,1274,1219,1137,1092,,,,,,"cloudy, strong windy",13:06,47,,
22-nov-19,QUE,B,5,r,482.3,484.3,11.7,10.5,8.8,9.7,9.5,12.1,12.1,15,6,18,17,16,15,14,100,79.2,100,83.4,73.2,"cloudy, strong windy",13:08,47,,
23-nov-19,ACJ,NB,1,p,504.7,499.1,13.5,13.7,13.5,14.5,13.2,12,13.1,1452,1393,1402,1517,1691,1722,1617,,,,,,cloudy,9:40,51,,
23-nov-19,ACJ,NB,1,r,504,516.2,11.7,11.3,11.4,11.3,11.2,12,13.1,0,4,3,2,1,0,1,100,100,77.2,100,100,cloudy,9:43,53,,
23-nov-19,ACJ,NB,2,p,514.5,513.3,11.5,12.6,12.3,11.6,12.5,12,13,990,1012,1009,1000,976,960,916,,,,,,cloudy,9:55,50,,
23-nov-19,ACJ,NB,2,r,509.1,516.1,11.7,12.5,11.7,12,11.8,13,12.8,4,3,5,3,4,3,2,100,100,100,100,100,cloudy,9:58,50,,
23-nov-19,ACJ,NB,3,p,508.2,501.4,12.8,12.8,12.7,12.8,12.8,13.7,13,1414,1638,1626,1596,1441,1360,1312,,,,,,cloudy,10:08,52,,
23-nov-19,ACJ,NB,3,r,505,514,12,12.3,12.5,14.1,12.8,13.7,13,2,1,0,1,0,2,0,100,100,100,100,100,cloudy,10:11,53,,
23-nov-19,ACJ,NB,4,p,532.4,516.2,13.4,14.6,14.6,14.4,14.4,13.1,12.4,1659,1745,1741,2015,2149,2268,2370,,,,,,cloudy,10:20,55,,
23-nov-19,ACJ,NB,4,r,500.1,507,14.2,13.3,13.8,13.5,13,13.1,12.4,4,2,7,5,6,4,5,100,100,79.6,100,100,cloudy,10:25,59,,
23-nov-19,ACJ,NB,5,p,510.6,506.1,10.8,10.8,10.2,9.9,9.6,12.5,11.9,702,864,914,934,929,955,966,,,,,,cloudy,10:38,49,,
23-nov-19,ACJ,NB,5,r,519.3,527.6,10.2,9.5,9.3,9.4,9.2,11.9,12.5,5,4,6,5,4,5,5,100,100,100,100,100,cloudy,10:41,50,,
23-nov-19,ACJ,B,1,p,538.7,519.8,14.4,14.2,12.2,12.3,12,11.7,11.4,1680,1836,1987,2343,2446,2514,2747,,,,,,cloudy,11:11,50,,
23-nov-19,ACJ,B,1,r,537,551.2,13,12.7,10.4,10.5,10.5,11.9,11.6,7,5,8,7,6,4,7,100,100,100,100,100,cloudy,11:14,52,,
23-nov-19,ACJ,B,2,p,499.5,495.5,12.1,11.8,11.9,11.8,11.1,11.9,11.3,1930,1936,1839,1611,1542,1472,1442,,,,,,"cloudy, fog",11:33,,,
23-nov-19,ACJ,B,2,r,503.6,510.3,12,12.5,11.5,10.9,10.3,11.3,11.8,2,1,2,0,2,1,0,100,100,100,100,100,"cloudy, fog",11:30,53,,
23-nov-19,ACJ,B,3,p,510.5,504.7,10.5,9.8,10.6,11.5,9.5,11.3,11.3,858,884,919,948,1120,1540,1551,,,,,,"cloudy, fog",11:38,,,
23-nov-19,ACJ,B,3,r,509.7,513,10.6,10.5,10.6,10.5,10,11.4,11.3,5,4,5,2,4,5,1,100,100,100,100,100,"cloudy,fog",11:41,,,
23-nov-19,ACJ,B,4,p,496.7,492.1,11.5,11.1,9.9,9.7,8.7,11.3,11.4,2145,1902,1974,1945,2026,2187,2200,,,,,,cloudy,11:47,54,,
23-nov-19,ACJ,B,4,r,503.4,507.4,10.5,9.6,9.6,8.8,8.5,11.4,11.3,4,5,4,3,1,4,2,100,100,100,100,100,cloudy,11:53,,,
23-nov-19,ACJ,B,5,p,502.9,598.4,10.8,11.2,8.9,8.9,10.7,11.7,11.9,1827,1802,1761,1788,1760,1703,1640,100,100,100,100,100,cloudy,12:00,50,,
23-nov-19,ACJ,B,5,r,505.1,510.2,9.3,8.3,8.5,8,8.5,11.7,11.9,5,4,5,4,5,4,5,100,100,100,100,100,cloudy,12:00,50,,
24-nov-19,TRE,B,1,p,500,588.7,14.1,12.7,12.4,13.9,15.1,10.2,9.9,2371,2377,2262,2257,2459,2461,2370,,,,,,cloudy,9:28,57,,
24-nov-19,TRE,B,1,r,496.8,500.9,13.3,10.8,13.5,13.2,13.5,10.4,9.9,2,1,0,2,1,0,2,100,100,100,100,100,cloudy,9:35,58,,
24-nov-19,TRE,B,2,p,487.9,478.4,13.8,13.1,13.8,14,13.9,10.2,10.4,2476,2541,2506,2499,2506,2502,2500,,,,,,cloudy,9:42,60,,
24-nov-19,TRE,B,2,r,502.8,506.1,14.3,14.1,13.6,12.1,14.9,10.5,10.3,5,3,4,2,4,5,3,100,100,100,100,100,cloudy,9:46,61,,
24-nov-19,TRE,B,3,p,507.8,493.3,12.4,12.1,11.8,11.8,11.6,11.5,10.5,1981,1966,1843,1857,1874,1844,1707,,,,,,cloudy,9:52,56,,
24-nov-19,TRE,B,3,r,508.2,512.6,11.3,11.2,11.3,11.6,10.2,10.6,10.6,3,2,3,2,3,2,1,100,100,100,100,100,cloudy,9:56,52,,
24-nov-19,TRE,B,4,p,505.1,497.7,10.3,9.3,10,9.6,10.6,10.6,10.6,1279,1338,1345,1387,1406,1427,1451,,,,,,cloudy,10:03,51,,
24-nov-19,TRE,B,4,r,515.2,520.7,9.3,8.9,8.6,9.4,8.4,11.2,11.3,5,3,4,3,2,3,2,100,100,100,100,100,cloudy,10:06,53,,
24-nov-19,TRE,B,5,p,501.4,493.6,8.9,9.1,8,8.2,7.8,12,11.2,1902,1886,1872,1864,1852,1841,1891,,,,,,cloudy,10:13,54,,
24-nov-19,TRE,B,5,r,497.4,503.2,7.9,7.9,7.4,7.5,7.6,11.2,12,5,4,5,3,2,4,5,79.6,100,100,100,100,cloudy,10:16,54,,
25-nov-19,PIL,C,1,p,469.1,453.7,28.3,27.6,27.7,24.6,26.2,10.7,9.4,5596,5581,5570,4550,5420,5452,5412,,,,,,sunny,9:12,78,,
25-nov-19,PIL,C,1,r,480.2,483.2,27.4,25.9,24.1,20.8,20.5,9.4,10.7,5,4,3,4,5,3,2,100,100,100,100,100,sunny,9:15,78,,
25-nov-19,PIL,C,2,p,471.2,450,25.1,22.4,22.3,23,23,10.2,10.6,6281,5406,6061,6313,5691,6190,6900,,,,,,sunny,9:20,80,,
25-nov-19,PIL,C,2,r,483.9,491.4,9.2,10.4,12.1,9.1,13,10.4,10.7,6,4,5,3,5,6,4,100,100,100,100,100,sunny,9:39,53,,
25-nov-19,PIL,C,3,p,491.3,485.8,12.1,10.2,11,9.8,11.5,10.6,10.8,2221,2078,2078,1937,1878,1852,1820,,,,,,"partly cloudy, cloudy",9:47,59,,
25-nov-19,PIL,C,3,r,494.2,496.5,13.6,11,13.6,13.9,13,10.5,10.8,5,3,4,2,4,5,3,100,100,100,100,100,"partly cloudy, cloudy",9:50,53,,
25-nov-19,PIL,C,4,p,478.1,474.2,15.1,14.4,14.6,13.6,14.1,11.9,10.6,2148,2170,2150,2219,2221,2101,2052,,,,,,"partly cloudy, cloudy",9:57,61,,
25-nov-19,PIL,C,4,r,481.8,485.1,14.6,14.8,14.5,14.1,13.5,12,10.6,3,2,3,1,4,3,2,100,100,100,100,100,"partly cloudy, cloudy",10:00,57,,
25-nov-19,PIL,C,5,p,481.2,477.3,14.3,13.3,13.6,13.4,13.7,10.2,11.2,1548,1509,1536,1580,1534,1529,1512,,,,,,cloudy,10:06,59,,
25-nov-19,PIL,C,5,r,487.2,490,13.4,11.9,11.3,11.7,9.5,11.2,10.2,5,4,5,3,4,3,5,100,100,100,100,100,cloudy,10:09,54,,
25-nov-19,PIL,B,1,p,474.3,451.8,14.2,14.4,13.1,14,14.4,12.7,10.7,5292,5691,5490,5756,8567,8600,6188,,,,,,sunny,10:20,70,,
25-nov-19,PIL,B,1,r,479.1,485.7,12.4,11.7,13.1,11.6,11.1,12.7,10.8,5,4,5,3,4,2,3,100,100,100,100,100,"partly cloudy, cloudy",,65,,
25-nov-19,PIL,B,2,p,482.5,477.6,11.9,12.1,11.4,10.9,11,9.7,11.9,1752,1712,1681,1687,1678,1681,1671,,,,,,cloudy,10:28,62,,
25-nov-19,PIL,B,2,r,484.5,489.6,10.3,11.7,9.7,9.8,11.7,9.7,11.9,7,5,6,4,7,5,6,100,100,100,100,100,cloudy,10:31,57,,
25-nov-19,PIL,B,3,p,479.2,,11.9,10.5,11.9,10.9,11.9,11.2,11.7,2007,2100,2129,2101,2072,2112,2150,,,,,,cloudy,10:39,58,,
25-nov-19,PIL,B,3,r,485.2,488.7,12.9,12.6,13.1,12.2,12.6,11.3,11.7,11,10,11,8,9,10,11,100,100,100,100,100,cloudy,10:42,58,,
25-nov-19,PIL,B,4,p,486.6,487,7.7,8.7,8.3,7.8,8.3,12.5,12,718,720,719,725,726,730,737,,,,,,cloudy,11:06,50,,
25-nov-19,PIL,B,4,r,489.2,493.5,10.2,9.2,10.7,9.7,9.7,13,12.5,5,4,3,5,4,3,4,100,100,100,100,100,cloudy,10:55,53,,
25-nov-19,PIL,B,5,p,482.5,474.5,11.9,11.3,11.3,12.1,10.3,11.3,12,2255,2266,2331,2315,2315,2269,,,,,,,cloudy,11:41,53,,
25-nov-19,PIL,B,5,r,490,502.6,8.1,7.5,9.2,9.3,8.9,11.8,12,5,3,4,2,4,5,3,100,100,100,100,100,cloudy,11:15,51,,
26-nov-19,WAY,B,1,p,502,492.1,26.5,25,24.7,26.1,24.4,13.2,13.5,3607,3562,2715,2500,2571,2635,2670,,,,,,partly cloudy,8:42,74,,
26-nov-19,WAY,B,1,r,523.3,536.1,19.9,20.5,20.6,20,19.2,13.2,13.5,5,6,4,3,5,6,3,100,100,100,100,100,partly cloudy,8:45,72,,
26-nov-19,WAY,B,2,p,505,485,25.4,22.1,26,22.1,22.5,12.9,13.6,3707,3829,4307,4005,4419,4294,4910,,,,,,partly cloudy,8:53,78,,
26-nov-19,WAY,B,2,r,513.5,521.7,21.9,20.8,25.3,21.4,25.8,13.6,12.9,5,4,5,3,5,4,5,100,100,100,100,100,partly cloudy,8:56,80,,
26-nov-19,WAY,B,3,p,507.7,587.7,22.5,23,23.4,20.7,23.8,13.2,13.8,5012,5102,5234,5214,5192,5224,5236,,,,,,sunny,9:03,86,,
26-nov-19,WAY,B,3,r,512.4,524.4,19.2,18.3,23.2,21.2,27.2,13.9,13,5,4,5,3,4,2,4,100,100,78.7,77.5,84.5,sunny,9:06,73,,
26-nov-19,WAY,B,4,p,504.7,488.2,24.2,23.7,24.8,27.3,23.8,13.5,12.8,5053,5170,4750,5560,5562,5694,5712,,,,,,sunny,9:13,85,,
26-nov-19,WAY,B,4,r,520.4,523.3,24.4,18.4,22.1,22.2,23.1,13,13.5,2,3,2,1,2,1,2,100,100,100,100,100,sunny,9:16,86,,
26-nov-19,WAY,B,5,p,503.4,489.5,28.6,23.9,22.8,24.3,29,13.3,14.1,4690,4614,4655,4709,4660,4674,4726,,,,,,sunny,9:22,89,,
26-nov-19,WAY,B,5,r,514.4,522.1,21.6,24.5,28.8,25.8,25,14.1,13.3,5,4,3,5,2,4,3,81,100,100,75.8,79.8,sunny,9:25,82,,
26-nov-19,WAY,C,1,p,492.6,470.2,27.3,28.2,27.1,29.8,26.5,15.2,13.3,6411,5900,6458,5604,7700,6366,5604,,,,,,sunny,9:55,78,,
26-nov-19,WAY,C,1,r,501.6,512.1,21.7,21.1,23.4,21.9,22.1,11.2,15.3,10,9,6,8,10,8,6,100,100,72.7,82.6,100,sunny,9:59,80,soil is dry?,
26-nov-19,WAY,C,2,p,500,485.6,23.3,23.2,22.1,24.1,24.5,13.6,15.4,6621,5000,5886,4875,5616,3915,3860,,,,,,sunny,10:06,82,,
26-nov-19,WAY,C,2,r,507.8,512,20.9,19.2,21.1,21.3,24.4,16.2,15,14,13,12,14,11,8,5,100,100,100,100,100,sunyy,10:21,79,,
26-nov-19,WAY,C,3,p,501.6,479,23.5,22,20.7,20.1,20.4,13.4,13.6,4466,5052,4885,4800,4670,3779,3626,,,,,,partly cloudy,10:30,75,,
26-nov-19,WAY,C,3,r,514.6,525.5,21.6,24.2,19.8,17.7,16.2,13.9,13.7,12,14,8,6,13,10,12,100,100,70,100,100,partly cloudy,10:33,75,,
26-nov-19,WAY,C,4,p,493,488.2,18.7,19.9,18.9,19.7,18.6,16.8,16,5204,4178,4675,4490,4320,3646,3550,,,,,,cloudy,10:44,80,,
26-nov-19,WAY,C,4,r,505.8,512.1,18.7,19.9,18.9,19.7,18.6,16.8,16,10,9,11,10,9,8,11,100,100,100,100,100,cloudy,10:47,69,,
26-nov-19,WAY,C,5,p,503.9,490,18.1,19.5,18.3,15.4,12.4,17.5,15.6,2992,3038,3010,3177,3590,3602,3617,,,,,,cloudy,10:47,71,,
26-nov-19,WAY,C,5,r,510.3,520,18.6,19.5,20.3,17.8,19.8,15.6,17.5,12,11,12,10,11,12,10,73.8,74.2,100,100,77.2,cloudy,10:56,65,,
27-nov-19,QUE,B,1,p,471.4,463.1,15.7,23.5,24.5,16.9,12.7,12.7,12.6,4380,4795,4402,4537,4553,4244,4824,,,,,,sunny and windy,10:03,,,
27-nov-19,QUE,B,1,p1,473.6,464.3,19.5,21.2,23.1,13.6,17.4,12.7,12.8,3940,4212,3991,4007,4101,4226,3865,,,,,,sunny and windy,10:06,67,,
27-nov-19,QUE,B,1,p2,473,464.4,17.7,23.9,21.1,16.7,16,12.8,12.9,3922,3919,4165,4007,3969,3991,3900,,,,,,sunny and windy,10:11,67,,
27-nov-19,QUE,B,1,p3,470.6,464.1,16.1,16.9,20.1,12.9,17.6,13.7,13.3,3310,3200,3790,3900,3515,3316,3425,,,,,,sunny and windy,10:14,60,,
27-nov-19,QUE,B,1,r,474.2,476.3,17,15.4,20.4,14.4,14.6,13,12.9,18,13,16,10,11,15,18,48.8,69.8,67.4,65.5,59.2,sunny and windy,10:17,60,,
27-nov-19,QUE,B,2,p,476.5,472.6,15.7,22.7,22.5,14,14.7,12.4,13.5,2215,3115,2819,1814,1708,1864,2504,,,,,,cloudy and windy,10:47,61,,
27-nov-19,QUE,B,2,r,474.1,476.9,15.7,19.5,19.3,17.5,16.5,12.4,13.5,2,4,3,2,2,4,3,100,100,79.8,79.1,100,cloudy and windy,10:50,53,,
27-nov-19,QUE,B,3,p,475.5,474.1,14.9,16.3,13.9,11.1,13.8,13,13.8,2516,2470,2514,2539,2618,2674,2641,,,,,,cloudy and windy,10:57,64,,
27-nov-19,QUE,B,3,r,475.8,478.2,13.9,16.8,17.4,12.3,12.8,13.8,13.2,17,16,19,14,10,16,15,100,84,78.6,83,84.6,cloudy and windy,11:00,55,,
27-nov-19,QUE,B,4,p,471.1,464.2,20.6,19.4,12.3,15.5,16.4,13,12.6,4150,6556,6467,5187,3690,3176,3101,,,,,,partly cloudy and windy,11:06,63,,
27-nov-19,QUE,B,4,r,472,473.5,15.3,19.6,24.7,27.2,18.8,12.7,13.1,13,15,12,9,16,14,13,100,81.7,100,100,73.8,partly cloudy and windy,11:09,63,,
27-nov-19,QUE,B,5,p,470.1,461.9,21.3,26,21.5,22.6,20.1,12.8,14.8,3165,7014,4600,4052,4700,3777,7160,,,,,,partly cloudy and windy,11:15,61,,
27-nov-19,QUE,B,5,p1,469.4,460.2,22.3,19.9,23.7,22,19.6,12.8,14.9,6242,5196,5590,4973,4291,4800,4711,,,,,,partly cloudy and windy,11:19,65,,
27-nov-19,QUE,B,5,p2,472.7,460.6,23.3,23.2,14.1,20.5,24.8,14.9,13,3925,3237,3565,2582,2466,3178,3905,,,,,,partly cloudy and windy,11:21,62,,
27-nov-19,QUE,B,5,p3,473.9,462.9,22.5,19.6,18.3,18.8,20.5,13,15,2417,2734,3044,2622,2899,3528,4236,,,,,,cloudy and windy,11:24,68,,
27-nov-19,QUE,B,5,r,471.8,473.3,17.6,16.4,15.7,17.7,18,13,15,2,3,1,2,3,0,1,76.8,77.3,83.4,75,79.1,cloudy and windy,11:28,62,,