year,month,day,site,treatment,plot_id,collar_position,t_start,t_finish,date,time,t_start_recording,t_finish_recording,collar_heigth_ave,t_ave,p_ave,w_ave,linear_model,linear_model_rsqd,linear_model_aic
2018,March,15,ACJ,B,1,A,10,80,2018-03-15,15:24,15:24:46,15:25:57,0.08225,39.35930693,59.59267327,25.3629703,-0.862896271,0.994932201,154.5609407
2018,March,15,ACJ,B,1,B,10,80,2018-03-15,15:27,15:27:41,15:28:52,0.08,46.70807339,60.98770642,25.04669725,-2.045947283,0.994580377,287.6264515
2018,March,15,ACJ,B,2,A,10,80,2018-03-15,15:30,15:30:59,15:32:10,0.07225,51.05178947,61.23726316,27.658,-2.203311249,0.989609348,361.1917441
2018,March,15,ACJ,B,2,B,10,80,2018-03-15,15:33,15:33:15,15:34:26,0.0695,51.00684783,61.26891304,27.79586957,-1.645737747,0.997186665,230.7934007
2018,March,15,ACJ,B,3,A,10,80,2018-03-15,15:39,15:39:39,15:40:50,0.069,51.00946809,61.54712766,28.08531915,-1.162749144,0.997483481,174.2903469
2018,March,15,ACJ,B,3,B,10,80,2018-03-15,15:35,15:36:02,15:37:13,0.074,51.00921348,61.45292135,26.88325843,-1.068888982,0.996797813,168.296431
2018,March,15,ACJ,B,4,A,10,80,2018-03-15,15:42,15:42:09,15:43:20,0.0835,51.01072917,61.950625,28.2346875,-0.988975398,0.99442066,179.9535006
2018,March,15,ACJ,B,4,B,10,80,2018-03-15,15:44,15:44:40,15:45:51,0.07375,51.01233645,61.93981308,27.63869159,-1.01273573,0.997788751,135.6750179
2018,March,15,ACJ,B,5,A,10,80,2018-03-15,15:48,15:48:11,15:49:22,0.09075,51.01156627,61.08,24.80445783,-1.354551162,0.996517268,181.9418622
2018,March,15,ACJ,B,5,B,10,80,2018-03-15,15:50,15:50:18,15:51:29,0.08,51.01416667,61.65885417,27.70614583,-1.781284822,0.997901953,201.7833661
2018,March,18,ACJ,C,1,A,10,74,2018-03-18,16:05,16:05:30,16:06:35,0.0753,51.02337838,59.88283784,20.47175676,-0.852510925,0.992221191,173.9639685
2018,March,18,ACJ,C,1,B,10,67,2018-03-18,16:03,16:03:49,16:04:47,0.071,51.02238806,59.87328358,20.39701493,-0.701831205,0.987440178,153.9058166
2018,March,18,ACJ,C,2,A,10,68,2018-03-18,16:01,16:01:33,16:02:32,0.069,51.0225,59.95735294,20.30588235,-0.587451392,0.991888567,115.1678367
2018,March,18,ACJ,C,2,B,10,74,2018-03-18,15:59,15:59:55,16:01:00,0.0677,51.02148649,59.94959459,19.55108108,-0.573660425,0.989756566,154.334976
2018,March,18,ACJ,C,3,A,10,78,2018-03-18,15:57,15:57:14,15:58:23,0.064,51.02064103,60.0125641,20.33166667,-0.509122465,0.994175392,120.9732577
2018,March,18,ACJ,C,3,B,10,64,2018-03-18,15:54,15:54:56,15:55:50,0.076,51.020625,60.05578125,18.65390625,-0.765559124,0.99250374,112.2249665
2018,March,18,ACJ,C,4,A,10,65,2018-03-18,15:52,15:52:49,15:53:45,0.0747,51.01892308,60.01492308,17.83292308,-0.571169422,0.992085328,89.66816055
2018,March,18,ACJ,C,4,B,10,63,2018-03-18,15:51,15:51:27,15:52:20,0.076,51.01809524,60.00301587,18.03698413,-0.477561691,0.986195585,90.68668659
2018,March,18,ACJ,C,5,A,10,72,2018-03-18,15:45,15:46:08,15:47:11,0.06925,51.01625,59.07958333,18.09791667,-0.436742505,0.990287476,106.8306578
2018,March,18,ACJ,C,5,B,10,64,2018-03-18,15:47,15:48:03,15:48:58,0.07225,51.0184375,59.0871875,17.49828125,-0.527430074,0.985810779,116.8807536
2018,March,14,PIL,BB,1,A,10,80,2018-03-14,16:58,16:58:31,16:59:42,0.07375,51.01761062,58.05646018,19.0139823,-0.590977837,0.825355331,388.8851043
2018,March,14,PIL,BB,1,B,10,80,2018-03-14,17:01,17:01:34,17:02:45,0.07925,51.02008929,58.40214286,19.14875,-1.000809202,0.996692511,160.0247606
2018,March,14,PIL,BB,2,A,10,80,2018-03-14,17:06,17:06:10,17:07:21,0.09,51.0212381,58.53514286,17.9647619,-1.169232739,0.994755926,194.9935986
2018,March,14,PIL,BB,2,B,10,80,2018-03-14,17:09,17:09:54,17:11:05,0.083,51.02168142,58.48053097,18.19761062,-1.098747225,0.99264636,223.5005479
2018,March,14,PIL,BB,3,A,10,80,2018-03-14,17:13,17:13:21,17:14:32,0.09,51.02045455,58.46254545,17.80336364,-1.357541331,0.996771618,183.117795
2018,March,14,PIL,BB,3,B,10,80,2018-03-14,17:16,17:16:21,17:17:32,0.07525,51.02025862,59.12396552,18.27560345,-0.70664301,0.986369895,217.4614712
2018,March,14,PIL,B,1,A,20,90,2018-03-14,15:03,15:04:02,15:05:13,0.08875,51.00818898,57.74937008,20.77913386,-0.263987469,0.877134597,219.8768376
2018,March,14,PIL,B,1,B,10,80,2018-03-14,14:58,14:58:48,14:59:59,0.08125,45.6352459,57.61721311,21.20696721,-0.275738968,0.965575845,141.8151127
2018,March,14,PIL,B,2,A,10,80,2018-03-14,15:08,15:09:07,15:10:18,0.0825,51.01241071,56.6075,20.943125,-0.568721529,0.985603805,183.183028
2018,March,14,PIL,B,2,B,10,80,2018-03-14,15:12,15:12:27,15:13:38,0.08525,51.01612903,56.38201613,22.0075,-0.528747088,0.947907874,263.8504038
2018,March,14,PIL,B,3,A,10,80,2018-03-14,15:16,15:16:55,15:18:06,0.08325,51.01944444,55.94333333,22.11873016,-0.56756298,0.971678863,232.5100121
2018,March,14,PIL,B,3,B,10,80,2018-03-14,15:20,15:20:09,15:21:20,0.083,51.01919118,55.77580882,22.85389706,-0.398964708,0.949174357,224.8404934
2018,March,14,PIL,B,4,A,10,80,2018-03-14,15:27,15:27:41,15:28:52,0.07675,51.01982609,55.95304348,25.13756522,-0.2773786,0.860545102,263.8490568
2018,March,14,PIL,B,4,B,10,80,2018-03-14,15:30,15:31:05,15:32:16,0.07425,51.02070064,56.77598726,25.54694268,-0.419123887,0.976601418,190.9782651
2018,March,14,PIL,B,5,A,10,80,2018-03-14,15:35,15:35:23,15:36:34,0.07,51.023,56.19238462,24.56284615,-0.621456081,0.972797566,266.3860902
2018,March,14,PIL,B,5,B,10,80,2018-03-14,15:38,15:38:36,15:39:47,0.05975,51.02410256,56.20213675,23.74991453,-1.063413921,0.996629051,216.1902708
2018,March,14,PIL,C,1,A,10,80,2018-03-14,18:46,18:46:48,18:47:58,0.077,51.0212,60.37946667,18.82066667,-0.876356849,0.991389454,205.9131381
2018,March,14,PIL,C,1,B,10,80,2018-03-14,18:49,18:49:47,18:50:58,0.06875,51.02074766,60.26925234,19.48084112,-0.729521786,0.99210649,193.0466184
2018,March,14,PIL,C,2,A,10,80,2018-03-14,18:35,18:35:50,18:37:01,0.0875,51.01992593,60.3662963,18.11244444,-0.894081075,0.988473074,212.2441083
2018,March,14,PIL,C,2,B,10,80,2018-03-14,18:43,18:43:45,18:44:56,0.08675,51.02040816,60.33918367,17.58673469,-0.73990246,0.992415492,156.7184696
2018,March,14,PIL,C,3,A,10,80,2018-03-14,18:30,18:30:23,18:31:34,0.08575,51.01956044,60.38274725,16.58450549,-1.011351255,0.996867615,139.2485054
2018,March,14,PIL,C,3,B,10,80,2018-03-14,18:32,18:32:58,18:34:08,0.0925,51.01990196,60.33068627,17.39490196,-1.167837399,0.991253011,221.6771571
2018,March,14,PIL,C,4,A,10,80,2018-03-14,18:20,18:20:59,18:22:11,0.077,51.01723577,60.36943089,17.96138211,-2.116458209,0.998540863,207.002243
2018,March,14,PIL,C,4,B,10,80,2018-03-14,18:23,18:23:39,18:24:50,0.0765,51.01774194,60.57903226,18.21177419,-1.467668379,0.99690583,208.9993737
2018,March,14,PIL,C,5,A,10,80,2018-03-14,18:15,18:15:16,18:16:26,0.0705,51.01086022,59.79075269,18.77236559,-0.621030001,0.982519066,221.8272351
2018,March,14,PIL,C,5,B,10,80,2018-03-14,18:17,18:17:59,18:19:10,0.07475,51.01745455,60.53963636,18.56436364,-0.86465291,0.992262667,203.0781615
2018,March,17,QUE,B,1,A,10,80,2018-03-17,18:32,18:32:55,18:34:06,0.06655,51.02363636,59.145,19.73352273,-1.751649917,0.995982088,276.4342913
2018,March,17,QUE,B,1,B,10,80,2018-03-17,18:34,18:34:54,18:36:05,0.0645,51.02351064,59.05617021,20.26457447,-2.123343451,0.998735906,226.2942004
2018,March,17,QUE,B,2,A,10,80,2018-03-17,18:29,18:29:30,18:30:41,0.071,51.02435294,59.03247059,19.99635294,-1.744610738,0.998970321,169.1518816
2018,March,17,QUE,B,2,B,10,80,2018-03-17,18:26,18:26:48,18:27:59,0.067,51.02267327,58.97227723,21.31910891,-1.69035432,0.99920487,155.8973207
2018,March,17,QUE,B,3,A,10,80,2018-03-17,18:20,18:20:31,18:21:42,0.066,51.02367816,58.57816092,19.33942529,-0.548309764,0.990715501,173.9639982
2018,March,17,QUE,B,3,B,10,80,2018-03-17,18:22,18:22:50,18:24:01,0.0695,51.02126316,58.56294737,19.24442105,-0.935305182,0.996587628,170.9996666
2018,March,17,QUE,B,4,A,10,80,2018-03-17,18:17,18:17:19,18:18:30,0.0655,51.02303371,58.87280899,20.67426966,-1.237222575,0.999011084,129.4126609
2018,March,17,QUE,B,4,B,10,80,2018-03-17,18:14,18:14:31,18:15:42,0.063,51.02079208,59.05475248,20.12881188,-1.1624613,0.998491909,156.6456895
2018,March,17,QUE,B,5,A,10,80,2018-03-17,18:08,18:09:08,18:10:19,0.08125,51.01619565,58.74391304,18.70891304,-0.784399034,0.958663567,300.3576298
2018,March,17,QUE,B,5,B,10,80,2018-03-17,18:11,18:11:33,18:12:44,0.0735,51.02,58.81711111,19.57211111,-1.353688819,0.994116845,253.8340337
2018,March,16,TRE,C,1,A,10,80,2018-03-16,17:46,17:46:34,17:47:45,0.07375,51.02031915,60.4843617,17.83531915,-0.919356849,0.997102143,142.7209894
2018,March,16,TRE,C,1,B,10,80,2018-03-16,17:44,17:44:14,17:45:25,0.0675,51.01912088,60.58604396,19.48615385,-0.986701824,0.997205832,163.412326
2018,March,16,TRE,C,2,A,10,80,2018-03-16,17:39,17:39:21,17:40:32,0.063,51.01602273,60.86181818,17.92,-1.070698044,0.995451734,218.2488642
2018,March,16,TRE,C,2,B,10,80,2018-03-16,17:41,17:41:30,17:42:41,0.057,51.01747368,60.43,19.88463158,-1.046684662,0.998338633,156.8912743
2018,March,16,TRE,C,3,A,10,80,2018-03-16,17:34,17:34:45,17:35:56,0.06875,51.01455446,60.52386139,18.53386139,-1.598490991,0.997703764,215.5591156
2018,March,16,TRE,C,3,B,10,80,2018-03-16,17:36,17:36:59,17:38:10,0.0715,51.01670588,60.57070588,18.52964706,-2.047006593,0.992380245,328.9949777
2018,March,16,TRE,C,4,A,10,80,2018-03-16,17:28,17:29:03,17:30:14,0.07125,51.01202247,59.27258427,19.49235955,-0.964498393,0.997790037,137.8211002
2018,March,16,TRE,C,4,B,10,80,2018-03-16,17:31,17:31:50,17:33:01,0.0725,51.01290323,59.32376344,19.47774194,-0.882703376,0.992404724,212.0372549
2018,March,16,TRE,C,5,A,10,80,2018-03-16,17:24,17:24:40,17:25:51,0.07525,51.0047561,59.2004878,18.89268293,-0.706574361,0.995251197,141.6444446
2018,March,16,TRE,C,5,B,10,80,2018-03-16,17:26,17:26:33,17:27:44,0.06375,51.01183908,59.22850575,19.28689655,-1.028808504,0.99480342,223.1359549
2018,March,12,WAY,B,1,A,10,80,2018-03-12,21:13,21:13:14,21:14:25,0.0735,51.01858696,61.1151087,25.12315217,-1.586614304,0.997734326,201.962682
2018,March,12,WAY,B,1,B,10,80,2018-03-12,21:15,21:15:36,21:16:47,0.083,51.01957895,61.12031579,24.78663158,-1.068616177,0.992859234,209.9552092
2018,March,12,WAY,B,2,A,10,76,2018-03-12,21:10,21:10:53,21:12:00,0.073,51.01776316,61.05473684,25.16368421,-0.601969819,0.989374472,159.070406
2018,March,12,WAY,B,2,B,10,80,2018-03-12,21:07,21:07:12,21:08:23,0.0835,51.01933824,61.08683824,25.04948529,-0.572883371,0.953894903,257.2562774
2018,March,12,WAY,B,3,A,10,80,2018-03-12,21:18,21:18:37,21:19:48,0.082,51.01645833,60.95510417,23.34520833,-1.100048346,0.993705165,208.7777549
2018,March,12,WAY,B,3,B,10,80,2018-03-12,21:20,21:21:04,21:22:15,0.07425,51.01763158,61.01298246,23.45736842,-1.14901233,0.99531526,207.0327909
2018,March,12,WAY,B,4,A,10,80,2018-03-12,21:23,21:23:54,21:25:05,0.08575,51.01788136,61.14279661,24.11983051,-0.990685626,0.986186763,242.030303
2018,March,12,WAY,B,4,B,10,80,2018-03-12,21:26,21:26:51,21:28:02,0.063,51.0175,60.99616071,23.62160714,-0.569216157,0.991475428,174.5993572
2018,March,12,WAY,B,5,A,10,80,2018-03-12,21:39,21:39:24,21:40:35,0.08625,51.0212,61.00115556,22.1208,-1.711656214,0.996138,227.5569834
2018,March,12,WAY,B,5,B,10,80,2018-03-12,21:43,21:43:37,21:44:48,0.0755,51.02079208,61.03524752,21.96752475,-0.755707043,0.995109595,149.0457796
2018,March,12,WAY,C,1,A,10,80,2018-03-12,22:11,22:11:32,22:12:43,0.08225,51.0181,58.5934,23.7943,-2.197356027,0.997942766,232.4406619
2018,March,12,WAY,C,1,B,10,80,2018-03-12,22:13,22:14:03,22:15:14,0.07725,51.01670103,58.45865979,23.64649485,-1.782932669,0.998860191,169.067953
2018,March,12,WAY,C,2,A,10,80,2018-03-12,22:16,22:16:46,22:17:57,0.08125,51.01875,58.87658333,22.953,-0.921971175,0.993846208,186.1315918
2018,March,12,WAY,C,2,B,10,80,2018-03-12,22:19,22:19:37,22:20:48,0.08175,51.01897436,58.54188034,23.25846154,-1.352935201,0.993533212,246.6067693
2018,March,12,WAY,C,3,A,10,80,2018-03-12,22:22,22:22:45,22:23:56,0.08025,51.0187619,58.22619048,21.8507619,-1.384087094,0.996601833,206.0510074
2018,March,12,WAY,C,3,B,10,80,2018-03-12,22:26,22:26:10,22:27:21,0.0855,51.0196319,59.05429448,22.26331288,-1.016467881,0.994287753,189.2598648
2018,March,12,WAY,C,4,A,10,80,2018-03-12,22:29,22:29:12,22:30:23,0.08675,51.01866667,59.45590476,21.83295238,-1.07226582,0.988326787,242.8748112
2018,March,12,WAY,C,4,B,10,80,2018-03-12,22:31,22:31:47,22:32:58,0.0765,51.01886957,58.99426087,21.28391304,-1.149324071,0.99607287,193.5628839
2018,March,12,WAY,C,5,A,10,80,2018-03-12,22:34,22:34:26,22:35:37,0.08425,51.01923077,58.73355769,21.29990385,-0.691895789,0.992275177,158.0878752
2018,March,12,WAY,C,5,B,10,80,2018-03-12,22:37,22:37:13,22:38:24,0.08675,51.02036364,59.03945455,21.272,-0.909390263,0.985597909,236.1742374
2019,July,07,ACJ,B,1,A,10,80,2019-07-07,12:56,12:57:04,12:58:14,0.05775,51.02893443,67.19557377,17.75557377,-0.547704608,0.991229669,165.9968629
2019,July,07,ACJ,B,1,B,10,80,2019-07-07,13:00,13:01:03,13:02:13,0.0625,51.03371901,67.17231405,17.57545455,-0.66463891,0.990385959,188.8578726
2019,July,07,ACJ,B,2,A,10,80,2019-07-07,13:04,13:04:20,13:05:30,0.0575,51.02721311,67.19647541,17.66106557,-0.357407249,0.982245367,156.7032131
2019,July,07,ACJ,B,2,B,10,80,2019-07-07,13:06,13:07:04,13:08:15,0.061,51.02909836,67.37032787,16.88508197,-0.255543527,0.94987664,179.2404783
2019,July,07,ACJ,B,3,A,10,80,2019-07-07,13:12,13:12:32,13:13:43,0.05375,51.0745,67.19883333,16.83133333,-0.903260611,0.986279926,281.0326188
2019,July,07,ACJ,B,3,B,10,80,2019-07-07,13:15,13:15:25,13:16:35,0.05925,51.03725,67.19058333,16.455,-0.673393108,0.991765526,187.0035869
2019,July,07,ACJ,B,4,A,10,80,2019-07-07,13:18,13:18:24,13:19:35,0.0575,51.03639344,67.19008197,17.00581967,-0.320484511,0.975121915,166.9447447
2019,July,07,ACJ,B,4,B,10,80,2019-07-07,13:21,13:21:17,13:22:27,0.0585,51.03747899,67.19487395,17.5910084,-0.347235318,0.975136469,174.5780129
2019,July,07,ACJ,B,5,A,10,80,2019-07-07,13:24,13:24:09,13:25:20,0.063,51.03725,67.18191667,17.87491667,-0.630738163,0.990834107,179.5680655
2019,July,07,ACJ,B,5,B,10,80,2019-07-07,13:26,13:26:59,13:28:09,0.0585,51.03858268,67.20645669,17.35015748,-0.370980815,0.977650568,176.1606767
2019,April,10,ACJ,B,1,A,10,80,2019-04-10,12:50,12:50:14,12:51:25,0.05725,51.04798387,66.91782258,39.94048387,-1.770791144,0.998931443,188.3316488
2019,April,10,ACJ,B,1,B,10,80,2019-04-10,12:52,12:52:48,12:53:59,0.058,51.05007752,67.01062016,35.50178295,-2.189535384,0.998767602,226.4811321
2019,April,10,ACJ,B,2,A,10,80,2019-04-10,12:44,12:44:25,12:45:35,0.05475,51.04713115,66.98918033,30.81442623,-1.995337469,0.999220125,187.1097373
2019,April,10,ACJ,B,2,B,10,80,2019-04-10,12:46,12:47:08,12:48:18,0.0595,51.04565574,66.93819672,38.53057377,-1.971960937,0.999354245,161.456404
2019,April,10,ACJ,B,3,A,10,80,2019-04-10,12:38,12:38:20,12:39:31,0.05325,51.04757813,67.00140625,33.11429688,-2.261273809,0.999286654,204.6979195
2019,April,10,ACJ,B,3,B,10,80,2019-04-10,12:40,12:41:01,12:42:12,0.059,51.04434426,67.01295082,34.80131148,-1.290720576,0.99816618,178.0456941
2019,April,10,ACJ,B,4,A,10,80,2019-04-10,12:32,12:32:17,12:33:28,0.05575,51.04860656,66.9504918,29.49303279,-1.721355142,0.998804616,194.743466
2019,April,10,ACJ,B,4,B,10,80,2019-04-10,12:34,12:34:54,12:36:05,0.05825,51.04942623,66.9645082,26.02721311,-0.794064708,0.996886706,148.227423
2019,April,10,ACJ,B,5,A,20,80,2019-04-10,12:17,12:17:44,12:18:45,0.057,51.10062016,66.98565891,34.64178295,-3.605645535,0.997525933,282.9010004
2019,April,10,ACJ,B,5,B,10,80,2019-04-10,12:20,12:20:35,12:21:46,0.059,51.04590164,66.97032787,32.45942623,-1.679879119,0.999271938,148.6593738
2019,November,23,ACJ,B,1,A,10,80,2019-11-23,14:02,14:02:38,14:03:48,0.0605,51.03663934,66.83483607,17.55565574,-0.530540849,0.991694485,151.7091355
2019,November,23,ACJ,B,1,B,10,80,2019-11-23,14:05,14:05:13,14:06:23,0.061,51.03775,66.837,17.41975,-0.751182483,0.995210467,160.5615493
2019,November,23,ACJ,B,2,A,10,80,2019-11-23,14:07,14:08:07,14:09:18,0.05625,51.03834711,66.8338843,16.98,-0.808964943,0.996637657,159.5011264
2019,November,23,ACJ,B,2,B,10,80,2019-11-23,14:10,14:10:46,14:11:56,0.05825,51.03658333,66.82158333,17.20833333,-0.539056538,0.988882149,180.2374408
2019,November,23,ACJ,B,3,A,10,80,2019-11-23,14:13,14:13:36,14:14:47,0.05375,51.03701613,66.82129032,17.42032258,-0.442607569,0.986959296,177.5029785
2019,November,23,ACJ,B,3,B,10,80,2019-11-23,14:15,14:16:07,14:17:17,0.061,51.0375,66.81858333,17.14033333,-0.697028001,0.994032292,165.6344504
2019,November,23,ACJ,B,4,A,10,80,2019-11-23,14:18,14:18:49,14:19:59,0.05625,51.03619835,66.81743802,17.09909091,-0.592405148,0.993414892,161.0817554
2019,November,23,ACJ,B,4,B,10,80,2019-11-23,14:21,14:21:24,14:22:34,0.0595,51.03606557,66.79885246,17.90901639,-0.587744201,0.991805741,167.7777616
2019,November,23,ACJ,B,5,A,10,80,2019-11-23,14:24,14:24:14,14:25:25,0.06375,51.03512397,66.87280992,17.84595041,-0.970508006,0.994855019,197.6699372
2019,November,23,ACJ,B,5,B,10,80,2019-11-23,14:27,14:27:09,14:28:20,0.05925,51.03566667,66.92133333,16.84783333,-1.495175095,0.998159079,195.8776612
2019,April,10,ACJ,C,1,A,10,80,2019-04-10,14:30,14:30:24,14:31:35,0.05975,51.1254918,66.58967213,34.89778689,-3.563230272,0.999252511,257.7758229
2019,April,10,ACJ,C,1,B,10,80,2019-04-10,14:26,14:26:33,14:27:43,0.06375,51.28430894,66.61292683,37.74357724,-2.524379339,0.998836807,229.2292712
2019,April,10,ACJ,C,2,A,10,80,2019-04-10,14:21,14:21:26,14:22:36,0.05525,51.21846774,66.55903226,25.88459677,-1.5695714,0.997752418,227.2628357
2019,April,10,ACJ,C,2,B,10,80,2019-04-10,14:17,14:17:10,14:18:21,0.0545,51.0995935,66.59186992,27.00130081,-1.018945725,0.997756344,168.5635292
2019,April,10,ACJ,C,3,A,10,80,2019-04-10,14:11,14:11:52,14:13:02,0.058,51.06714286,66.57825397,28.64968254,-1.718617675,0.998389117,209.8500741
2019,April,10,ACJ,C,3,B,10,80,2019-04-10,14:08,14:08:18,14:09:29,0.05675,51.0668595,66.61033058,30.23495868,-1.309175793,0.998597888,167.5703058
2019,April,10,ACJ,C,4,A,10,80,2019-04-10,14:03,14:03:54,14:05:05,0.05575,51.0654918,66.62213115,24.96155738,-1.340251545,0.99809612,193.4113401
2019,April,10,ACJ,C,4,B,10,80,2019-04-10,14:00,14:00:37,14:01:47,0.05825,51.06602151,66.61752688,26.62408602,-1.685435151,0.999264446,150.3707379
2019,April,10,ACJ,C,5,A,10,80,2019-04-10,13:52,13:52:27,13:53:38,0.05525,51.09958333,66.52033333,32.16333333,-2.385596741,0.989061112,401.2800859
2019,April,10,ACJ,C,5,B,10,80,2019-04-10,13:55,13:55:42,13:56:53,0.05725,51.06586777,66.52347107,34.7153719,-3.570676336,0.999436601,244.8085842
2019,July,12,ACJ,C,1,A,10,80,2019-07-12,11:43,11:43:18,11:44:28,0.0555,51.05681034,66.70948276,20.43336207,-1.775817541,0.996976231,264.0863483
2019,July,12,ACJ,C,1,B,10,80,2019-07-12,11:45,11:45:46,11:46:57,0.06025,51.02533333,66.70308333,20.17208333,-0.49070859,0.989396055,161.0542031
2019,July,12,ACJ,C,2,A,10,80,2019-07-12,11:48,11:48:35,11:49:45,0.062,51.02325,66.73291667,18.43183333,-0.459243215,0.984815289,171.409386
2019,July,12,ACJ,C,2,B,10,80,2019-07-12,11:51,11:51:17,11:52:28,0.07675,51.02458333,66.70141667,18.76683333,-0.656553711,0.987388629,179.2491392
2019,July,12,ACJ,C,3,A,10,80,2019-07-12,11:54,11:54:14,11:55:24,0.05775,51.02527132,66.74224806,19.19651163,-0.488097462,0.989488425,163.7866777
2019,July,12,ACJ,C,3,B,10,80,2019-07-12,11:56,11:57:05,11:58:15,0.053,51.02533333,66.69241667,19.43875,-0.385253301,0.983637568,174.3560539
2019,July,12,ACJ,C,4,A,10,80,2019-07-12,11:59,11:59:57,12:01:07,0.0585,51.02630252,66.69756303,20.60344538,-0.510798025,0.989827659,166.3555194
2019,July,12,ACJ,C,4,B,10,80,2019-07-12,12:02,12:02:39,12:03:50,0.059,51.02633333,66.6875,19.21591667,-0.543087788,0.995367447,120.3617828
2019,July,12,ACJ,C,5,A,10,80,2019-07-12,12:05,12:05:54,12:07:04,0.05625,51.02658537,66.70837398,17.45178862,-0.403159146,0.986348284,158.9801737
2019,July,12,ACJ,C,5,B,10,80,2019-07-12,12:08,12:08:39,12:09:49,0.06,51.02689076,66.71563025,17.03428571,-0.747674592,0.995397963,159.5930025
2019,November,20,ACJ,C,1,A,10,80,2019-11-20,15:14,15:14:42,15:15:52,0.05375,51.03016529,66.71809917,23.16305785,-1.074095944,0.997950477,169.9261646
2019,November,20,ACJ,C,1,B,10,80,2019-11-20,15:08,15:09:04,15:10:14,0.059,51.029,66.70416667,22.93891667,-0.41764636,0.983968284,169.602178
2019,November,20,ACJ,C,2,A,10,80,2019-11-20,15:05,15:05:31,15:06:41,0.0615,51.03080645,66.72766129,20.6441129,-0.327893995,0.964671097,186.476394
2019,November,20,ACJ,C,2,B,10,80,2019-11-20,15:02,15:02:42,15:03:52,0.07575,51.02865546,66.70319328,22.48630252,-0.637878471,0.985546435,186.7198336
2019,November,20,ACJ,C,3,A,10,80,2019-11-20,14:59,14:59:35,15:00:45,0.05525,51.03041667,66.70283333,22.71666667,-0.513900399,0.987640521,189.6135346
2019,November,20,ACJ,C,3,B,10,80,2019-11-20,14:56,14:56:56,14:58:06,0.05425,51.02941667,66.6945,22.86358333,-0.219081723,0.939989157,186.8770656
2019,November,20,ACJ,C,4,A,10,80,2019-11-20,14:52,14:53:05,14:54:15,0.05775,51.02793388,66.68520661,22.8561157,-0.622193371,0.993423654,165.3279178
2019,November,20,ACJ,C,4,B,10,80,2019-11-20,14:49,14:50:06,14:51:16,0.05175,51.02762712,66.64720339,23.49474576,-0.692962507,0.995628133,167.2298515
2019,November,20,ACJ,C,5,A,10,80,2019-11-20,14:43,14:43:25,14:44:35,0.05725,51.02743802,66.65239669,25.24256198,-0.913005053,0.98791499,265.0325963
2019,November,20,ACJ,C,5,B,10,80,2019-11-20,14:46,14:46:45,14:47:55,0.05825,51.02801653,66.6746281,22.88553719,-0.129855176,0.872559982,161.3069501
2019,July,10,ACJ,NB,1,A,10,80,2019-07-10,11:49,11:49:41,11:50:51,0.0515,51.05559322,67.49474576,29.24313559,-1.565747067,0.998596976,201.8168062
2019,July,10,ACJ,NB,1,B,10,80,2019-07-10,11:52,11:52:21,11:53:31,0.04925,51.05336134,67.49319328,30.36831933,-1.371128209,0.998955237,168.5205735
2019,July,10,ACJ,NB,2,A,10,80,2019-07-10,11:55,11:55:17,11:56:28,0.0505,51.05324786,67.49735043,27.75282051,-0.927834194,0.997188847,180.7224659
2019,July,10,ACJ,NB,2,B,10,80,2019-07-10,11:57,11:57:56,11:59:07,0.0495,51.0503252,67.49341463,25.49869919,-0.922575155,0.99708744,186.7244939
2019,July,10,ACJ,NB,3,A,10,80,2019-07-10,12:00,12:00:59,12:02:10,0.0505,51.05091667,67.4955,25.23391667,-0.599197727,0.994906443,159.7564073
2019,July,10,ACJ,NB,3,B,10,80,2019-07-10,12:03,12:03:39,12:04:49,0.05175,51.0485,67.48983333,24.50141667,-0.836347556,0.995872565,188.2047466
2019,July,10,ACJ,NB,4,A,10,80,2019-07-10,12:06,12:06:25,12:07:36,0.05,51.04941667,67.48691667,26.82666667,-1.058018331,0.99816255,171.2924147
2019,July,10,ACJ,NB,4,B,10,80,2019-07-10,12:08,12:09:03,12:10:14,0.04675,51.04991803,67.47467213,26.84836066,-0.740690232,0.997120141,162.117305
2019,July,10,ACJ,NB,5,A,10,80,2019-07-10,12:11,12:11:53,12:13:03,0.0525,51.04818182,67.48694215,27.03157025,-1.42324659,0.998467945,191.4817253
2019,July,10,ACJ,NB,5,B,10,80,2019-07-10,12:14,12:14:40,12:15:51,0.0495,51.04768595,67.46231405,27.33545455,-1.161196077,0.998548678,168.3947282
2019,November,23,ACJ,NB,1,A,10,80,2019-11-23,12:52,12:52:27,12:53:37,0.0545,51.04408333,67.089,21.50958333,-0.903164249,0.974321718,323.5163309
2019,November,23,ACJ,NB,1,B,10,80,2019-11-23,12:55,12:56:07,12:57:18,0.0525,51.03125,67.09958333,21.35441667,-0.558358669,0.993914246,158.0612975
2019,November,23,ACJ,NB,2,A,10,80,2019-11-23,12:58,12:59:04,13:00:15,0.052,51.03125,67.08391667,21.119,-0.713608273,0.996162875,163.1164694
2019,November,23,ACJ,NB,2,B,10,80,2019-11-23,13:01,13:01:34,13:02:45,0.051,51.03175,67.07258333,22.32316667,-0.531261919,0.992820398,167.9186995
2019,November,23,ACJ,NB,3,A,10,80,2019-11-23,13:04,13:04:18,13:05:28,0.05375,51.03176471,67.09571429,21.64495798,-0.403284897,0.982055132,184.9914275
2019,November,23,ACJ,NB,3,B,10,80,2019-11-23,13:06,13:06:50,13:08:00,0.055,51.03341667,67.08483333,20.827,-0.827194651,0.996746515,161.3520606
2019,November,23,ACJ,NB,4,A,10,80,2019-11-23,13:09,13:09:37,13:10:48,0.0515,51.03366667,67.08133333,21.098,-0.595479585,0.993284033,178.7433816
2019,November,23,ACJ,NB,4,B,10,80,2019-11-23,13:11,13:12:08,13:13:18,0.04775,51.03438017,67.08057851,21.21057851,-0.456942502,0.990325379,175.0481023
2019,November,23,ACJ,NB,5,A,10,80,2019-11-23,13:14,13:15:00,13:16:10,0.0565,51.03408333,67.08425,19.86558333,-0.761575859,0.994777307,179.4007793
2019,November,23,ACJ,NB,5,B,10,80,2019-11-23,13:17,13:17:33,13:18:43,0.0535,51.03418033,67.07786885,19.45622951,-0.637241337,0.995192997,155.873793
2019,April,15,OCC,C,1,A,10,80,2019-04-15,19:31,19:31:28,19:32:38,0.08,51.03358333,59.83283333,34.16566667,-3.365040097,0.997830287,296.7451345
2019,April,15,OCC,C,1,B,10,80,2019-04-15,19:38,19:38:42,19:39:52,0.08,51.02969112,59.87818533,30.86799228,-4.482911159,0.999425657,242.4008331
2019,April,15,OCC,C,2,A,10,80,2019-04-15,19:52,19:52:59,19:54:09,0.08,51.0320979,59.87776224,28.50713287,-1.522214271,0.996761037,211.6863667
2019,April,15,OCC,C,2,B,10,80,2019-04-15,19:44,19:44:28,19:45:38,0.08,51.02387205,59.85259259,31.97319865,-1.7742855,0.996408567,241.368178
2019,April,15,OCC,C,3,A,10,80,2019-04-15,19:59,19:59:11,20:00:21,0.08,51.04265469,60.22664671,33.2844511,-3.138547417,0.997750406,288.3662009
2019,April,15,OCC,C,3,B,10,80,2019-04-15,20:16,20:17:03,20:18:13,0.08,51.04915323,59.79012097,29.9671371,-3.002334598,0.99934043,195.3908882
2019,April,15,OCC,C,4,A,10,80,2019-04-15,20:35,20:36:02,20:37:12,0.08,51.04209091,59.86063636,24.80790909,-3.476002892,0.999003415,244.5981073
2019,April,15,OCC,C,4,B,10,80,2019-04-15,20:31,20:31:45,20:32:55,0.08,51.03933884,59.80495868,25.26206612,-3.183806018,0.999266803,210.5167086
2019,April,15,OCC,C,5,A,10,80,2019-04-15,20:25,20:25:34,20:26:44,0.08,51.03933754,59.84419558,25.7044795,-7.876826879,0.998768833,375.9533669
2019,April,15,OCC,C,5,B,10,80,2019-04-15,20:22,20:22:23,20:23:33,0.08,51.0499115,59.86982301,25.29460177,-9.124732219,0.999838751,252.3180627
2019,April,09,PIL,B,1,A,10,80,2019-04-09,15:49,15:49:30,15:50:40,0.05,51.02940678,65.06432203,17.66161017,-0.601796395,0.987842506,227.8261245
2019,April,09,PIL,B,1,B,10,80,2019-04-09,15:52,15:52:13,15:53:23,0.055,51.02709402,65.01589744,19.2574359,-1.236419867,0.998548477,165.2116998
2019,April,09,PIL,B,2,A,10,80,2019-04-09,15:55,15:55:31,15:56:41,0.05,51.02762712,65.00838983,17.79889831,-1.201256491,0.998277627,186.6209944
2019,April,09,PIL,B,2,B,10,80,2019-04-09,15:58,15:58:39,15:59:50,0.052,51.02675,65.01258333,18.35441667,-1.566189092,0.998977128,184.6958686
2019,April,09,PIL,B,3,A,10,80,2019-04-09,16:02,16:02:20,16:03:30,0.05675,51.02753846,65.04961538,17.45607692,-1.047950763,0.997575298,173.44445
2019,April,09,PIL,B,3,B,10,80,2019-04-09,16:05,16:05:15,16:06:25,0.057,51.02745763,65.00483051,17.7920339,-0.9187914,0.997168674,165.3254641
2019,April,09,PIL,B,4,A,10,80,2019-04-09,16:07,16:08:06,16:09:16,0.08,51.02595238,64.98293651,18.89230159,-0.595789127,0.987916535,159.5762657
2019,April,09,PIL,B,4,B,10,80,2019-04-09,16:10,16:10:54,16:12:04,0.0795,51.02788136,64.99728814,18.13991525,-1.061326565,0.993613226,196.6378431
2019,April,09,PIL,B,5,A,10,80,2019-04-09,16:13,16:13:51,16:15:01,0.085,51.02638655,64.98537815,18.26378151,-1.08259933,0.990185079,220.7524556
2019,April,09,PIL,B,5,B,10,80,2019-04-09,16:16,16:16:46,16:17:57,0.08,51.02748031,64.97834646,17.69377953,-1.091065959,0.995693292,171.6909082
2019,July,09,PIL,B,1,A,10,80,2019-07-09,13:22,13:22:27,13:23:38,0.05625,51.041,65.47058333,19.33175,-1.180136676,0.974061198,362.2315132
2019,July,09,PIL,B,1,B,10,80,2019-07-09,13:25,13:25:30,13:26:40,0.049,51.03066116,65.49553719,18.32570248,-0.834809535,0.997544119,162.0723106
2019,July,09,PIL,B,2,A,10,80,2019-07-09,13:28,13:28:42,13:29:53,0.04825,51.03139344,65.50327869,17.63663934,-0.250020864,0.971804758,170.8983029
2019,July,09,PIL,B,2,B,10,80,2019-07-09,13:31,13:31:24,13:32:35,0.04875,51.03206612,65.49619835,19.0314876,-0.272002962,0.974129016,175.3772233
2019,July,09,PIL,B,3,A,10,80,2019-07-09,13:34,13:34:24,13:35:35,0.05075,51.03347107,65.48363636,19.05099174,-0.317184777,0.98202802,162.8757141
2019,July,09,PIL,B,3,B,10,80,2019-07-09,13:37,13:37:13,13:38:24,0.04525,51.03231405,65.51454545,19.03867769,-0.437026636,0.991326712,172.4779527
2019,July,09,PIL,B,4,A,10,80,2019-07-09,13:39,13:40:03,13:41:13,0.05175,51.03355372,65.49876033,16.80801653,-0.547174398,0.994760157,148.1101661
2019,July,09,PIL,B,4,B,10,80,2019-07-09,13:42,13:42:47,13:43:58,0.051,51.03351563,65.46960938,16.9165625,-0.499130649,0.991217044,176.8112781
2019,July,09,PIL,B,5,A,10,80,2019-07-09,13:45,13:45:48,13:46:58,0.048,51.03371901,65.46619835,19.26785124,-0.412180007,0.988737929,173.745357
2019,July,09,PIL,B,5,B,10,80,2019-07-09,13:48,13:48:34,13:49:44,0.05625,51.03190083,65.4607438,18.57471074,-0.095954558,0.81343401,157.3351567
2019,November,25,PIL,B,1,A,10,80,2019-11-25,12:43,12:43:31,12:44:41,0.049,51.05064,64.86208,31.25912,-0.125363584,0.831925739,209.0450897
2019,November,25,PIL,B,1,B,10,80,2019-11-25,12:46,12:46:09,12:47:19,0.04925,51.05054422,64.91217687,29.66258503,-0.621754204,0.993003159,197.0957409
2019,November,25,PIL,B,2,A,10,80,2019-11-25,12:49,12:49:34,12:50:44,0.05,51.04801653,64.9314876,31.08165289,-0.620444533,0.979269401,272.9202684
2019,November,25,PIL,B,2,B,10,80,2019-11-25,12:51,12:52:06,12:53:16,0.05075,51.04658333,64.87791667,34.57033333,-0.659236624,0.992110353,210.5314738
2019,November,25,PIL,B,3,A,10,80,2019-11-25,12:54,12:55:00,12:56:10,0.05025,51.04719008,64.84933884,29.1568595,-0.580396631,0.992256095,191.7853345
2019,November,25,PIL,B,3,B,10,80,2019-11-25,12:57,12:57:31,12:58:41,0.0555,51.04791667,64.88891667,27.74616667,-0.988246008,0.997088177,183.1652479
2019,November,25,PIL,B,4,A,10,80,2019-11-25,13:00,13:00:13,13:01:23,0.08025,51.04596639,64.89840336,26.64554622,-0.905046982,0.992842463,182.28979
2019,November,25,PIL,B,4,B,10,80,2019-11-25,13:02,13:02:40,13:03:50,0.07575,51.04710744,64.78380165,26.26421488,-0.610234307,0.98615409,182.0392155
2019,November,25,PIL,B,5,A,10,80,2019-11-25,13:07,13:07:56,13:09:06,0.0865,51.04603306,64.91198347,22.28049587,-0.77939452,0.988021594,186.656695
2019,November,25,PIL,B,5,B,10,80,2019-11-25,13:10,13:10:28,13:11:38,0.07975,51.04258065,64.85330645,22.72935484,-0.823045725,0.992104284,176.2396519
2019,April,09,PIL,C,1,A,30,90,2019-04-09,15:17,15:18:24,15:19:24,0.0585,51.09292453,65.08518868,23.01084906,-2.388344286,0.967367885,389.2301396
2019,April,09,PIL,C,1,B,10,80,2019-04-09,15:20,15:20:37,15:21:48,0.0505,51.03085106,65.09010638,23.80659574,-3.194126512,0.998397487,322.5501827
2019,April,09,PIL,C,2,A,20,80,2019-04-09,15:23,15:23:52,15:24:52,0.0515,51.02954545,65.14424242,19.47590909,-1.116798397,0.995688273,186.2452765
2019,April,09,PIL,C,2,B,10,80,2019-04-09,15:26,15:26:53,15:28:03,0.05125,51.03182796,65.10043011,22.40333333,-1.458586094,0.992032338,320.3403789
2019,April,09,PIL,C,3,A,10,80,2019-04-09,15:29,15:29:46,15:30:57,0.055,51.02885057,65.10712644,19.61241379,-1.144695602,0.998420609,161.5803109
2019,April,09,PIL,C,3,B,10,80,2019-04-09,15:32,15:32:19,15:33:29,0.0525,51.03131579,65.10780702,20.03535088,-1.114770448,0.997634666,191.7590255
2019,April,09,PIL,C,4,A,10,80,2019-04-09,15:35,15:35:26,15:36:36,0.0525,51.02977273,65.08204545,19.44439394,-1.006370349,0.997155279,190.3394456
2019,April,09,PIL,C,4,B,10,80,2019-04-09,15:38,15:38:59,15:40:10,0.0525,51.02905882,65.11329412,20.15282353,-1.453968285,0.998806643,183.0940495
2019,April,09,PIL,C,5,A,10,80,2019-04-09,15:41,15:42:03,15:43:14,0.0515,51.02896825,65.11563492,19.38603175,-1.072458034,0.997447735,197.1086855
2019,April,09,PIL,C,5,B,10,80,2019-04-09,15:45,15:45:27,15:46:37,0.06,51.02944882,65.08055118,19.54094488,-1.288649572,0.998200464,173.9159945
2019,July,09,PIL,C,1,A,10,80,2019-07-09,13:53,13:53:41,13:54:51,0.049,51.03352941,65.38218487,18.04941176,-0.553405129,0.992415396,184.3295411
2019,July,09,PIL,C,1,B,10,80,2019-07-09,13:56,13:56:22,13:57:32,0.05175,51.03247934,65.3485124,18.19231405,-0.491211665,0.99179544,165.3633685
2019,July,09,PIL,C,2,A,10,80,2019-07-09,13:59,13:59:24,14:00:34,0.05075,51.0325,65.38,18.17808333,-0.580003609,0.994297075,165.6560081
2019,July,09,PIL,C,2,B,10,80,2019-07-09,14:02,14:02:13,14:03:24,0.04875,51.03358333,65.378,20.29191667,-0.479033809,0.991098005,177.1539996
2019,July,09,PIL,C,3,A,10,80,2019-07-09,14:05,14:05:09,14:06:19,0.0555,51.03411765,65.34907563,19.84815126,-0.427217665,0.990063474,149.5703953
2019,July,09,PIL,C,3,B,10,80,2019-07-09,14:07,14:08:00,14:09:11,0.05625,51.03479339,65.34867769,21.53471074,-0.417637373,0.986009369,170.6095556
2019,July,09,PIL,C,4,A,10,80,2019-07-09,14:10,14:10:57,14:12:08,0.082,51.03525,65.33575,21.89616667,-0.710360278,0.990144563,166.8778356
2019,July,09,PIL,C,4,B,10,80,2019-07-09,14:13,14:13:41,14:14:52,0.07725,51.03391667,65.31883333,20.64741667,-0.42730447,0.976759484,165.1877776
2019,July,09,PIL,C,5,A,10,80,2019-07-09,14:16,14:16:34,14:17:45,0.0865,51.03441667,65.30233333,20.47766667,-0.534806274,0.983795024,154.465271
2019,July,09,PIL,C,5,B,10,80,2019-07-09,14:19,14:19:19,14:20:30,0.0795,51.03561983,65.26305785,21.26099174,-0.67434759,0.987475718,182.1644787
2019,November,25,PIL,C,1,A,10,80,2019-11-25,12:13,12:13:29,12:14:39,0.05625,51.04237037,65.08474074,33.52918519,-2.260058046,0.998902928,229.7057502
2019,November,25,PIL,C,1,B,10,80,2019-11-25,12:16,12:17:03,12:18:13,0.05025,51.03983471,65.08545455,31.28165289,-1.510967913,0.998575617,206.7762759
2019,November,25,PIL,C,2,A,10,80,2019-11-25,12:19,12:19:49,12:20:59,0.048,51.04132231,65.06090909,29.23735537,-0.780368673,0.986335484,280.6222945
2019,November,25,PIL,C,2,B,10,80,2019-11-25,12:22,12:22:20,12:23:30,0.046,51.04433333,65.08658333,31.365,-0.18430871,0.928355622,203.936777
2019,November,25,PIL,C,3,A,10,80,2019-11-25,12:25,12:25:32,12:26:42,0.0535,51.04492063,65.04674603,32.40206349,-0.203322944,0.950877689,168.1730145
2019,November,25,PIL,C,3,B,10,80,2019-11-25,12:28,12:28:13,12:29:23,0.048,51.04694215,65.01661157,34.13338843,-1.084215281,0.993967002,269.5416249
2019,November,25,PIL,C,4,A,10,80,2019-11-25,12:30,12:31:03,12:32:13,0.05325,51.04795082,65.04008197,30.4802459,-0.700722112,0.994273705,188.5061926
2019,November,25,PIL,C,4,B,10,80,2019-11-25,12:33,12:33:42,12:34:52,0.052,51.04644068,65.04805085,28.21245763,-0.902521532,0.997027559,180.7169567
2019,November,25,PIL,C,5,A,10,80,2019-11-25,12:36,12:36:36,12:37:46,0.0515,51.04717742,65.03217742,27.12209677,-0.609404793,0.992786278,189.4512687
2019,November,25,PIL,C,5,B,10,80,2019-11-25,12:39,12:39:09,12:40:19,0.0575,51.04625,65.03808333,26.14975,-0.519696044,0.991251867,164.8379295
2019,April,05,QUE,B,1,A,10,80,2019-04-05,13:39,13:39:31,13:40:41,0.05425,51.0343,63.3911,28.994,-2.773416269,0.998667905,280.7865932
2019,April,05,QUE,B,1,B,10,80,2019-04-05,13:42,13:42:41,13:43:51,0.05825,51.0340625,63.40020833,27.75854167,-2.771098536,0.999335888,220.8972956
2019,April,05,QUE,B,2,A,10,80,2019-04-05,13:49,13:49:36,13:50:46,0.053,51.0471,63.435,24.2005,-3.402080195,0.99725783,363.6785087
2019,April,05,QUE,B,2,B,10,80,2019-04-05,13:52,13:52:53,13:54:03,0.0575,51.03306818,63.41204545,25.57534091,-2.726984028,0.999100748,241.6509416
2019,April,05,QUE,B,3,A,10,80,2019-04-05,13:56,13:56:52,13:58:01,0.0595,51.02835443,63.40405063,23.82025316,-6.679220584,0.999591975,301.3843645
2019,April,05,QUE,B,3,B,10,80,2019-04-05,14:00,14:00:22,14:02:32,0.059,51.02847458,63.37330508,26.72644068,-5.078538881,0.999656881,258.0990941
2019,April,05,QUE,B,4,A,10,80,2019-04-05,14:03,14:03:45,13:04:55,0.0635,51.02949495,63.36222222,31.87828283,-3.033044199,0.999419486,212.5971644
2019,April,05,QUE,B,4,B,10,80,2019-04-05,14:07,14:07:30,14:08:40,0.05775,51.02974576,63.34423729,30.75550847,-4.240431987,0.999458648,268.573403
2019,April,05,QUE,B,5,A,10,80,2019-04-05,14:12,14:12:33,14:13:43,0.062,51.03086207,63.35922414,28.30224138,-4.655316243,0.99813473,359.280269
2019,April,05,QUE,B,5,B,10,80,2019-04-05,14:16,14:16:10,14:17:20,0.0535,51.02716312,63.36836879,28.26652482,-2.656091653,0.999491126,208.1847411
2019,November,27,QUE,B,1,A,10,80,2019-11-27,12:04,12:04:44,12:05:54,0.051,51.0291129,63.48370968,24.36620968,-1.592221815,0.994300907,313.38494
2019,November,27,QUE,B,1,B,10,80,2019-11-27,12:07,12:07:14,12:08:24,0.057,51.02801653,63.43694215,23.60809917,-1.432069441,0.998086227,204.7842396
2019,November,27,QUE,B,2,A,10,80,2019-11-27,12:09,12:09:58,12:11:08,0.05425,51.03086957,63.42905797,27.80463768,-1.798434187,0.998703229,217.1063846
2019,November,27,QUE,B,2,B,10,80,2019-11-27,12:12,12:12:42,12:13:52,0.0455,51.02876033,63.4246281,26.03157025,-1.309316149,0.999052372,174.4652484
2019,November,27,QUE,B,3,A,10,80,2019-11-27,12:16,12:16:13,12:17:23,0.0445,51.02852459,63.42901639,24.10155738,-1.826665,0.99917155,215.062762
2019,November,27,QUE,B,3,B,10,80,2019-11-27,12:18,12:18:39,12:19:49,0.055,51.02966942,63.41198347,22.92818182,-1.339941537,0.998050992,201.6695268
2019,November,27,QUE,B,4,A,10,80,2019-11-27,12:21,12:21:24,12:22:34,0.05175,51.02767442,63.4203876,19.38023256,-2.521638512,0.998956228,255.1659573
2019,November,27,QUE,B,4,B,10,80,2019-11-27,12:23,12:23:57,12:25:08,0.04475,51.03059406,63.3849505,20.35019802,-1.037088487,0.998460895,179.2649497
2019,November,27,QUE,B,5,A,10,80,2019-11-27,12:26,12:26:18,12:27:29,0.053,51.0295082,63.35893443,22.85155738,-1.571139014,0.998445755,216.3542948
2019,November,27,QUE,B,5,B,10,80,2019-11-27,12:28,12:28:55,12:30:06,0.04925,51.02959016,63.34868852,26.49467213,-3.54362167,0.999592527,245.3682577
2019,April,13,TRE,B,1,A,10,80,2019-04-13,11:36,11:36:42,11:37:53,0.05175,51.06406504,65.60707317,18.59162602,-2.176944212,0.996911492,309.461105
2019,April,13,TRE,B,1,B,10,80,2019-04-13,11:39,11:39:58,11:41:08,0.05125,51.02585366,65.60788618,18.39788618,-1.290368505,0.997682167,213.182864
2019,April,13,TRE,B,2,A,10,80,2019-04-13,11:45,11:45:10,11:46:21,0.05175,51.02440945,65.5992126,19.0688189,-1.743962612,0.998847661,205.9293849
2019,April,13,TRE,B,2,B,10,80,2019-04-13,11:48,11:48:30,11:49:41,0.05125,51.02491935,65.52733871,20.27741935,-2.110306365,0.998955774,228.6777706
2019,April,13,TRE,B,3,A,10,80,2019-04-13,11:52,11:52:17,11:53:28,0.0545,51.02449612,65.5955814,18.92232558,-1.227225346,0.998412672,172.4980013
2019,April,13,TRE,B,3,B,10,80,2019-04-13,11:55,11:55:23,11:56:34,0.05175,51.02414634,65.5898374,19.32642276,-2.607943648,0.999445836,212.5180702
2019,April,13,TRE,B,4,A,10,80,2019-04-13,11:58,11:58:54,12:00:04,0.04475,51.02719008,65.56338843,21.62413223,-3.774981978,0.996015518,424.0230212
2019,April,13,TRE,B,4,B,10,80,2019-04-13,12:01,12:01:45,12:02:55,0.05225,51.02856061,65.57356061,22.52318182,-1.478475932,0.998730182,187.6368074
2019,April,13,TRE,B,5,A,10,80,2019-04-13,12:05,12:05:31,12:06:41,0.052,51.02578125,65.54046875,19.46304688,-1.530669116,0.999149854,164.3543918
2019,April,13,TRE,B,5,B,10,80,2019-04-13,12:08,12:08:26,12:09:36,0.05,51.02725806,65.56491935,20.11,-1.328909733,0.997915278,213.6675513
2019,July,14,TRE,B,1,A,10,80,2019-07-14,11:31,11:31:33,11:32:43,0.05475,51.0387395,65.6512605,26.12571429,-0.861519885,0.994557923,208.2935386
2019,July,14,TRE,B,1,B,10,80,2019-07-14,11:34,11:34:11,11:35:22,0.0585,51.03669421,65.6807438,23.77495868,-0.457233297,0.9848478,183.378795
2019,July,14,TRE,B,2,A,10,80,2019-07-14,11:36,11:36:51,11:38:01,0.056,51.03713115,65.66508197,29.08745902,-0.81966873,0.995987614,176.6776063
2019,July,14,TRE,B,2,B,10,80,2019-07-14,11:39,11:39:30,11:40:41,0.049,51.03844961,65.67937984,26.02333333,-0.252799824,0.980066177,145.702537
2019,July,14,TRE,B,3,A,10,80,2019-07-14,11:42,11:42:22,11:43:32,0.057,51.03875,65.68591667,26.39708333,-0.34006942,0.980787752,161.0918013
2019,July,14,TRE,B,3,B,10,80,2019-07-14,11:44,11:45:07,11:46:17,0.05525,51.03909677,65.66851613,27.21819355,-0.310716006,0.973394047,176.5128977
2019,July,14,TRE,B,4,A,10,80,2019-07-14,11:48,11:48:44,11:49:55,0.04875,51.04025,65.65966667,26.74866667,-0.57088272,0.994234415,173.4187127
2019,July,14,TRE,B,4,B,10,80,2019-07-14,11:51,11:51:26,11:52:37,0.053,51.03842975,65.65033058,27.66892562,-0.818105937,0.997188069,161.3957757
2019,July,14,TRE,B,5,A,10,80,2019-07-14,11:54,11:54:14,11:55:24,0.05625,51.04157025,65.64933884,27.80933884,-0.36826188,0.977375393,186.4238623
2019,July,14,TRE,B,5,B,10,80,2019-07-14,11:56,11:56:58,11:58:09,0.053,51.04024793,65.61661157,29.72404959,-0.477021109,0.985242768,202.5197655
2019,November,24,TRE,B,1,A,10,80,2019-11-24,11:03,11:03:40,11:04:50,0.054,51.03525424,65.57033898,20.45618644,-0.566230665,0.990672794,188.535503
2019,November,24,TRE,B,1,B,10,80,2019-11-24,11:06,11:06:09,11:07:19,0.057,51.03768595,65.57504132,21.20801653,-0.64604099,0.992088216,187.8954865
2019,November,24,TRE,B,2,A,10,80,2019-11-24,11:08,11:08:57,11:10:08,0.05575,51.03561983,65.56280992,20.79570248,-0.500169958,0.985987499,196.1821892
2019,November,24,TRE,B,2,B,10,80,2019-11-24,11:11,11:11:26,11:12:36,0.05125,51.03697479,65.59756303,20.84319328,-0.736754677,0.99595475,173.6471517
2019,November,24,TRE,B,3,A,10,80,2019-11-24,11:14,11:14:14,11:15:24,0.058,51.03471074,65.55380165,22.58528926,-0.901542154,0.996807923,168.2087877
2019,November,24,TRE,B,3,B,10,80,2019-11-24,11:16,11:16:50,11:18:00,0.05475,51.03641667,65.55291667,22.48783333,-0.645668747,0.993954879,174.525998
2019,November,24,TRE,B,4,A,10,80,2019-11-24,11:19,11:19:43,11:20:53,0.0485,51.0377686,65.5592562,22.80363636,-0.962731548,0.996564322,208.1945751
2019,November,24,TRE,B,4,B,10,80,2019-11-24,11:22,11:22:20,11:23:31,0.053,51.0392437,65.54529412,23.85277311,-0.577285521,0.992027846,184.817918
2019,November,24,TRE,B,5,A,10,80,2019-11-24,11:25,11:25:19,11:26:30,0.05575,51.03841667,65.55783333,22.39941667,-0.696405429,0.995368206,165.0007826
2019,November,24,TRE,B,5,B,10,80,2019-11-24,11:27,11:27:52,11:29:02,0.055,51.03933884,65.52214876,20.77413223,-1.278274438,0.99809528,188.387225
2019,April,08,TRE,C,1,A,10,71,2019-04-08,13:30,13:31:04,13:32:06,0.06575,51.05732394,64.98464789,35.35169014,-2.111472605,0.997611348,207.494944
2019,April,08,TRE,C,1,B,10,80,2019-04-08,13:34,13:34:09,13:35:19,0.05925,51.03760331,64.97082645,26.83735537,-1.887383823,0.998526567,216.9743134
2019,April,08,TRE,C,2,A,10,80,2019-04-08,13:40,13:40:35,13:41:45,0.06125,51.03848485,64.99212121,24.40424242,-1.986393239,0.998763747,206.6416581
2019,April,08,TRE,C,2,B,10,80,2019-04-08,13:43,13:43:26,13:44:37,0.05325,51.03471154,64.99086538,24.41153846,-1.62581902,0.999086047,178.0636657
2019,April,08,TRE,C,3,A,10,78,2019-04-08,13:46,13:46:52,13:48:00,0.05125,51.0325641,64.97025641,26.41346154,-1.98684692,0.999092576,200.6444554
2019,April,08,TRE,C,3,B,10,80,2019-04-08,13:49,13:49:17,13:50:28,0.06375,51.03136752,64.96025641,28.52512821,-3.060705571,0.999428629,208.9658638
2019,April,08,TRE,C,4,A,10,80,2019-04-08,13:52,13:52:25,13:53:35,0.0565,51.03140187,64.95074766,30.61616822,-1.484037975,0.998857347,172.1014811
2019,April,08,TRE,C,4,B,10,80,2019-04-08,13:55,13:55:09,13:56:19,0.05425,51.03143885,64.95798561,27.32805755,-2.137370858,0.999058898,215.3860219
2019,April,08,TRE,C,5,A,10,80,2019-04-08,13:58,13:58:56,14:00:07,0.06075,51.02934307,64.89313869,26.8989781,-2.538655432,0.999214375,212.8966834
2019,April,08,TRE,C,5,B,10,80,2019-04-08,14:01,14:02:07,14:03:18,0.0625,51.02846774,64.94806452,24.79403226,-1.703566287,0.99834042,205.8980586
2019,July,08,TRE,C,1,A,10,80,2019-07-08,11:47,11:47:57,11:49:08,0.0625,51.02387097,65.105,17.95822581,-0.706141547,0.961534107,302.9837902
2019,July,08,TRE,C,1,B,10,76,2019-07-08,11:50,11:50:53,11:51:59,0.05225,51.02539474,65.11184211,17.64881579,-0.696771439,0.994320046,169.7684994
2019,July,08,TRE,C,2,A,10,80,2019-07-08,11:53,11:53:21,11:54:32,0.0615,51.02683333,65.12383333,16.37716667,-0.482209587,0.983482637,188.8968696
2019,July,08,TRE,C,2,B,5,40,2019-07-08,11:56,11:56:04,11:56:39,0.05225,51.02141732,65.11031496,16.93330709,-0.462582233,0.945700376,102.7830122
2019,July,08,TRE,C,3,A,10,80,2019-07-08,11:59,11:59:58,12:01:08,0.04875,51.03131148,65.11983607,16.02204918,-0.495024983,0.992423122,169.4295953
2019,July,08,TRE,C,3,B,10,80,2019-07-08,12:02,12:02:51,12:04:02,0.06225,51.03141667,65.12358333,16.23425,-0.660179411,0.991489308,186.6643527
2019,July,08,TRE,C,4,A,10,80,2019-07-08,12:05,12:05:49,12:06:59,0.05475,51.03132231,65.10809917,16.65347107,-0.348781037,0.984855448,153.0546216
2019,July,08,TRE,C,4,B,10,80,2019-07-08,12:08,12:08:53,12:10:03,0.05325,51.03056911,65.11195122,17.51878049,-0.311775657,0.972905507,183.3555389
2019,July,08,TRE,C,5,A,10,80,2019-07-08,12:11,12:11:54,12:13:05,0.05975,51.03032787,65.09721311,17.40016393,-0.540751522,0.989989288,174.2187368
2019,July,08,TRE,C,5,B,10,80,2019-07-08,12:14,12:14:36,12:15:47,0.06425,51.03195122,65.0995935,16.21699187,-0.664543107,0.991173266,185.6638846
2019,November,21,TRE,C,1,A,10,80,2019-11-21,11:20,11:21:04,11:22:14,0.0575,51.04859504,64.93727273,35.27694215,-1.082476514,0.998138564,160.2271771
2019,November,21,TRE,C,1,B,10,80,2019-11-21,11:18,11:18:24,11:19:34,0.064,51.05533898,64.98847458,28.61016949,-0.76935539,0.992938816,190.478524
2019,November,21,TRE,C,2,A,10,80,2019-11-21,11:15,11:15:26,11:16:36,0.0545,51.05214876,64.97421488,26.50446281,-0.687097076,0.995001272,172.2879132
2019,November,21,TRE,C,2,B,10,80,2019-11-21,11:12,11:12:39,11:13:49,0.055,51.05212598,64.94992126,34.85889764,-1.278602279,0.998667697,166.3141627
2019,November,21,TRE,C,3,A,10,80,2019-11-21,11:09,11:09:57,11:11:07,0.04825,51.05446281,64.97694215,28.83371901,-0.819825167,0.990970642,257.2691621
2019,November,21,TRE,C,3,B,10,80,2019-11-21,11:07,11:07:14,11:08:24,0.0645,51.05446281,64.96487603,28.67024793,-1.194989679,0.998247629,152.6344424
2019,November,21,TRE,C,4,A,10,80,2019-11-21,11:04,11:04:19,11:05:29,0.0605,51.05429752,64.90900826,37.33066116,-0.924122543,0.995019669,201.0099017
2019,November,21,TRE,C,4,B,10,80,2019-11-21,11:01,11:01:37,11:02:47,0.05325,51.05191667,64.95041667,33.07916667,-1.900257864,0.998812205,218.7447402
2019,November,21,TRE,C,5,A,10,80,2019-11-21,10:57,10:57:43,10:58:53,0.0625,51.0538843,64.93760331,30.4938843,-1.3258605,0.997962376,182.9188383
2019,November,21,TRE,C,5,B,10,80,2019-11-21,10:54,10:55:01,10:56:11,0.053,51.05280992,64.96834711,26.98429752,-0.599050127,0.979842556,256.9532794
2019,April,11,WAY,B,1,A,10,80,2019-04-11,12:21,12:21:52,12:23:03,0.05725,40.67238095,70.11468254,33.17039683,-1.125792244,0.995969813,206.9250011
2019,April,11,WAY,B,1,B,10,80,2019-04-11,12:24,12:25:01,12:26:11,0.058,49.69687023,70.08916031,35.12251908,-1.664274853,0.997817196,219.9505707
2019,April,11,WAY,B,2,A,10,80,2019-04-11,12:56,12:56:30,12:57:41,0.05475,51.05951049,70.0358042,42.37426573,-1.628854283,0.998676827,193.4422606
2019,April,11,WAY,B,2,B,10,80,2019-04-11,12:59,12:59:55,13:01:05,0.0595,51.05392308,70.04507692,36.83330769,-1.512195727,0.998579633,173.0918569
2019,April,11,WAY,B,3,A,10,80,2019-04-11,13:03,13:03:09,13:04:19,0.05325,51.05430894,70.05544715,30.53308943,-1.865061602,0.998852347,202.5296262
2019,April,11,WAY,B,3,B,10,80,2019-04-11,13:05,13:06:05,13:07:16,0.059,51.05413534,70.06962406,26.24932331,-1.428734994,0.998110253,187.4888788
2019,April,11,WAY,B,4,A,10,80,2019-04-11,13:09,13:09:27,13:10:37,0.05575,51.05134615,70.00259615,36.87769231,-1.91510883,0.999298279,165.8538275
2019,April,11,WAY,B,4,B,10,80,2019-04-11,13:11,13:12:05,13:13:16,0.05825,51.05362205,70.02629921,27.38622047,-1.233132083,0.99836173,158.8624258
2019,April,11,WAY,B,5,A,10,80,2019-04-11,13:15,13:15:14,13:16:24,0.057,51.05156522,70.03765217,37.03104348,-2.175492262,0.999477557,159.7999121
2019,April,11,WAY,B,5,B,10,80,2019-04-11,13:17,13:18:05,13:19:16,0.059,51.05084746,70.02525424,29.4640678,-1.883365998,0.998364182,214.7902866
2019,July,13,WAY,B,1,A,10,80,2019-07-13,14:15,14:15:23,14:16:34,0.06625,51.04041322,70.0638843,23.32966942,-1.154220741,0.987083114,277.7390126
2019,July,13,WAY,B,1,B,10,80,2019-07-13,14:18,14:18:19,14:19:30,0.055,51.04439024,70.05487805,25.98674797,-0.567610256,0.992125573,168.5289955
2019,July,13,WAY,B,2,A,10,80,2019-07-13,14:21,14:21:10,14:22:20,0.053,51.04478992,70.04386555,25.0005042,-0.522088198,0.991188217,166.8841115
2019,July,13,WAY,B,2,B,10,80,2019-07-13,14:23,14:23:48,14:24:58,0.05925,51.04318841,70.04789855,23.28318841,-0.684528432,0.994940472,149.6027025
2019,July,13,WAY,B,3,A,10,80,2019-07-13,14:27,14:27:11,14:28:21,0.06225,51.04175,70.05091667,20.50608333,-1.113224738,0.997381975,164.2790606
2019,July,13,WAY,B,3,B,10,80,2019-07-13,14:29,14:29:55,14:31:05,0.056,51.04191667,70.06416667,21.21583333,-1.390920869,0.998345016,178.3727198
2019,July,13,WAY,B,4,A,10,80,2019-07-13,14:32,14:32:53,14:34:04,0.05875,51.04408333,70.02425,24.11008333,-0.52830573,0.988855158,173.6584233
2019,July,13,WAY,B,4,B,10,80,2019-07-13,14:35,14:35:35,14:36:46,0.06,51.04201681,70.01016807,23.14470588,-0.868342435,0.994278052,191.2231147
2019,July,13,WAY,B,5,A,10,80,2019-07-13,14:38,14:38:43,14:39:54,0.058,51.04352941,69.99378151,22.88722689,-0.553184659,0.990414493,168.6135187
2019,July,13,WAY,B,5,B,10,80,2019-07-13,14:41,14:41:30,14:42:40,0.05925,51.04357724,70.01382114,21.93178862,-0.742517379,0.995788511,147.9365834
2019,November,26,WAY,B,1,A,10,80,2019-11-26,12:23,12:23:48,12:24:58,0.0645,51.04707317,69.82219512,31.21617886,-0.574116508,0.992163606,145.4488501
2019,November,26,WAY,B,1,B,10,80,2019-11-26,12:26,12:26:16,12:27:26,0.05475,51.04859504,69.85173554,27.42049587,-0.817989925,0.99610225,168.5105355
2019,November,26,WAY,B,2,A,10,80,2019-11-26,12:28,12:28:59,12:30:09,0.05475,51.04790698,69.90317829,25.74348837,-0.744178652,0.996308761,150.8525078
2019,November,26,WAY,B,2,B,10,80,2019-11-26,12:31,12:31:36,12:32:46,0.0625,51.04644628,69.90107438,24.7277686,-0.806628573,0.995760865,153.2168433
2019,November,26,WAY,B,3,A,10,80,2019-11-26,12:34,12:34:32,12:35:42,0.06325,51.044,69.89544,23.93528,-1.056845764,0.996847975,168.6679122
2019,November,26,WAY,B,3,B,10,80,2019-11-26,12:37,12:37:16,12:38:26,0.05875,51.0445,69.92025,23.72541667,-1.620220623,0.998608227,181.5748023
2019,November,26,WAY,B,4,A,10,80,2019-11-26,12:40,12:40:19,12:41:29,0.06025,51.04561983,69.8838843,22.24950413,-0.855053003,0.99542314,171.842449
2019,November,26,WAY,B,4,B,10,80,2019-11-26,12:42,12:42:50,12:44:00,0.0605,51.04507937,69.85071429,22.73031746,-0.778616235,0.993975065,177.7146611
2019,November,26,WAY,B,5,A,10,80,2019-11-26,12:45,12:45:53,12:47:03,0.062,51.04328467,69.84408759,21.87678832,-0.787487472,0.995356157,157.1499415
2019,November,26,WAY,B,5,B,10,80,2019-11-26,12:48,12:48:56,12:50:06,0.05875,51.04238095,69.84047619,22.0447619,-0.926096798,0.996834547,160.5338196
2019,April,12,WAY,C,1,A,10,80,2019-04-12,15:29,15:29:36,15:30:47,0.0505,51.0298374,69.65138211,16.70390244,-1.343078127,0.997500657,220.5242843
2019,April,12,WAY,C,1,B,10,80,2019-04-12,15:26,15:26:09,15:27:20,0.05575,51.03,69.65704,16.74712,-1.564126477,0.998574414,187.6597738
2019,April,12,WAY,C,2,A,10,80,2019-04-12,15:17,15:17:34,15:18:44,0.06,51.02867188,69.65703125,17.21820313,-0.703110727,0.995149907,148.5125738
2019,April,12,WAY,C,2,B,10,80,2019-04-12,15:21,15:21:21,15:22:31,0.0705,51.02904,69.65816,17.3088,-2.085054495,0.992015666,315.5988337
2019,April,12,WAY,C,3,A,10,80,2019-04-12,15:13,15:13:38,15:14:48,0.0535,51.02991803,69.63065574,17.31581967,-0.405344791,0.98850683,148.3840451
2019,April,12,WAY,C,3,B,10,80,2019-04-12,15:09,15:09:50,15:11:00,0.05325,51.02917293,69.60691729,16.88947368,-0.301349463,0.969980122,176.448173
2019,April,12,WAY,C,4,A,10,80,2019-04-12,15:05,15:05:18,15:06:28,0.0535,51.02904,69.60352,17.2592,-0.299208295,0.973649145,165.3072561
2019,April,12,WAY,C,4,B,10,80,2019-04-12,15:02,15:02:13,15:03:24,0.05025,51.02786885,69.63114754,17.85139344,-0.83498826,0.99721455,161.6902552
2019,April,12,WAY,C,5,A,10,80,2019-04-12,14:52,14:52:58,14:54:09,0.05725,51.0308871,69.59967742,17.89209677,-1.09639022,0.980720628,320.307285
2019,April,12,WAY,C,5,B,10,80,2019-04-12,14:57,14:57:22,14:58:33,0.0585,51.02829268,69.58626016,18.25097561,-2.277662593,0.997756209,267.3430207
2019,July,13,WAY,C,1,A,10,80,2019-07-13,14:51,14:51:21,14:52:32,0.056,51.03783333,69.6775,21.76591667,-0.89011433,0.996229494,177.4440149
2019,July,13,WAY,C,2,A,10,80,2019-07-13,14:57,14:57:49,14:58:59,0.05425,51.0408547,69.66982906,21.48581197,-0.695205845,0.995009138,163.8509823
2019,July,13,WAY,C,2,B,10,80,2019-07-13,15:00,15:00:25,15:01:35,0.05475,51.03808333,69.65583333,22.20166667,-0.287880492,0.978650816,141.8520869
2019,July,13,WAY,C,3,A,10,80,2019-07-13,15:03,15:03:15,15:04:26,0.058,51.04016807,69.66042017,21.18882353,-0.460514236,0.984701646,176.2886133
2019,July,13,WAY,C,3,B,10,80,2019-07-13,15:05,15:06:00,15:07:11,0.0575,51.04211864,69.68211864,22.53135593,-0.815294814,0.995938042,164.298903
2019,July,13,WAY,C,4,A,10,80,2019-07-13,15:08,15:08:48,15:09:59,0.05525,51.0389916,69.64109244,24.01386555,-0.653896402,0.995323689,148.8299973
2019,July,13,WAY,C,4,B,10,80,2019-07-13,15:11,15:11:32,15:12:43,0.05875,51.04183333,69.65283333,20.45875,-0.698376286,0.994934819,156.7856818
2019,July,13,WAY,C,5,A,10,80,2019-07-13,15:14,15:14:21,15:15:32,0.05925,51.03841667,69.64416667,19.13508333,-0.45414031,0.987316742,159.3491733
2019,July,13,WAY,C,5,B,10,80,2019-07-13,15:16,15:17:02,15:18:13,0.056,51.0395,69.6231875,19.4381875,-1.467058353,0.998671144,172.8735167
2019,November,26,WAY,C,1,A,10,80,2019-11-26,11:21,11:21:38,11:22:48,0.05875,51.05122951,69.5807377,29.56868852,-1.337943372,0.997605561,194.5323835
2019,November,26,WAY,C,1,B,10,80,2019-11-26,11:23,11:24:06,11:25:16,0.06,51.04803279,69.56147541,32.6147541,-1.454830554,0.997886768,195.0303946
2019,November,26,WAY,C,2,A,10,80,2019-11-26,11:27,11:27:39,11:28:49,0.05625,51.04614754,69.51172131,32.82565574,-0.759892979,0.994294372,182.87797
2019,November,26,WAY,C,2,B,10,80,2019-11-26,11:30,11:30:11,11:31:21,0.054,51.04619835,69.49421488,36.36809917,0.187946379,0.918191011,185.5764654
2019,November,26,WAY,C,3,A,10,80,2019-11-26,11:32,11:32:58,11:34:08,0.05775,51.04762295,69.4892623,33.27008197,-0.98592256,0.995676428,196.4375649
2019,November,26,WAY,C,3,B,10,80,2019-11-26,11:35,11:35:29,11:36:39,0.055,51.04652893,69.53305785,32.44289256,-0.312800308,0.966081698,188.5298733
2019,November,26,WAY,C,4,A,5,40,2019-11-26,11:38,11:38:26,11:39:01,0.05575,51.04604839,69.5266129,34.91427419,-0.280771736,0.654349987,138.6668033
2019,November,26,WAY,C,4,B,10,80,2019-11-26,11:42,11:42:10,11:43:20,0.058,51.04677686,69.42818182,40.08966942,-0.386361332,0.98479782,153.9800001
2019,November,26,WAY,C,5,A,10,80,2019-11-26,11:44,11:44:59,11:46:09,0.05675,51.04733333,69.40941667,37.41658333,-0.669413507,0.992481411,184.2247726
2019,November,26,WAY,C,5,B,10,80,2019-11-26,11:47,11:47:29,11:48:39,0.0575,51.04719008,69.41297521,38.42190083,-1.095547331,0.998098858,154.431379
2020,March,14,ACJ,B,1,A,10,80,2020-03-14,14:59,14:59:15,15:00:25,0.054,51.04647059,67.01781513,21.07294118,-1.248008162,0.977143415,362.3661187
2020,March,14,ACJ,B,1,B,10,80,2020-03-14,15:03,15:03:31,15:04:41,0.057,51.04008,67.0032,21.5332,-1.064627945,0.997435615,175.4430948
2020,March,14,ACJ,B,2,A,10,80,2020-03-14,15:16,15:17:03,15:18:13,0.0575,51.03748031,66.96401575,20.5180315,-1.266724069,0.996304321,224.8456431
2020,March,14,ACJ,B,2,B,10,80,2020-03-14,15:20,15:20:47,15:21:57,0.05125,51.03846774,66.95274194,20.91040323,-1.169607188,0.99737974,205.4470831
2020,March,14,ACJ,B,3,A,10,80,2020-03-14,15:08,15:08:12,15:09:23,0.058,51.03935484,66.96516129,21.84016129,-0.717898026,0.992803904,192.0671432
2020,March,14,ACJ,B,3,B,10,80,2020-03-14,15:12,15:12:34,15:13:44,0.05475,51.03717742,66.94419355,20.82403226,-1.233267554,0.997963839,185.6489502
2020,March,14,ACJ,B,4,A,10,80,2020-03-14,15:25,15:25:46,15:26:56,0.0485,51.03305785,66.93876033,19.03446281,-1.38673569,0.996381874,260.196078
2020,March,14,ACJ,B,4,B,10,80,2020-03-14,15:29,15:29:21,15:30:32,0.053,51.07,66.89,21.42,-3.60892E-15,0.503317602,-3898.845145
2020,March,14,ACJ,B,5,A,10,80,2020-03-14,15:33,15:34:01,15:35:12,0.05575,51.03727273,66.8914876,27.04768595,-1.629010737,0.998356794,210.1615173
2020,March,14,ACJ,B,5,B,10,80,2020-03-14,15:38,15:38:14,15:39:24,0.055,51.0384252,66.90582677,25.48866142,-1.066127842,0.996892395,195.1761304
2020,March,14,ACJ,C,1,A,10,80,2020-03-14,12:13,12:13:22,12:14:32,0.05375,51.03068376,66.88384615,23.3717094,-1.479056624,0.998019081,212.6116105
2020,March,14,ACJ,C,1,B,10,80,2020-03-14,12:19,12:19:46,12:20:57,0.059,51.03033613,66.90436975,24.50453782,-2.337470022,0.995761465,320.6547243
2020,March,14,ACJ,C,2,A,10,80,2020-03-14,12:23,12:24:04,12:25:14,0.0615,51.02917355,66.89933884,23.07975207,-0.691288072,0.974376282,268.8626827
2020,March,14,ACJ,C,2,B,10,80,2020-03-14,12:28,12:28:38,12:29:49,0.07575,51.03016529,66.87727273,22.40842975,-0.986227131,0.995660311,165.0405235
2020,March,14,ACJ,C,3,A,10,80,2020-03-14,12:32,12:33:01,12:34:11,0.05575,51.03054545,66.84818182,23.29654545,-0.962974792,0.996334899,190.3575921
2020,March,14,ACJ,C,3,B,10,80,2020-03-14,12:36,12:36:30,12:37:40,0.0535,51.03201681,66.85243697,24.08042017,-0.271701809,0.96380282,181.5931474
2020,March,14,ACJ,C,4,A,10,80,2020-03-14,12:40,12:40:15,12:41:26,0.06,51.03107438,66.84958678,25.75942149,-0.819806935,0.992421302,211.7058828
2020,March,14,ACJ,C,4,B,10,80,2020-03-14,12:43,12:43:43,12:44:53,0.05375,51.03322314,66.83603306,25.5877686,-0.884049244,0.99685612,172.8344109
2020,March,14,ACJ,C,5,A,10,80,2020-03-14,12:47,12:47:26,12:48:36,0.06125,51.03104839,66.84379032,22.91483871,-0.608626034,0.989648873,185.9915584
2020,March,14,ACJ,C,5,B,10,80,2020-03-14,12:50,12:50:48,12:51:58,0.05975,51.03084746,66.84627119,23.21415254,-1.083481117,0.997959844,155.5436045
2020,March,14,ACJ,NB,1,A,10,80,2020-03-14,11:45,11:45:49,11:46:24,0.05125,51.37439959,67.38283852,18.70453689,-0.20159153,0.979721899,2.872428534
2020,March,14,ACJ,NB,1,B,10,80,2020-03-14,12:6,12:6:41,12:7:16,0.05875,51.37231609,67.33502759,49.37059272,-1.204457176,0.998598187,50.86679405
2020,March,14,ACJ,NB,2,A,10,80,2020-03-14,14:52,14:52:12,14:52:47,0.05625,51.36245961,67.22628824,35.80267961,-1.200915061,0.997750381,88.47916996
2020,March,14,ACJ,NB,2,B,10,80,2020-03-14,15:0,15:0:48,15:1:23,0.055,51.358,67.15068189,34.03663416,-0.798282547,0.998622722,-1.319476861
2020,March,14,ACJ,NB,3,A,10,80,2020-03-14,15:5,15:5:51,15:6:26,0.055,51.35874798,67.14481492,35.73334274,-0.829005066,0.996792568,64.456262
2020,March,14,ACJ,NB,3,B,10,80,2020-03-14,15:10,15:10:50,15:11:25,0.0575,51.358,67.16077238,35.92996736,-0.554460516,0.980610746,129.9309358
2020,March,14,ACJ,NB,4,A,10,80,2020-03-14,15:19,15:19:44,15:20:19,0.05125,51.358,67.0978304,35.1369224,-0.647956619,0.997240709,28.788857
2020,March,14,ACJ,NB,4,B,10,80,2020-03-14,15:24,15:24:24,15:24:59,0.0475,51.35993902,67.10995041,35.04429756,-0.639741917,0.998103213,11.05561455
2020,March,14,ACJ,NB,5,A,10,80,2020-03-14,15:31,15:31:14,15:31:49,0.05875,51.35710924,67.08483866,37.27607899,-0.705275662,0.998359135,-15.20780309
2020,March,14,ACJ,NB,5,B,10,80,2020-03-14,15:39,15:39:25,15:40:0,0.0555,51.35833544,67.08051519,36.82622152,-0.773177351,0.999097812,-36.65243758
2020,March,15,QUE,B,1,A,10,80,2020-03-15,11:54,11:54:54,11:55:29,0.05875,51.358,63.66097431,35.39648257,-2.062576322,0.998902689,115.7316259
2020,March,15,QUE,B,1,B,10,80,2020-03-15,12:0,12:0:6,12:0:41,0.0625,51.35831548,63.61238333,37.5206131,-3.337299694,0.99866687,189.5363029
2020,March,15,QUE,B,2,A,10,80,2020-03-15,12:40,12:40:50,12:41:25,0.056,51.36040036,63.55163297,38.66438514,-3.977015979,0.998631441,232.2027194
2020,March,15,QUE,B,2,B,10,80,2020-03-15,12:45,12:45:20,12:45:55,0.06225,51.3750898,63.53441959,35.15008898,-1.035802862,0.999021805,1.794557987
2020,March,15,QUE,B,3,A,10,80,2020-03-15,12:6,12:6:11,12:6:46,0.04925,51.35867089,63.55247215,38.88690802,-0.940732104,0.998675539,43.43189612
2020,March,15,QUE,B,3,B,10,80,2020-03-15,12:10,12:10:50,12:11:25,0.05675,51.35820307,63.55527203,39.521159,-7.619061643,0.998565055,326.1161462
2020,March,15,QUE,B,4,A,10,80,2020-03-15,12:29,12:29:40,12:30:15,0.05475,51.36604656,63.50125668,39.70544332,-1.738039783,0.992975157,234.670905
2020,March,15,QUE,B,4,B,10,80,2020-03-15,12:34,12:34:21,12:34:56,0.06675,51.36444595,63.49055212,39.74841236,-1.79299102,0.988532664,246.0913395
2020,March,15,QUE,B,5,A,10,80,2020-03-15,12:17,12:17:7,12:17:42,0.0545,51.35821901,63.51740537,41.66991736,-2.367839035,0.998385917,174.6767073
2020,March,15,QUE,B,5,B,10,80,2020-03-15,12:20,12:21:0,12:21:35,0.0525,51.36296875,63.4999175,40.74194417,-12.33142108,0.997107293,455.7282578
2020,March,13,TRE,B,1,A,10,80,2020-03-13,14:28,14:28:39,14:29:14,0.054,51.35984187,65.65175772,10.20307927,-0.2665686,0.986342272,9.047905607
2020,March,13,TRE,B,1,B,10,80,2020-03-13,14:34,14:34:59,14:35:34,0.057,51.39906333,65.60350917,9.622503125,-0.505885133,0.998449457,-62.95598384
2020,March,13,TRE,B,2,A,10,80,2020-03-13,14:43,14:43:13,14:43:48,0.05575,51.358,65.67156154,10.69728826,-0.516126773,0.982449844,116.4531992
2020,March,13,TRE,B,2,B,10,80,2020-03-13,14:48,14:50:40,14:51:15,0.05125,51.3582598,65.5620201,10.66981667,-0.731718657,0.998535018,0.739968848
2020,March,13,TRE,B,3,A,10,80,2020-03-13,14:55,14:55:44,14:56:19,0.058,51.37751707,65.58868455,10.94004024,-0.667970074,0.995587368,48.71296975
2020,March,13,TRE,B,3,B,10,80,2020-03-13,15:0,15:0:53,15:1:28,0.05475,51.38590279,65.54870478,10.20035562,-0.764116494,0.950379596,251.0958596
2020,March,13,TRE,B,4,A,10,80,2020-03-13,15:6,15:6:42,15:7:17,0.0485,51.35548972,65.5871332,10.40609486,-0.528191777,0.984436008,130.9860222
2020,March,13,TRE,B,4,B,10,80,2020-03-13,15:11,15:11:40,15:12:15,0.053,51.3524156,65.5431816,10.333126,-0.828090163,0.987447958,166.8347532
2020,March,13,TRE,B,5,A,10,80,2020-03-13,15:17,15:17:28,15:18:3,0.05575,51.36898008,65.5506996,10.48023267,-0.559060265,0.997929203,-24.81121919
2020,March,13,TRE,B,5,B,10,80,2020-03-13,15:25,15:25:22,15:25:57,0.055,51.35864194,65.53764153,10.15189315,-0.639769698,0.997542866,8.410478451
2020,March,13,TRE,C,1,A,10,80,2020-03-13,13:06,13:06:15,13:07:26,0.0575,51.03862903,64.86330645,19.23991935,-0.414767306,0.986080601,168.4163672
2020,March,13,TRE,C,1,B,10,80,2020-03-13,13:03,13:03:12,13:04:23,0.064,51.03867769,64.86578512,19.43231405,-2.091258337,0.997997998,241.7146472
2020,March,13,TRE,C,2,A,10,80,2020-03-13,12:58,12:58:59,13:00:10,0.0545,51.03520468,64.8645614,17.67076023,-0.526476782,0.991778444,171.476737
2020,March,13,TRE,C,2,B,10,80,2020-03-13,12:54,12:54:24,12:55:35,0.055,51.03404372,64.88693989,17.92601093,-1.566088586,0.998678866,193.5099445
2020,March,13,TRE,C,3,A,10,80,2020-03-13,12:49,12:49:44,12:50:54,0.04825,51.03433962,64.87761006,17.71194969,-2.120347254,0.999508306,183.5492586
2020,March,13,TRE,C,3,B,10,80,2020-03-13,12:46,12:46:21,12:47:31,0.0645,51.03182482,64.89751825,17.32635036,-0.195592328,0.900673762,188.0840767
2020,March,13,TRE,C,4,A,10,80,2020-03-13,12:41,12:41:24,12:42:34,0.0605,51.02,64.92,15.55,-2.41942E-15,0.50380111,-3971.320209
2020,March,13,TRE,C,4,B,10,80,2020-03-13,12:37,12:37:26,12:38:36,0.05325,51.02,64.92,15.55,-2.12949E-15,0.50380111,-3971.320209
2020,March,13,TRE,C,5,A,10,80,2020-03-13,12:30,12:30:22,12:31:32,0.0625,51.02848921,64.92302158,17.09625899,-0.78998581,0.953356736,332.9922591
2020,March,13,TRE,C,5,B,10,80,2020-03-13,12:33,12:33:56,12:35:06,0.053,51.02909091,64.90892562,16.43132231,0.156880011,0.895060646,188.8423104
2020,March,15,WAY,B,1,A,10,80,2020-03-15,15:06,15:06:14,15:07:24,0.065,51.04404959,69.93008264,24.21165289,-2.719388148,0.985283611,409.1192173
2020,March,15,WAY,B,1,B,10,80,2020-03-15,15:09,15:09:33,15:10:44,0.0575,51.04520661,69.93322314,23.67371901,-8.287232099,0.998848929,403.6543468
2020,March,15,WAY,B,2,A,10,80,2020-03-15,15:13,15:13:58,15:15:09,0.055,51.04139344,69.93909836,22.93237705,-0.894634265,0.996837711,165.784154
2020,March,15,WAY,B,2,B,10,80,2020-03-15,15:17,15:17:27,15:18:37,0.06325,51.04207692,69.93492308,22.74023077,-0.303795114,0.971515231,149.5047312
2020,March,15,WAY,B,3,A,10,80,2020-03-15,15:20,15:20:49,15:22:00,0.0625,51.04099237,69.91320611,22.54977099,-0.55074422,0.988021118,175.8437892
2020,March,15,WAY,B,3,B,10,80,2020-03-15,15:23,15:24:00,15:25:10,0.0575,51.03916667,69.96716667,22.51391667,-3.203645823,0.998737393,274.2356832
2020,March,15,WAY,B,4,A,10,80,2020-03-15,15:27,15:27:49,15:28:59,0.05875,51.03785124,69.89322314,22.08520661,-0.791025611,0.995329391,165.770225
2020,March,15,WAY,B,4,B,10,80,2020-03-15,15:30,15:31:04,15:32:14,0.06125,51.03944444,69.89103175,21.85095238,-2.249805065,0.997424209,265.8482801
2020,March,15,WAY,B,5,A,10,80,2020-03-15,15:34,15:34:45,15:35:55,0.063,51.0385,69.89541667,21.77125,-1.248645109,0.990133358,274.0938131
2020,March,15,WAY,B,5,B,10,80,2020-03-15,15:37,15:37:52,15:39:02,0.05375,51.03793651,69.90642857,21.78563492,-1.089653425,0.997425265,181.3780241
2020,March,15,WAY,C,1,A,10,80,2020-03-15,13:01,13:01:33,13:02:43,0.05975,51.065625,69.685,34.84333333,-1.490469461,0.997257553,217.6928555
2020,March,15,WAY,C,1,B,10,80,2020-03-15,13:06,13:06:47,13:07:57,0.05975,51.06727273,69.69622378,35.20531469,-1.450920634,0.997192876,215.5647901
2020,March,15,WAY,C,2,A,10,80,2020-03-15,13:18,13:18:32,13:19:42,0.05375,51.0675,69.63164063,35.494375,-0.287147919,0.970199648,170.4085002
2020,March,15,WAY,C,2,B,10,80,2020-03-15,13:14,13:14:12,13:15:23,0.053,51.06884298,69.65280992,35.34479339,-0.106541607,0.82378166,171.4420343
2020,March,15,WAY,C,3,A,10,80,2020-03-15,13:24,13:24:29,13:25:40,0.0535,51.06634921,69.55873016,31.23722222,-0.758386725,0.995674156,172.3646876
2020,March,15,WAY,C,3,B,10,80,2020-03-15,13:31,13:31:28,13:32:39,0.05925,51.069875,69.5640625,39.0765,-0.499242551,0.990364649,157.065311
2020,March,15,WAY,C,4,A,10,80,2020-03-15,13:58,13:58:18,13:59:28,0.05725,51.06296053,69.50651316,29.88210526,-0.276513825,0.971752237,151.6090562
2020,March,15,WAY,C,4,B,10,80,2020-03-15,13:51,13:51:36,13:52:46,0.061,51.06413534,69.54015038,31.30481203,-1.150754492,0.995922573,206.0511508
2020,March,15,WAY,C,5,A,10,80,2020-03-15,14:04,14:05:07,14:06:17,0.0585,51.06208333,69.49425,26.69733333,-0.382642222,0.983591206,154.8017214
2020,March,15,WAY,C,5,B,10,80,2020-03-15,14:11,14:12:05,14:13:15,0.0635,51.06306452,69.49645161,27.23774194,-2.438870096,0.997947765,257.6117137
,,,,,,,,,,,,,,,,,,,
,,,,,,,,,,,,,,,,,,,
,,,,,,,,,,,,,,,,,,,
,,,,,,,,,,,,,,,,,,,
,,,,,,,,,,,,,,,,,,,
,,,,,,,,,,,,,,,,,,,
,,,,,,,,,,,,,,,,,,,
,,,,,,,,,,,,,,,,,,,
,,,,,,,,,,,,,,,,,,,
,,,,,,,,,,,,,,,,,,,
,,,,,,,,,,,,,,,,,,,
,,,,,,,,,,,,,,,,,,,
,,,,,,,,,,,,,,,,,,,
,,,,,,,,,,,,,,,,,,,
,,,,,,,,,,,,,,,,,,,
,,,,,,,,,,,,,,,,,,,
,,,,,,,,,,,,,,,,,,,
,,,,,,,,,,,,,,,,,,,
,,,,,,,,,,,,,,,,,,,
,,,,,,,,,,,,,,,,,,,
,,,,,,,,,,,,,,,,,,,
,,,,,,,,,,,,,,,,,,,
,,,,,,,,,,,,,,,,,,,
,,,,,,,,,,,,,,,,,,,
,,,,,,,,,,,,,,,,,,,
,,,,,,,,,,,,,,,,,,,
,,,,,,,,,,,,,,,,,,,
,,,,,,,,,,,,,,,,,,,
,,,,,,,,,,,,,,,,,,,
,,,,,,,,,,,,,,,,,,,
,,,,,,,,,,,,,,,,,,,
,,,,,,,,,,,,,,,,,,,
,,,,,,,,,,,,,,,,,,,
,,,,,,,,,,,,,,,,,,,
,,,,,,,,,,,,,,,,,,,
,,,,,,,,,,,,,,,,,,,
,,,,,,,,,,,,,,,,,,,
,,,,,,,,,,,,,,,,,,,
,,,,,,,,,,,,,,,,,,,
,,,,,,,,,,,,,,,,,,,
,,,,,,,,,,,,,,,,,,,
,,,,,,,,,,,,,,,,,,,
,,,,,,,,,,,,,,,,,,,
,,,,,,,,,,,,,,,,,,,
,,,,,,,,,,,,,,,,,,,
,,,,,,,,,,,,,,,,,,,
,,,,,,,,,,,,,,,,,,,
,,,,,,,,,,,,,,,,,,,
,,,,,,,,,,,,,,,,,,,
,,,,,,,,,,,,,,,,,,,