"year","month","day","site","treatment","plot_id","flux","t_start","t_finish","w_amb","t_ave","p_ave","c_ave","linear_model","nls_model","linear_rsqd","nls_sigma","linear_aic","nls_aic"
2018,"March",15,"ACJ","B",1,"ET",10,80,36.44660558,21.24913386,67.86322835,399.8719685,2.126164039,1.785214275,0.991678753,0.213418879,-104.9978605,-13.60751991
2018,"March",15,"ACJ","B",2,"ET",10,80,38.08511151,19.56301205,67.86096386,401.2115663,1.657829488,1.414528733,0.922818063,0.303249012,22.12262172,35.57412863
2018,"March",15,"ACJ","B",3,"ET",10,80,36.6534106,17.78672414,67.85103448,396.9831034,1.64633502,1.369065531,0.949696315,0.177798172,-42.87969385,-25.62696116
2018,"March",15,"ACJ","B",4,"ET",10,80,34.11533815,16.64042735,67.8325641,411.7483761,0.566194676,0.51212862,0.97454831,0.056856328,-215.1258034,-198.7896186
2018,"March",15,"ACJ","B",5,"ET",10,80,32.80123017,15.0288785,67.80915888,399.7324299,1.314991214,-1.189267855,0.966081034,0.113557775,-74.5128615,-101.9398281
2018,"March",15,"ACJ","B",1,"E",10,80,36.52214145,21.85495146,67.86223301,412.0872816,0.91123805,-0.728391401,0.981504852,0.057388719,-167.5508256,-197.4847877
2018,"March",15,"ACJ","B",2,"E",10,80,38.14860816,20.05655172,67.86224138,421.5009483,1.274612393,1.127800842,0.983196873,0.117730328,-127.7034955,-96.88794013
2018,"March",15,"ACJ","B",3,"E",10,80,36.6983274,18.14638655,67.85176471,419.4973109,0.814929874,-1.001096709,0.974736707,0.062802729,-162.5863775,-184.863679
2018,"March",15,"ACJ","B",4,"E",10,80,34.15905608,17.01316901,67.83288732,429.7464789,0.848392877,0.699880611,0.995050585,0.089640517,-274.5601464,-135.0504335
2018,"March",15,"ACJ","B",5,"E",10,80,32.86211103,15.57323077,67.81138462,414.9422308,0.288875891,-7.774540746,0.909925992,0.032265692,-215.8631414,-278.1028403
2018,"March",15,"ACJ","C",1,"ET",10,80,40.47395613,22.76305344,67.50610687,400.669771,1.76714986,1.290580215,0.985882901,0.123329119,-91.8229545,-90.38355594
2018,"March",15,"ACJ","C",2,"ET",10,80,40.47786847,22.70477064,67.50458716,382.0611927,2.311902799,2.033172628,0.992969059,0.175670848,-103.6639119,-40.85778351
2018,"March",15,"ACJ","C",3,"ET",10,60,39.79912671,22.595,67.5072973,396.5251351,1.941671887,1.607801678,0.977050436,0.17737337,-63.24679782,-27.09707995
2018,"March",15,"ACJ","C",4,"ET",10,80,37.53324857,22.80139535,67.50403101,414.9750388,0.871148053,0.771892707,0.985501876,0.078242513,-190.3327935,-154.0896322
2018,"March",15,"ACJ","C",5,"ET",10,80,39.65034807,22.77634146,67.50349593,407.4730894,1.029237205,0.395571315,0.951686494,0.133606305,-78.70158324,-79.17782886
2018,"March",15,"ACJ","C",1,"E",10,80,40.52548089,23.11852113,67.50126761,408.2121127,0.843379639,0.691198657,0.989318439,0.100002601,-216.7101036,-119.7360042
2018,"March",15,"ACJ","C",2,"E",10,80,40.48775692,22.75654867,67.4999115,409.110885,0.71468353,0.577404686,0.987661323,0.046501075,-230.0443229,-226.936911
2018,"March",15,"ACJ","C",3,"E",10,80,39.81453459,22.69358333,67.50366667,415.1830833,0.576552583,0.515599642,0.990072557,0.043713097,-276.191138,-235.592785
2018,"March",15,"ACJ","C",4,"E",10,80,37.53676265,22.82161616,67.50232323,418.5114141,0.514757957,0.454430821,0.986056189,0.046558918,-267.7581738,-226.7628717
2018,"March",15,"ACJ","C",5,"E",10,80,39.66907808,22.90822581,67.50169355,420.1689516,0.334482728,0.272187106,0.986411961,0.042514323,-330.8204764,-239.4857292
2018,"March",13,"PIL","B",1,"ET",20,80,32.91333457,22.31925373,65.91179104,418.3297761,0.502088086,0.346493719,0.988987002,0.085193053,-262.9547586,-121.3017151
2018,"March",13,"PIL","B",2,"ET",10,80,35.30648325,22.92267717,65.90582677,395.9359843,1.794895475,1.421716592,0.984223295,0.261150701,-78.11851785,14.65019751
2018,"March",13,"PIL","B",3,"ET",10,80,34.60983397,22.95233083,65.89488722,398.5554135,2.015344518,1.726801995,0.991551219,0.193323663,-106.5170233,-27.45226106
2018,"March",13,"PIL","B",4,"ET",10,80,35.03671448,23.66976563,65.88992188,423.239375,0.650317014,-0.065365093,0.988504315,0.84811932,-244.6614115,179.5595147
2018,"March",13,"PIL","B",5,"ET",10,80,34.64448947,23.72757576,65.88272727,404.5732576,1.341579011,1.260803602,0.984344531,0.101019921,-119.550427,-118.3189887
2018,"March",13,"PIL","B",1,"E",10,80,32.88413071,22.04869919,65.9099187,418.2273984,0.292612364,0.253384326,0.983957124,0.030933493,-334.9011498,-284.005942
2018,"March",13,"PIL","B",2,"E",10,80,35.32732019,23.07929688,65.90179688,409.0817188,0.924360952,0.620574554,0.978622917,0.08444478,-150.2841615,-143.4097757
2018,"March",13,"PIL","B",3,"E",10,80,34.61161377,23.00914063,65.90414063,417.1858594,0.753342841,0.653632983,0.99607042,0.060597898,-300.887807,-189.8670434
2018,"March",13,"PIL","B",4,"E",10,80,35.01642574,23.47354839,65.88451613,417.4183065,0.567530629,0.463273326,0.992007718,0.069161393,-290.1504116,-171.3614794
2018,"March",13,"PIL","B",5,"E",10,80,34.67948686,23.98984615,65.87438462,413.0730769,0.782767378,0.71683027,0.982818091,0.067441204,-189.1611473,-174.8876088
2018,"March",14,"PIL","BB",1,"ET",10,80,32.34436051,22.5171875,66.00945313,409.5735938,1.142056571,0.969046002,0.988043405,0.122957716,-162.7071642,-90.80579869
2018,"March",14,"PIL","BB",2,"ET",20,80,34.83364085,22.12488636,65.9825,383.6770455,2.756903755,2.160177033,0.920224882,0.492856398,70.05737037,89.33403936
2018,"March",14,"PIL","BB",3,"ET",10,70,33.36462786,12.16542857,65.93514286,396.6758571,0.837909408,-1.143772235,0.939347169,0.104812132,-97.30265343,-96.43175936
2018,"March",14,"PIL","BB",1,"E",10,80,32.32917269,22.38584507,66.01112676,417.9007746,0.638421644,1.577177465,0.979559194,0.066379236,-206.6680995,-177.1096706
2018,"March",14,"PIL","BB",2,"E",10,80,34.9034713,22.70952381,65.98087302,407.4066667,1.075614942,0.917400594,0.98885587,0.109764075,-176.0703131,-106.6968114
2018,"March",14,"PIL","BB",3,"E",10,80,34.42743358,21.31408759,65.94861314,405.8991241,1.260001663,1.157231453,0.977151743,0.120640716,-102.4093986,-93.46911412
2018,"March",14,"PIL","C",2,"ET",10,80,32.57511103,18.581,66.12466667,418.7978333,0.538042419,-0.508303596,0.986978264,0.031046056,-265.6016244,-283.4974233
2018,"March",14,"PIL","C",3,"ET",10,80,32.42694641,19.09920792,66.11514851,415.0769307,0.396385,0.310167093,0.889101017,0.097517326,-149.2085511,-123.2592629
2018,"March",14,"PIL","C",4,"ET",10,80,32.78414597,20.14329949,66.09786802,421.4641117,1.016092878,1.025218646,0.960592498,0.118568128,-93.95755057,-95.89519232
2018,"March",14,"PIL","C",5,"ET",10,80,34.04292748,20.83684211,66.08924812,409.4018045,0.929088507,0.790062507,0.982462575,0.107183833,-165.3752584,-110.0271127
2018,"March",14,"PIL","C",1,"E",10,80,32.01235219,18.19936508,66.12269841,421.8061111,0.146159403,0.116046677,0.946637038,0.027211712,-347.7372677,-301.9528258
2018,"March",14,"PIL","C",2,"E",10,80,32.55515727,18.38622449,66.12102041,419.8431633,0.229602869,0.201848165,0.98255391,0.023061842,-365.5181808,-325.1183587
2018,"March",14,"PIL","C",3,"E",10,80,32.45192819,19.33573529,66.11772059,422.5875735,0.365212364,0.242538233,0.898081449,0.072630493,-167.4302197,-164.5095929
2018,"March",14,"PIL","C",4,"E",10,80,32.75662168,19.93033058,66.1053719,415.5023967,0.4625213,-0.096496053,0.974983609,0.044681215,-239.1443127,-232.5260288
2018,"March",14,"PIL","C",5,"E",10,80,34.02517686,20.69850746,66.09261194,417.3316418,0.400133798,0.393057928,0.957218666,0.048733495,-219.879104,-220.3721511
2018,"March",17,"QUE","B",1,"ET",10,60,21.38897662,17.87736842,64.36934211,410.78,0.949041603,0.770838598,0.952540813,0.117289666,-94.65226211,-68.45810912
2018,"March",17,"QUE","B",2,"ET",10,80,33.3181933,19.18689922,64.36813953,400.2725581,1.454234692,1.256444945,0.98875458,0.144588975,-130.8144613,-68.11816375
2018,"March",17,"QUE","B",3,"ET",10,80,30.39200593,17.44488,64.31888,419.89448,1.641789283,1.387224916,0.98859082,0.10538007,-113.289916,-112.4031784
2018,"March",17,"QUE","B",4,"ET",10,80,33.45244343,15.50210145,64.31471014,386.5418841,1.934079325,1.51228674,0.982826209,0.29583769,-61.51976419,32.11006245
2018,"March",17,"QUE","B",5,"ET",10,80,29.31328268,14.5210687,64.29381679,396.670916,2.26060672,2.042202407,0.98590155,0.187391378,-53.99946824,-31.81556159
2018,"March",17,"QUE","B",1,"E",10,50,21.36274215,17.53118182,64.37172727,398.6018182,0.524959981,0.451599549,0.91134733,0.056909216,-114.0409773,-111.8404875
2018,"March",17,"QUE","B",2,"E",10,80,33.35445894,19.50175573,64.36740458,408.2361832,0.722503622,0.602269783,0.976889172,0.097874324,-179.3523859,-124.5575242
2018,"March",17,"QUE","B",3,"E",10,80,30.47836408,18.26713115,64.31811475,411.6162295,0.867773645,0.760585933,0.990557571,0.076648737,-216.990995,-156.9708338
2018,"March",17,"QUE","B",4,"E",10,80,33.59635328,16.70346457,64.30574803,407.7124409,1.07784603,0.992944451,0.983062419,0.08964504,-144.905409,-135.0433696
2018,"March",17,"QUE","B",5,"E",20,90,29.2402044,13.82669231,64.29892308,402.8649231,0.660263346,0.452444967,0.969138559,0.142622372,-172.2952091,-70.03541836
2018,"March",12,"WAY","B",1,"ET",10,80,34.63306522,29.79829457,71.01162791,394.3089922,2.320822616,1.760567927,0.99212866,0.340476597,-98.87638045,51.78502307
2018,"March",12,"WAY","B",2,"ET",10,80,34.79440023,30.43044444,70.99074074,416.8948889,2.328643494,2.047076794,0.987917004,0.19596451,-67.35512902,-25.55277166
2018,"March",12,"WAY","B",3,"ET",10,80,36.27794041,31.55896825,70.95365079,397.3901587,4.285958699,3.868597231,0.990357978,0.284324449,3.684538983,26.55276964
2018,"March",12,"WAY","B",4,"ET",10,80,41.51492964,33.84783582,70.91798507,398.5814179,3.81693077,3.421367757,0.975707747,0.348147481,55.0194429,54.90419413
2018,"March",12,"WAY","B",5,"ET",10,80,37.90941648,35.01603053,70.87541985,398.7749618,3.227974682,2.827657225,0.981476707,0.321547861,12.19079641,43.77702401
2018,"March",12,"WAY","B",1,"E",10,80,34.66464104,30.05719697,71.00757576,413.0260606,1.979784662,1.78022065,0.980421251,0.177375343,-55.79857117,-39.50594258
2018,"March",12,"WAY","B",2,"E",10,80,34.83155645,30.73464286,70.98607143,415.2561607,1.824003065,1.653495701,0.984810251,0.146632047,-84.58306546,-66.15378019
2018,"March",12,"WAY","B",3,"E",10,80,36.35490679,32.20406504,70.95333333,414.2061789,1.873415133,1.705499369,0.970918693,0.194672792,-33.7040009,-26.47864937
2018,"March",12,"WAY","B",4,"E",10,80,41.6213584,34.56736486,70.90243243,418.6008784,1.703713207,1.428486598,0.990319236,0.174082637,-125.5177066,-42.12925624
2018,"March",12,"WAY","B",5,"E",10,80,37.92565792,35.10640845,70.86584507,414.7793662,2.375408489,2.147262375,0.987457795,0.179028651,-59.41490704,-38.20705237
2018,"March",12,"WAY","C",1,"ET",10,80,37.60423601,28.39096774,70.44379032,419.3093548,1.670608973,1.404042205,0.984294302,0.186163221,-95.5501874,-32.73613682
2018,"March",12,"WAY","C",2,"ET",10,80,42.48327801,28.16173228,70.42700787,399.3146457,2.950705789,2.396900983,0.986782392,0.357349464,-27.20540876,58.55651532
2018,"March",12,"WAY","C",3,"ET",10,80,39.33975282,29.86618321,70.38862595,404.8784733,2.299668372,2.033696604,0.991035792,0.17548103,-89.61416187,-41.00913927
2018,"March",12,"WAY","C",4,"ET",10,80,44.82355714,30.1040146,70.33737226,405.7644526,2.648185729,2.347091851,0.976049195,0.273467225,1.504261618,21.101977
2018,"March",12,"WAY","C",5,"ET",10,80,38.17818398,29.8502963,70.27681481,409.242,1.610155351,1.411218377,0.996378564,0.113992071,-204.7300517,-101.4054275
2018,"March",12,"WAY","C",1,"E",10,80,37.57294104,28.12676923,70.44069231,415.6887692,1.156185616,0.976861873,0.990104923,0.114829695,-181.0896464,-100.3804558
2018,"March",12,"WAY","C",2,"E",10,80,42.61379165,29.01945701,70.41117647,422.9938462,1.558884407,-0.854846143,0.967122464,0.148305479,-51.2316353,-64.56508466
2018,"March",12,"WAY","C",3,"E",10,80,39.37370694,30.09639535,70.38135659,430.1017442,1.668467235,1.481240059,0.981728922,0.157142316,-83.78731413,-56.46221098
2018,"March",12,"WAY","C",4,"E",10,80,44.83455554,30.13412214,70.32709924,420.5141985,1.464524807,-3.264893524,0.957850673,0.144792796,-41.07444064,-66.89435424
2018,"March",12,"WAY","C",5,"E",10,80,38.18183531,29.85353846,70.27084615,416.1406154,1.171441656,1.046013735,0.98920737,0.090702224,-171.7765823,-133.402009
2019,"July",7,"ACJ","B",1,"ET",10,60,16.9031009,17.62673913,68.09934783,367.1263043,1.003010982,0.841594763,0.95145292,0.110146389,-93.68644476,-74.74174499
2019,"July",7,"ACJ","B",2,"ET",10,80,17.22522184,18.49769231,68.07153846,383.9123077,0.877521155,0.853394933,0.972629379,0.086941993,-146.4964667,-139.3297108
2019,"July",7,"ACJ","B",3,"ET",10,80,16.33770564,18.34247423,68.04876289,390.8201031,0.645538468,0.541426992,0.990238977,0.06797266,-264.5853591,-173.7886937
2019,"July",7,"ACJ","B",4,"ET",10,60,16.48966061,17.8127957,68.02709677,370.1177419,0.289277341,0.250052933,0.891869438,0.04367137,-176.1768476,-167.2535002
2019,"July",7,"ACJ","B",5,"ET",10,60,15.70886745,17.03786517,68.0205618,374.0875281,0.037977943,-0.007568605,0.193783524,0.094235177,-203.2008905,-90.34341973
2019,"July",7,"ACJ","B",1,"E",10,80,16.9031009,18.01976471,68.09376471,406.5028235,0.40243539,0.373331714,0.980237477,0.033548592,-281.1379928,-272.6441867
2019,"July",7,"ACJ","B",2,"E",10,60,17.22522184,18.56588889,68.06866667,405.9174444,0.420366619,0.125676792,0.963101822,0.247383674,-196.5743032,6.171272331
2019,"July",7,"ACJ","B",3,"E",10,80,16.33770564,18.22444444,68.04344444,404.3342222,0.461329924,-0.090645865,0.984063117,0.686157695,-277.1035338,149.8915749
2019,"July",7,"ACJ","B",4,"E",10,80,16.48966061,17.672,68.02644444,403.4657778,0.181630324,0.168190622,0.954407278,0.023133661,-332.9123972,-324.683048
2019,"July",7,"ACJ","B",5,"E",10,80,15.70886745,16.65532609,68.01782609,380.9780435,0.106008303,0.048205799,0.725423296,0.051662544,-262.853587,-212.2008475
2019,"April",10,"ACJ","B",1,"ET",10,80,11.00659832,27.43012346,67.96148148,406.9965432,1.872353749,1.62194501,0.99528414,0.158260732,-160.8762452,-55.46932936
2019,"April",10,"ACJ","B",1,"ET1",10,80,11.00659832,27.67965116,67.95627907,404.2587209,1.666816505,1.484343689,0.982317432,0.162531717,-82.43071165,-51.7412292
2019,"April",10,"ACJ","B",1,"ET2",10,80,11.00659832,28.56870968,67.95086022,410.1425806,1.225905321,1.660985805,0.968055134,0.114342327,-82.64264871,-100.9759182
2019,"April",10,"ACJ","B",1,"ET3",10,80,11.00659832,28.97489362,67.94553191,407.8801064,1.334213302,1.156211104,0.979925695,0.150602746,-104.2834291,-62.41309487
2019,"April",10,"ACJ","B",2,"ET",10,80,12.33506607,31.5141,67.9126,407.6184,1.495758606,1.397418174,0.969813733,0.160557585,-57.05358705,-53.45209934
2019,"April",10,"ACJ","B",2,"ET1",10,80,12.33506607,31.795,67.90639535,410.275,1.669869881,1.515950556,0.981059814,0.156672715,-75.22483978,-56.8812101
2019,"April",10,"ACJ","B",2,"ET2",10,80,12.33506607,32.09818182,67.90125,410.7165909,1.428114074,1.809187099,0.95266287,0.163308249,-30.19445911,-51.07394015
2019,"April",10,"ACJ","B",2,"ET3",10,80,12.33506607,32.40097826,67.8951087,415.2626087,1.529358068,1.399583091,0.953406993,0.214142188,-21.32902928,-13.13384027
2019,"April",10,"ACJ","B",3,"ET",10,80,10.66302092,33.09989247,67.86817204,412.5829032,1.351559214,2.392364875,0.937138413,0.153125909,-16.04867532,-60.08699987
2019,"April",10,"ACJ","B",3,"ET1",10,80,10.66302092,33.12057471,67.86137931,416.7236782,1.211312974,1.342446072,0.966587191,0.122114531,-78.75184938,-91.76915826
2019,"April",10,"ACJ","B",3,"ET2",10,80,10.66302092,33.08235849,67.85792453,415.1159434,3.224586155,1.777142734,0.895235941,0.56460325,51.06958719,156.4926177
2019,"April",10,"ACJ","B",3,"ET3",10,80,10.66302092,33.0451087,67.8573913,414.4065217,1.319094202,1.350478063,0.973281425,0.12874773,-83.0480786,-84.36378505
2019,"April",10,"ACJ","B",4,"ET",10,80,10.09670836,33.33863636,67.83189394,412.4601515,1.757955249,1.546015977,0.992373172,0.149523264,-131.7762214,-61.49560793
2019,"April",10,"ACJ","B",4,"ET1",10,80,10.09670836,33.7225,67.82770833,415.7414583,1.481767712,1.469943372,0.9820421,0.118922045,-94.81721251,-95.47792499
2019,"April",10,"ACJ","B",4,"ET2",10,80,10.09670836,34.00820225,67.82247191,416.7224719,1.486638221,1.230994779,0.991851088,0.176271794,-151.214438,-40.3796799
2019,"April",10,"ACJ","B",4,"ET3",10,80,10.09670836,34.32989362,67.82010638,416.5175532,1.346914105,1.134694072,0.994865059,0.138318927,-197.709119,-72.0886354
2019,"April",10,"ACJ","B",5,"ET",10,80,10.32653573,34.96433333,67.79077778,413.9031111,1.425114629,1.279196754,0.99041243,0.105631878,-144.965305,-112.0690439
2019,"April",10,"ACJ","B",5,"ET1",10,80,10.32653573,34.91655914,67.78978495,417.2564516,1.68794563,1.374010499,0.99709798,0.20423312,-206.3664827,-20.10547099
2019,"April",10,"ACJ","B",5,"ET2",10,80,10.32653573,34.87702128,67.78744681,416.6251064,1.228199234,1.118481294,0.989945878,0.087663901,-162.0031174,-134.1116923
2019,"April",10,"ACJ","B",5,"ET3",10,80,10.32653573,34.90247312,67.78204301,418.4762366,1.002864185,0.918049316,0.986450881,0.077092981,-170.1437,-156.1617579
2019,"April",10,"ACJ","B",1,"E",10,80,11.00659832,29.49868132,67.94395604,413.2871429,0.693251283,0.782979398,0.967790417,0.073711978,-162.4896608,-162.4403294
2019,"April",10,"ACJ","B",2,"E",10,80,12.33506607,32.78956044,67.89010989,421.1872527,1.047691498,1.43991459,0.96059772,0.095948025,-87.35125882,-125.5305433
2019,"April",10,"ACJ","B",3,"E",10,80,10.66302092,33.03308511,67.85191489,421.7607447,1.121934285,1.127047343,0.985800649,0.077511599,-151.7406695,-155.4036103
2019,"April",10,"ACJ","B",4,"E",10,80,10.09670836,34.60224719,67.81775281,421.658764,1.034140547,0.940763588,0.985347086,0.089251722,-160.6514384,-137.6532665
2019,"April",10,"ACJ","B",5,"E",10,80,10.32653573,34.87988764,67.78078652,423.3985393,0.630407482,0.574433034,0.981810752,0.057065558,-214.7972359,-198.2753666
2019,"November",23,"ACJ","B",1,"ET",10,80,17.37929984,19.44314607,67.96078652,433.4538202,1.376393435,1.054846837,0.96707526,0.240208996,-68.37362092,2.947838331
2019,"November",23,"ACJ","B",2,"ET",10,80,17.89672268,20.41021978,67.9389011,406.2725275,0.591649927,0.524799562,0.92749932,0.100929757,-128.7153634,-118.4439999
2019,"November",23,"ACJ","B",3,"ET",10,80,17.58971633,20.61088889,67.922,415.2851111,0.578657827,-0.480450059,0.944572651,1.320554326,-152.1050094,241.54949
2019,"November",23,"ACJ","B",4,"ET",10,80,17.43959754,20.68306818,67.89579545,404.42,0.602648895,0.668616195,0.944403173,0.083941575,-146.0236264,-144.2465298
2019,"November",23,"ACJ","B",5,"ET",10,80,17.52845461,21.10663043,67.87543478,409.6717391,0.620606136,0.484494418,0.947056747,0.116794327,-145.2849727,-98.00544167
2019,"November",23,"ACJ","B",1,"E",10,80,17.37929984,19.51354839,67.95903226,444.1868817,0.319293679,0.175615697,0.742429793,0.140560222,-110.9639828,-72.07442847
2019,"November",23,"ACJ","B",2,"E",10,80,17.89672268,20.25688889,67.93877778,414.3256667,0.400924434,0.3399191,0.926472309,0.073281435,-182.9883589,-163.2604505
2019,"November",23,"ACJ","B",3,"E",10,80,17.58971633,20.62768421,67.91273684,418.1094737,0.38141103,0.309538621,0.83817034,0.105234946,-126.6959392,-110.9312989
2019,"November",23,"ACJ","B",4,"E",10,80,17.43959754,20.79179775,67.89044944,413.4405618,0.283724139,0.234084488,0.78341188,0.090973466,-143.0962042,-132.9839681
2019,"November",23,"ACJ","B",5,"E",10,80,17.52845461,21.19155556,67.869,415.8026667,0.178954606,0.144973606,0.672959046,0.218108554,-168.2644704,-10.56446723
2019,"April",10,"ACJ","C",1,"ET",10,80,11.03011585,25.62466667,67.31822222,405.2696667,1.094523475,0.932398606,0.994106515,0.105850536,-220.6921822,-111.7795437
2019,"April",10,"ACJ","C",1,"ET1",10,80,11.03011585,25.43044944,67.32224719,405.0797753,1.041067152,0.886720318,0.995546925,0.098463247,-247.9154973,-121.9078034
2019,"April",10,"ACJ","C",1,"ET2",10,80,11.03011585,25.25786517,67.32730337,406.2602247,0.992397731,0.82375622,0.994180146,0.111378607,-235.7927729,-106.2038794
2019,"April",10,"ACJ","C",1,"ET3",10,80,11.03011585,25.09477273,67.32602273,407.9319318,1.017984348,0.897403766,0.991781337,0.085554787,-207.4752413,-141.5814982
2019,"April",10,"ACJ","C",2,"ET",10,80,7.880277357,24.79703297,67.32164835,408.253956,1.672381467,1.526326156,0.982270648,0.149385442,-81.83579687,-63.54929662
2019,"April",10,"ACJ","C",2,"ET1",10,80,7.880277357,24.60406593,67.32373626,407.0358242,1.188433532,1.047413953,0.987863603,0.110464685,-157.7553362,-105.8060493
2019,"April",10,"ACJ","C",2,"ET2",10,80,7.880277357,23.54011236,67.30786517,428.8819101,1.193130257,1.025851314,0.984743635,0.130209964,-141.1906072,-82.7827159
2019,"April",10,"ACJ","C",2,"ET3",10,80,7.880277357,23.36197802,67.30978022,432.2698901,1.038263156,0.934197368,0.987746009,0.086211202,-176.785646,-138.4478515
2019,"April",10,"ACJ","C",3,"ET",10,80,8.433898891,22.83880435,67.305,419.2031522,0.913286138,0.777439605,0.995814215,0.08637381,-272.1055242,-140.2476411
2019,"April",10,"ACJ","C",3,"ET1",10,80,8.433898891,22.6756044,67.30483516,419.7183516,0.964189136,0.851662851,0.989420621,0.085286575,-198.1903404,-142.0210836
2019,"April",10,"ACJ","C",3,"ET2",10,80,8.433898891,22.4956044,67.30637363,421.1585714,1.062150293,0.939990977,0.989176603,0.09357625,-182.8830507,-129.0347466
2019,"April",10,"ACJ","C",3,"ET3",10,80,8.433898891,22.35021978,67.30406593,431.5125275,0.976586666,0.86714645,0.981352898,0.098472237,-155.6871803,-121.8950214
2019,"April",10,"ACJ","C",4,"ET",10,80,6.877678733,21.80848485,67.30484848,434.2193939,0.645988162,0.586220244,0.986554197,0.053665139,-238.2525408,-206.8765663
2019,"April",10,"ACJ","C",4,"ET1",10,80,6.877678733,21.62404255,67.30180851,428.1534043,0.808796797,0.744811932,0.987449105,0.060839033,-211.37683,-189.3110517
2019,"April",10,"ACJ","C",4,"ET2",10,80,6.877678733,21.40244681,67.30585106,430.9167021,0.586109104,0.50670089,0.986336315,0.060743459,-251.1193932,-189.5311552
2019,"April",10,"ACJ","C",4,"ET3",10,80,6.877678733,21.15606383,67.30414894,433.8190426,0.584116481,0.526650344,0.990401458,0.044972805,-277.0522918,-231.6153542
2019,"April",10,"ACJ","C",1,"E",10,80,11.03011585,24.97835294,67.33211765,415.3790588,0.785902506,0.663482893,0.989595506,0.086978094,-227.3751107,-139.2715911
2019,"April",10,"ACJ","C",2,"E",10,80,7.880277357,23.18383838,67.31020202,443.8835354,0.797793519,1.239087149,0.965570415,0.078283823,-139.3723156,-154.0157346
2019,"April",10,"ACJ","C",3,"E",10,80,8.433898891,22.17117021,67.30787234,440.3173404,0.886191419,0.819162379,0.98542777,0.069539044,-187.4164864,-170.5990994
2019,"April",10,"ACJ","C",4,"E",10,80,6.877678733,20.90696629,67.30247191,437.7634831,0.445403555,0.404252762,0.988145157,0.035248572,-300.5687094,-265.7239711
2019,"July",12,"ACJ","C",1,"ET",10,80,14.88937275,19.42824176,67.57076923,392.226044,1.096699453,0.914694433,0.996098396,0.110531506,-253.3545819,-105.7213882
2019,"July",12,"ACJ","C",2,"ET",10,80,15.1457024,21.01086022,67.55516129,394.585914,0.777306735,0.662119483,0.937180499,0.133435405,-99.77121505,-79.35702159
2019,"July",12,"ACJ","C",3,"ET",10,80,15.38738547,23.37252747,67.54208791,405.8698901,0.397270228,0.345067625,0.986076296,0.039550871,-304.4861484,-249.6011903
2019,"July",12,"ACJ","C",3,"ET1",10,80,15.38738547,23.39623529,67.53258824,410.1577647,0.551139801,0.449157794,0.994013681,0.065209731,-318.5137911,-179.5982524
2019,"July",12,"ACJ","C",3,"ET2",10,80,15.38738547,23.40280899,67.53235955,411.9082022,0.438050211,0.343196511,0.995249953,0.059965,-367.6430931,-191.3369234
2019,"July",12,"ACJ","C",3,"ET3",10,80,15.38738547,23.40758242,67.53307692,412.7684615,0.278122836,0.236884734,0.99255191,0.026372233,-400.020972,-306.3398364
2019,"July",12,"ACJ","C",4,"ET",10,80,15.22372797,22.45690722,67.53731959,404.7817526,0.391221988,0.331385977,0.987434908,0.041869602,-314.5160968,-241.6250608
2019,"July",12,"ACJ","C",5,"ET",10,80,15.30225255,23.06288889,67.52433333,402.2407778,0.461591099,0.415156936,0.991227149,0.033724621,-316.5039135,-271.9115283
2019,"July",12,"ACJ","C",1,"E",10,80,14.88937275,20.00852632,67.57073684,405.7713684,0.456218153,0.384521933,0.994893243,0.044599537,-358.402589,-232.7821839
2019,"July",12,"ACJ","C",2,"E",10,80,15.1457024,21.81162791,67.55651163,411.7273256,0.406987438,0.348841783,0.978259936,0.048760789,-269.6506625,-220.2937648
2019,"July",12,"ACJ","C",3,"E",10,80,15.38738547,23.40142857,67.52755102,417.285,0.185997961,0.160297691,0.983900138,0.019863632,-401.8197192,-346.0187987
2019,"July",12,"ACJ","C",4,"E",10,80,15.22372797,22.66173469,67.53908163,416.1929592,0.122087164,0.084817808,0.936615262,0.029700785,-361.1322763,-289.699183
2019,"July",12,"ACJ","C",5,"E",10,80,15.30225255,23.25377778,67.52166667,409.9245556,0.265931022,0.209378361,0.994421625,0.035887039,-427.0546325,-263.2108035
2019,"November",20,"ACJ","C",1,"ET",10,80,18.0659442,23.3672043,67.65569892,401.0178495,0.516885599,0.436519982,0.994348645,0.050304347,-331.9891908,-215.9306621
2019,"November",20,"ACJ","C",2,"ET",10,80,18.5396214,23.36465116,67.63476744,400.0997674,0.556836879,0.457201467,0.992317693,0.063646717,-299.4439694,-182.9947884
2019,"November",20,"ACJ","C",3,"ET",10,80,18.46322432,23.99747368,67.60431579,399.8182105,1.307060753,2.049761841,0.932777419,0.145008729,-19.52536375,-67.71232039
2019,"November",20,"ACJ","C",4,"ET",10,80,17.35301803,24.68617021,67.57510638,417.9098936,0.898521099,0.741037463,0.993025487,0.098843656,-237.6679404,-119.5778356
2019,"November",20,"ACJ","C",5,"ET",10,80,18.32024078,25.27945652,67.55793478,399.7186957,1.423559589,0.991415049,0.972240312,0.301695944,-72.44447408,34.85528641
2019,"November",20,"ACJ","C",1,"E",10,80,18.0659442,23.45956522,67.64619565,409.4176087,0.271401495,0.231666609,0.969335764,0.035717261,-301.5433191,-263.8747034
2019,"November",20,"ACJ","C",2,"E",10,80,18.5396214,23.41206186,67.62989691,405.6039175,0.289666936,0.262088351,0.964809148,0.034436696,-282.1569241,-268.986287
2019,"November",20,"ACJ","C",3,"E",10,80,18.46322432,24.23414894,67.60148936,415.2455319,0.498821043,0.486656033,0.95665438,0.060498901,-189.1536597,-190.0959434
2019,"November",20,"ACJ","C",4,"E",10,80,17.35301803,25.06663043,67.5675,417.2691304,0.369169303,2.749827701,0.840215074,0.057445069,-129.6010531,-197.347388
2019,"November",20,"ACJ","C",5,"E",10,80,18.32024078,25.43723404,67.54808511,418.5225532,0.961931148,0.838627192,0.986131821,0.093223351,-178.2808346,-129.5637185
2019,"July",10,"ACJ","NB",1,"ET",10,80,8.094796901,15.24285714,68.32846154,398.8358242,1.815050486,1.420713803,0.98443621,0.265007125,-86.37665482,16.70246762
2019,"July",10,"ACJ","NB",1,"ET1",10,80,8.094796901,15.92388889,68.32066667,391.8525556,1.234714387,1.020976346,0.981216589,0.154250301,-127.1532924,-59.06274566
2019,"July",10,"ACJ","NB",1,"ET2",10,80,8.094796901,16.59622222,68.31977778,400.4904444,1.095547333,0.851308297,0.985463167,0.161466934,-162.299724,-52.66141933
2019,"July",10,"ACJ","NB",1,"ET3",10,80,8.094796901,17.261,68.314,391.3843333,1.181377557,1.089912693,0.985315035,0.087811686,-150.5001636,-137.9362292
2019,"July",10,"ACJ","NB",2,"ET",10,80,14.1147771,19.38433333,68.31255556,399.9892222,1.017888183,0.859240521,0.984900925,0.113612771,-168.6335511,-101.8720429
2019,"July",10,"ACJ","NB",2,"ET1",10,80,14.1147771,19.94978261,68.31119565,403.2368478,0.8908878,0.747827041,0.992620169,0.09140351,-238.6389026,-132.3237293
2019,"July",10,"ACJ","NB",2,"ET2",10,80,14.1147771,20.58543478,68.31108696,400.9515217,0.947950096,0.815613055,0.987941629,0.093049975,-194.3220769,-129.8243319
2019,"July",10,"ACJ","NB",2,"ET3",10,80,14.1147771,21.12347826,68.31347826,399.3040217,0.949181409,0.815348277,0.985611173,0.097876669,-181.1567552,-122.7443235
2019,"July",10,"ACJ","NB",3,"ET",10,80,14.44940183,22.89835165,68.29857143,401.1838462,1.319379762,0.946527034,0.981785598,0.247490264,-116.5358459,7.128502052
2019,"July",10,"ACJ","NB",3,"ET1",10,80,14.44940183,23.29521739,68.29652174,402.3725,0.987930933,0.719878345,0.984266445,0.177983951,-167.9487483,-39.02639793
2019,"July",10,"ACJ","NB",3,"ET2",10,80,14.44940183,23.65197802,68.30186813,402.0096703,1.177052337,0.906799371,0.991900143,0.172852168,-190.631665,-43.12233286
2019,"July",10,"ACJ","NB",3,"ET3",10,80,14.44940183,24.00868132,68.30032967,403.3563736,1.159167068,0.942544199,0.99278641,0.137699994,-200.8943141,-74.952641
2019,"July",10,"ACJ","NB",4,"ET",10,80,15.75095179,25.93880435,68.28434783,402.3806522,1.445840023,1.176091828,0.995331569,0.166232096,-199.6853334,-48.58957493
2019,"July",10,"ACJ","NB",4,"ET1",10,80,15.75095179,25.98611111,68.28533333,406.3262222,1.361521122,1.272148325,0.983478665,0.104740542,-117.5708772,-113.2553954
2019,"July",10,"ACJ","NB",4,"ET2",10,80,15.75095179,25.97359551,68.28213483,405.7347191,1.069032658,0.968867581,0.962544757,0.131488552,-92.29682605,-81.41470102
2019,"July",10,"ACJ","NB",4,"ET3",10,80,15.75095179,25.90741573,68.27898876,404.2746067,1.182566679,0.93914817,0.993399678,0.155034865,-203.4890917,-58.35246811
2019,"July",10,"ACJ","NB",5,"ET",10,80,14.79439127,25.18388889,68.28466667,397.0147778,1.614458124,0.479014539,0.986087688,0.163713253,-106.1357847,-50.72717062
2019,"July",10,"ACJ","NB",5,"ET1",10,80,14.79439127,25.37611111,68.28133333,399.871,1.834450881,1.6697925,0.991340561,0.121264293,-121.9219425,-92.74733499
2019,"July",10,"ACJ","NB",5,"ET2",10,80,14.79439127,25.54263736,68.28021978,396.2931868,1.725054392,1.448644197,0.993399452,0.175995177,-150.0342436,-40.5995493
2019,"July",10,"ACJ","NB",5,"ET3",10,80,14.79439127,25.69677778,68.27988889,397.2958889,1.718979283,1.528552223,0.992744006,0.127513078,-143.5772073,-85.71282168
2019,"July",10,"ACJ","NB",1,"E",10,80,8.094796901,18.01923913,68.31793478,403.6986957,0.856885544,0.73536137,0.979136875,0.096873205,-170.3350895,-124.1870572
2019,"July",10,"ACJ","NB",2,"E",10,80,14.1147771,21.66494505,68.31274725,407.7074725,0.475450442,0.416994486,0.977751342,0.051463662,-247.5702111,-212.7408373
2019,"July",10,"ACJ","NB",3,"E",10,80,14.44940183,24.43226804,68.30020619,407.7410309,0.618839197,0.485904596,0.992107588,0.085772816,-283.4126931,-141.2251741
2019,"July",10,"ACJ","NB",4,"E",10,80,15.75095179,25.67277778,68.28033333,410.308,0.743428601,0.620130703,0.986000851,0.087308676,-215.598356,-138.7404952
2019,"July",10,"ACJ","NB",5,"E",10,80,14.79439127,25.84582418,68.28032967,409.7198901,0.946511114,0.842605947,0.977780168,0.097892758,-147.8286722,-122.7213124
2019,"November",23,"ACJ","NB",1,"ET",10,80,17.08177997,16.2176087,68.17336957,402.1154348,0.625330363,0.530906914,0.982279541,0.069359332,-227.5225145,-170.9613729
2019,"November",23,"ACJ","NB",2,"ET",10,80,17.43960268,17.4432967,68.16615385,413.5354945,0.353364648,0.356117802,0.879741255,0.074030424,-164.1484062,-161.8368114
2019,"November",23,"ACJ","NB",3,"ET",10,80,15.91983352,18.24698925,68.14741935,406.0105376,0.86910757,0.765632241,0.965758133,0.106769452,-131.7394936,-110.5694118
2019,"November",23,"ACJ","NB",4,"ET",10,80,14.67094691,18.89,68.14456522,428.1163043,1.825707734,1.432735619,0.996929835,0.235826194,-199.5145625,0.369837635
2019,"November",23,"ACJ","NB",5,"ET",10,80,17.37781106,20.385,68.13522222,413.2536667,0.588962697,0.501195183,0.972615607,0.073969861,-202.3069786,-161.9513902
2019,"November",23,"ACJ","NB",1,"E",10,80,17.08177997,16.43538462,68.16791209,409.3089011,0.406031498,0.339843839,0.950014507,0.064009253,-212.7096617,-182.1996007
2019,"November",23,"ACJ","NB",2,"E",10,80,17.43960268,17.69516484,68.1567033,413.1038462,0.342070638,0.31073195,0.868201264,0.077278647,-161.1808723,-155.8249972
2019,"November",23,"ACJ","NB",3,"E",10,80,15.91983352,18.46645833,68.149375,412.1717708,0.424616827,0.359820301,0.923238054,0.078376336,-172.8436889,-153.8503856
2019,"November",23,"ACJ","NB",4,"E",10,80,14.67094691,19.04159574,68.1487234,407.4484043,0.951131707,0.946506463,0.93954871,0.135271283,-76.24573801,-77.44395507
2019,"November",23,"ACJ","NB",5,"E",10,80,17.37781106,20.55966667,68.13822222,426.3948889,0.24368368,0.157992874,0.923948144,0.066176674,-251.3649882,-177.5375462
2019,"April",9,"PIL","B",1,"ET",10,80,12.84639597,28.87450549,65.97978022,408.2535165,1.667472742,1.345974023,0.98861742,0.22564412,-109.3935508,-5.809202582
2019,"April",9,"PIL","B",1,"ET1",10,80,12.84639597,29.33021978,65.9789011,407.3012088,1.357733745,1.189330306,0.988580451,0.129337735,-138.1313581,-83.72367994
2019,"April",9,"PIL","B",1,"ET2",10,80,12.84639597,29.19955556,65.97777778,408.8798889,1.180148809,0.975665973,0.969276281,0.178210549,-86.42131762,-38.84827258
2019,"April",9,"PIL","B",1,"ET3",10,80,12.84639597,29.03544444,65.97844444,412.0135556,0.468870814,0.469499053,0.942143723,0.069540059,-170.6110265,-170.5970559
2019,"April",9,"PIL","B",2,"ET",10,80,12.7000519,29.34538462,65.97428571,410.4814286,1.383936499,1.218651097,0.94666366,0.220628982,-22.87452031,-8.955925064
2019,"April",9,"PIL","B",2,"ET1",10,80,12.7000519,29.38846154,65.96923077,409.5361538,1.274909175,1.507988014,0.943905293,0.181905612,-30.74464347,-35.97516044
2019,"April",9,"PIL","B",2,"ET2",10,80,12.7000519,29.21933333,65.97111111,410.8857778,1.174322516,0.907717996,0.975694087,0.202469165,-104.207917,-20.98120771
2019,"April",9,"PIL","B",2,"ET3",10,80,12.7000519,28.89784946,65.96892473,415.1427957,1.369997387,1.423909477,0.955684998,0.177368055,-38.35883291,-39.51169505
2019,"April",9,"PIL","B",3,"ET",10,80,12.75323218,30.26655556,65.98433333,412.3811111,1.129475975,0.997084452,0.989197273,0.102486986,-167.8301205,-116.3004567
2019,"April",9,"PIL","B",3,"ET1",10,80,12.75323218,30.31444444,65.974,414.3213333,1.366708619,1.118680369,0.992426326,0.169063727,-166.1343516,-46.2248704
2019,"April",9,"PIL","B",3,"ET2",10,80,12.75323218,30.08989474,65.97421053,417.1991579,1.168589458,0.982498121,0.990256387,0.133284989,-170.4735862,-79.51492685
2019,"April",9,"PIL","B",3,"ET3",10,80,12.75323218,29.74923077,65.97241758,414.3236264,0.974689155,0.893288733,0.982397179,0.088073853,-153.7706718,-137.5188734
2019,"April",9,"PIL","B",4,"ET",5,50,12.10420603,30.99633333,65.98444444,412.9371111,1.266694344,1.663546338,0.937209226,0.126157341,-52.36924959,-54.66162613
2019,"April",9,"PIL","B",4,"ET1",10,80,12.10420603,30.98811111,65.98255556,415.1922222,1.183452716,1.056296974,0.988617108,0.102790543,-157.0870666,-115.8864018
2019,"April",9,"PIL","B",4,"ET2",10,80,12.10420603,30.97935484,65.98473118,416.2972043,1.35654403,1.277294945,0.98844956,0.089352799,-136.6610481,-135.5005132
2019,"April",9,"PIL","B",4,"ET3",10,80,12.10420603,30.85262626,65.98171717,419.8222222,1.275748936,1.27957217,0.967452753,0.140812857,-70.37231989,-71.82302646
2019,"April",9,"PIL","B",5,"ET",10,80,11.90540738,29.49811111,65.996,408.8937778,1.805273865,1.496421713,0.991945585,0.213870688,-122.6448773,-13.31145209
2019,"April",9,"PIL","B",5,"ET1",10,80,11.90540738,29.73252747,65.99450549,410.357033,1.08265519,0.81278362,0.972874125,0.205871904,-107.5561437,-18.6478913
2019,"April",9,"PIL","B",5,"ET2",10,80,11.90540738,29.98978022,65.99054945,410.9608791,1.269471193,1.076762678,0.990206409,0.138972241,-158.3882093,-73.66508329
2019,"April",9,"PIL","B",5,"ET3",10,80,11.90540738,30.24066667,65.99155556,414.7821111,1.137014307,0.964091562,0.992455797,0.11950143,-192.6243951,-94.79750472
2019,"April",9,"PIL","B",1,"E",10,80,12.84639597,28.78307692,65.97241758,415.1468132,0.994350343,0.815107725,0.991809084,0.122568094,-206.4339532,-91.25012717
2019,"April",9,"PIL","B",2,"E",10,80,12.7000519,28.544,65.96222222,417.2705556,0.885046342,0.740463003,0.987758103,0.105567868,-194.2572265,-112.1539063
2019,"April",9,"PIL","B",3,"E",10,80,12.75323218,29.08967033,65.96175824,419.1463736,0.947216306,0.830824026,0.984230895,0.098029803,-166.0849374,-122.5254556
2019,"April",9,"PIL","B",4,"E",10,80,12.10420603,30.62633333,65.97733333,420.7043333,0.675375471,1.009272855,0.967507023,0.060817406,-160.9041176,-192.1222911
2019,"April",9,"PIL","B",5,"E",10,80,11.90540738,30.49747126,65.98908046,416.3732184,0.666864674,0.706515957,0.935701015,0.11024763,-111.9512945,-106.0814095
2019,"July",9,"PIL","B",1,"ET",10,80,14.91069857,24.30784946,66.19096774,405.4252688,1.178851239,1.114608672,0.986188868,0.086542277,-147.3427179,-139.9748454
2019,"July",9,"PIL","B",2,"ET",10,80,14.61342834,25.33857143,66.1743956,393.8859341,2.027151394,1.711026877,0.988871652,0.222217069,-85.39449914,-7.95181485
2019,"July",9,"PIL","B",3,"ET",10,80,15.0785886,26.34896552,66.15275862,401.8436782,1.212627033,1.044424818,0.984696719,0.132100846,-134.9055754,-80.76428557
2019,"July",9,"PIL","B",4,"ET",10,80,15.44256103,26.50896552,66.12632184,398.4737931,1.824830867,1.462667239,0.993114615,0.237087554,-134.0482952,1.116657904
2019,"July",9,"PIL","B",5,"ET",10,80,15.25106806,27.47808989,66.10629213,405.6129213,0.74495401,1.008572408,0.967375299,0.06931985,-148.4237726,-171.0410889
2019,"July",9,"PIL","B",1,"E",10,80,14.91069857,24.175,66.19223404,412.0314894,0.751475342,0.653482139,0.994821534,0.063310704,-281.6446956,-183.7358537
2019,"July",9,"PIL","B",2,"E",10,80,14.61342834,25.7848913,66.17293478,410.7983696,0.656393383,0.642608524,0.971380443,0.064738001,-176.9486602,-180.6146996
2019,"July",9,"PIL","B",3,"E",10,80,15.0785886,25.96766667,66.14944444,411.3723333,0.49471171,0.379026876,0.990676137,0.077968558,-298.0125943,-154.5806825
2019,"July",9,"PIL","B",4,"E",10,80,15.44256103,27.1028125,66.124375,410.7148958,0.772122006,0.741507256,0.979465064,0.069326691,-177.3392384,-171.0272742
2019,"July",9,"PIL","B",5,"E",10,80,15.25106806,27.39633333,66.10311111,413.1396667,0.362843576,0.746431191,0.911190089,0.058519635,-175.2767504,-194.7527442
2019,"November",25,"PIL","B",1,"ET",10,80,17.38822629,28.37711111,65.85777778,399.2262222,2.959446129,2.380843075,0.991332858,0.385215926,-47.45348196,69.06909121
2019,"November",25,"PIL","B",2,"ET",10,80,16.73761904,28.64934066,65.83901099,415.4538462,0.974199413,0.815128019,0.989370033,0.11240446,-190.4264246,-103.3689656
2019,"November",25,"PIL","B",3,"ET",10,80,17.55828208,28.52247312,65.81139785,413.433871,1.078741559,0.876854147,0.994825853,0.130593566,-227.4464396,-82.37087858
2019,"November",25,"PIL","B",4,"ET",10,80,18.03049992,27.63902174,65.79065217,420.4502174,0.280632658,0.180174167,0.980401577,0.069521473,-323.4737228,-170.6344791
2019,"November",25,"PIL","B",5,"ET",10,80,17.63886535,25.75255556,65.75266667,410.0698889,1.193095332,0.974881246,0.992778384,0.143510949,-190.5203696,-69.16588563
2019,"November",25,"PIL","B",1,"E",10,80,17.38822629,28.47873684,65.86136842,416.5424211,1.05488367,0.85175878,0.984121739,0.148589813,-150.3902097,-64.29693084
2019,"November",25,"PIL","B",2,"E",10,80,16.73761904,28.61644444,65.83433333,422.1845556,0.587201796,0.511925799,0.987123208,0.057891784,-248.5482394,-196.262905
2019,"November",25,"PIL","B",3,"E",10,80,17.55828208,28.41139785,65.80967742,421.3289247,0.920149018,0.750016011,0.996208498,0.108596073,-272.2848209,-108.1945379
2019,"November",25,"PIL","B",4,"E",10,80,18.03049992,28.14782609,65.78956522,425.12,0.31156423,0.231143592,0.981104086,0.057288029,-310.9709109,-197.730635
2019,"November",25,"PIL","B",5,"E",10,80,17.63886535,27.18795699,65.77473118,429.6752688,0.246874401,0.222091785,0.972274348,0.028160675,-316.5880698,-297.153762
2019,"April",9,"PIL","C",1,"ET",10,80,16.10599308,27.27747253,65.96802198,400.4968132,1.760722687,1.44640134,0.991353805,0.211849562,-122.1264781,-14.64077494
2019,"April",9,"PIL","C",1,"ET1",10,80,16.10599308,27.28533333,65.96466667,398.7247778,1.626695182,1.367816688,0.989067821,0.18208415,-116.5146148,-35.83782009
2019,"April",9,"PIL","C",1,"ET2",10,80,16.10599308,27.08613636,65.97045455,400.2430682,1.305130207,1.126577743,0.982364115,0.145524568,-113.4957601,-67.21518246
2019,"April",9,"PIL","C",1,"ET3",10,80,16.10599308,26.73782609,65.96521739,400.2434783,1.078270328,1.503417379,0.96267334,0.114381779,-86.03467314,-100.9276215
2019,"April",9,"PIL","C",2,"ET",10,80,16.4208675,27.63494505,65.97571429,397.1664835,2.243119808,1.718121055,0.983503282,0.37186839,-41.15451704,64.13212821
2019,"April",9,"PIL","C",2,"ET1",10,80,16.4208675,27.53428571,65.96912088,394.8907692,1.774981647,2.023270185,0.954024801,0.218848889,0.519494355,-10.09006383
2019,"April",9,"PIL","C",2,"ET2",10,80,16.4208675,27.27222222,65.97344444,398.0365556,1.268413472,1.01818687,0.968536142,0.205199762,-75.30910193,-19.10571839
2019,"April",9,"PIL","C",2,"ET3",10,80,16.4208675,27.14630435,65.96913043,401.9857609,1.791319698,1.592209402,0.97091256,0.212187994,-32.11626781,-14.4173016
2019,"April",9,"PIL","C",3,"ET",10,80,15.79944734,26.64511111,65.96944444,401.7986667,1.622501173,1.355736237,0.981476017,0.207108902,-79.20105396,-17.80920704
2019,"April",9,"PIL","C",3,"ET1",10,80,15.79944734,26.83311111,65.96755556,401.5671111,1.788512322,1.588087246,0.97957354,0.186664777,-58.20207044,-32.3594596
2019,"April",9,"PIL","C",3,"ET2",10,80,15.79944734,26.62197802,65.96538462,400.5063736,1.259275901,1.105636158,0.94621095,0.200329399,-36.89162186,-22.46865113
2019,"April",9,"PIL","C",3,"ET3",10,80,15.79944734,26.46274725,65.96395604,403.8734066,0.958506544,-0.415870342,0.951984188,0.161428099,-84.24633587,-52.69509452
2019,"April",9,"PIL","C",4,"ET",10,80,14.43030098,26.39065217,66.00228261,414.5632609,0.640754383,0.571884205,0.988997079,0.054179788,-248.8712139,-205.5403625
2019,"April",9,"PIL","C",4,"ET1",10,80,14.43030098,26.00703297,65.9989011,411.2720879,1.308040274,1.029889595,0.990080487,0.189843785,-155.1468378,-29.99525496
2019,"April",9,"PIL","C",4,"ET2",10,80,14.43030098,26.10088889,65.99666667,406.4576667,1.454535996,1.321844323,0.99069589,0.103112336,-144.587367,-115.4488068
2019,"April",9,"PIL","C",4,"ET3",10,80,14.43030098,26.059,65.99644444,411.1684444,0.899869594,0.783636376,0.99208526,0.080548057,-224.330453,-150.0239139
2019,"April",9,"PIL","C",5,"ET",10,80,14.22293014,29.08054348,65.995,414.3145652,1.193972142,1.084793825,0.989436933,0.090672317,-162.1069729,-133.4481785
2019,"April",9,"PIL","C",5,"ET1",10,80,14.22293014,28.61622222,65.994,423.2343333,0.52747453,0.41452853,0.994630843,0.074545201,-326.7783532,-160.866678
2019,"April",9,"PIL","C",5,"ET2",10,80,14.22293014,28.23044444,65.98944444,412.9931111,1.279158799,1.002545328,0.995636888,0.180864706,-215.9514133,-36.77857418
2019,"April",9,"PIL","C",5,"ET3",10,80,14.22293014,27.73787234,65.98882979,419.4689362,0.340359731,0.326790984,0.955230075,0.044232763,-235.9245983,-233.9382672
2019,"April",9,"PIL","C",1,"E",10,80,16.10599308,26.19758242,65.96054945,409.3345055,0.980884564,0.762491141,0.981692719,0.099000902,-151.7393833,-121.1454178
2019,"April",9,"PIL","C",2,"E",10,80,16.4208675,26.99228261,65.96695652,411.4793478,0.933287102,0.874975036,0.989850778,0.056411312,-200.9161423,-199.889712
2019,"April",9,"PIL","C",3,"E",10,80,15.79944734,26.27634409,65.95709677,407.8905376,0.7433802,0.682909178,0.979876726,0.066445749,-184.2141637,-174.3850266
2019,"April",9,"PIL","C",4,"E",10,80,14.43030098,25.82847826,65.99413043,415.0244565,0.700407449,0.601556559,0.995604759,0.063131189,-302.0704771,-184.1333824
2019,"April",9,"PIL","C",5,"E",10,80,14.22293014,27.05758242,65.99076923,421.38,0.396044244,0.349988449,0.981926267,0.041091032,-281.0606763,-244.2528855
2019,"July",9,"PIL","C",1,"ET",10,80,13.64082603,17.38373626,66.34714286,397.1832967,1.119272318,1.505814854,0.956992761,0.112389333,-75.59535269,-103.3878083
2019,"July",9,"PIL","C",2,"ET",10,80,13.34879796,18.89175824,66.33307692,399.6956044,1.056716345,0.892087953,0.988436998,0.11573496,-178.5514098,-99.28108759
2019,"July",9,"PIL","C",3,"ET",10,80,13.62633645,19.91296703,66.31736264,404.1654945,1.137328711,0.954349563,0.997733331,0.109166449,-283.9143614,-107.461144
2019,"July",9,"PIL","C",4,"ET",10,80,13.92598586,21.27913978,66.30182796,400.7103226,1.390396247,1.170227979,0.996940202,0.13472619,-233.3800082,-78.00924246
2019,"July",9,"PIL","C",5,"ET",10,80,15.86144865,22.93096774,66.27365591,397.1226882,1.800347811,1.589345865,0.993043093,0.141791106,-137.2108116,-70.85378763
2019,"July",9,"PIL","C",1,"E",10,80,13.64082603,17.84684783,66.34836957,407.5727174,0.764185259,0.656349773,0.995367683,0.066493811,-290.5869468,-176.8682301
2019,"July",9,"PIL","C",2,"E",10,80,13.34879796,19.18709677,66.32967742,406.6684946,0.524087901,0.459333794,0.970929933,0.063719775,-211.2333346,-182.8341784
2019,"July",9,"PIL","C",3,"E",10,80,13.62633645,20.48875,66.31875,420.5613542,0.615192177,0.534277215,0.988934204,0.058716176,-257.7410577,-194.2833362
2019,"July",9,"PIL","C",4,"E",10,80,13.92598586,21.72956989,66.29967742,408.4048387,0.803542593,0.718678059,0.989854774,0.064134635,-225.4003349,-181.9256355
2019,"July",9,"PIL","C",5,"E",10,80,15.86144865,23.3910101,66.27222222,408.5029293,0.890636521,0.758136779,0.992424117,0.088660501,-230.8215607,-134.5818707
2019,"November",25,"PIL","C",1,"ET",10,80,16.17402976,23.86206522,66.04565217,391.2234783,2.857483395,2.594761351,0.990125812,0.201430341,-45.63074805,-21.70136524
2019,"November",25,"PIL","C",2,"ET",10,80,16.83451379,26.09698925,66.03817204,392.6097849,3.323109219,2.878539174,0.990857092,0.299237254,-28.62694526,33.70967307
2019,"November",25,"PIL","C",3,"ET",10,80,17.542182,29.05386364,65.9925,422.6544318,1.143255682,0.952739855,0.995004944,0.122212743,-221.871559,-91.65660747
2019,"November",25,"PIL","C",4,"ET",10,80,17.41585959,29.08747253,65.96901099,411.7405495,1.582178171,1.393336101,0.983326165,0.159339466,-89.23167325,-54.51830172
2019,"November",25,"PIL","C",5,"ET",10,80,17.87076505,29.05138298,65.93712766,415.042766,0.831848679,0.690309491,0.953692999,0.141155714,-105.7596521,-71.48256296
2019,"November",25,"PIL","C",1,"E",10,80,16.17402976,24.58086957,66.04391304,410.4477174,2.144284358,1.865247936,0.989602336,0.199903442,-82.36493685,-22.76664753
2019,"November",25,"PIL","C",2,"E",10,80,16.83451379,28.89113402,66.01484536,421.2748454,0.973142481,0.82844272,0.993989669,0.094174241,-231.651147,-128.1429354
2019,"November",25,"PIL","C",3,"E",10,80,17.542182,29.04421053,65.99473684,428.3757895,0.660337566,0.585846053,0.990863816,0.054503448,-256.6320638,-204.706516
2019,"November",25,"PIL","C",4,"E",10,80,17.41585959,29.1084375,65.9678125,417.8945833,1.136789463,0.738842844,0.972426081,0.283464169,-99.64848765,26.12852978
2019,"November",25,"PIL","C",5,"E",10,80,17.87076505,28.95489583,65.93479167,422.7508333,0.503076099,0.441437701,0.93230586,0.089435757,-148.6629349,-135.3705927
2019,"April",5,"QUE","B",1,"ET",10,80,19.05480153,28.03147059,64.36411765,405.0057843,2.125632064,1.49319706,0.986632052,0.439498532,-60.2478944,87.52534082
2019,"April",5,"QUE","B",2,"ET",10,80,18.85554247,28.41876404,64.34775281,412.96,0.457800236,0.309183956,0.85360823,0.154344633,-97.82473351,-58.97715469
2019,"April",5,"QUE","B",3,"ET",20,80,17.93542285,24.29233645,64.26345794,409.3431776,1.057030575,0.58986655,0.982005152,0.266936451,-137.5747784,15.7491718
2019,"April",5,"QUE","B",4,"ET",5,60,17.74903755,24.42929293,64.24151515,407.7077778,1.425377115,2.426641448,0.893608126,0.163851598,2.972705522,-38.9213876
2019,"April",5,"QUE","B",5,"ET",10,80,17.50000514,23.01340426,64.21478723,402.1743617,1.472008597,1.296369609,0.975282665,0.171510276,-70.00988509,-44.21342669
2019,"April",5,"QUE","B",1,"E",10,80,19.05480153,28.21269231,64.36173077,411.3474038,0.669454619,0.125771325,0.85268188,0.773713127,-43.45542503,166.7046915
2019,"April",5,"QUE","B",2,"E",10,80,18.85554247,27.29286822,64.33457364,414.3707752,0.62831993,0.459923722,0.94176703,0.146476031,-125.7859665,-66.30281921
2019,"April",5,"QUE","B",3,"E",20,80,17.93542285,23.9522807,64.2654386,410.110614,0.196079495,0.169819397,0.619727843,0.08203083,-129.0618957,-125.8406846
2019,"April",5,"QUE","B",4,"E",10,80,17.74903755,23.55757895,64.23589474,413.2101053,0.075170188,0.055096294,0.66127661,0.035671725,-278.735574,-264.0533023
2019,"April",5,"QUE","B",5,"E",10,80,17.50000514,23.73959184,64.20377551,406.4335714,0.247568295,0.326924192,0.44483147,0.180924082,-46.13492624,-36.73262084
2019,"July",11,"QUE","B",1,"ET",10,80,8.786686017,24.90733333,64.40855556,402.6417778,1.047900656,0.911113956,0.992326542,0.097140012,-202.0390251,-123.802001
2019,"July",11,"QUE","B",1,"ET1",10,80,8.786686017,25.6101087,64.4051087,405.3881522,0.9739261,1.231532259,0.954972224,0.122084296,-83.73509354,-91.80382615
2019,"July",11,"QUE","B",1,"ET2",10,80,8.786686017,26.25258427,64.40157303,404.7189888,0.484540206,0.241651972,0.922300203,0.185846204,-141.3827523,-32.97474595
2019,"July",11,"QUE","B",1,"ET3",10,80,8.786686017,26.82054348,64.40152174,407.058587,1.323914157,1.139982491,0.977693659,0.167304488,-91.1288539,-47.68931106
2019,"July",11,"QUE","B",2,"ET",10,80,11.81754443,28.44826087,64.38076087,407.4142391,1.69216527,1.548548107,0.981953833,0.162918121,-68.20041466,-51.40878722
2019,"July",11,"QUE","B",2,"ET1",10,80,11.81754443,28.93404494,64.37651685,407.8158427,0.709107745,0.619157744,0.950043965,0.130143873,-119.0743742,-82.85379443
2019,"July",11,"QUE","B",2,"ET2",10,80,11.81754443,29.41073684,64.37315789,409.6095789,0.579373636,0.547006395,0.908310156,0.117258785,-101.5247186,-97.44980569
2019,"July",11,"QUE","B",2,"ET3",10,80,11.81754443,29.83902174,64.37217391,408.9720652,0.170329464,0.172140658,0.56105935,0.099736234,-129.8382904,-120.1094057
2019,"July",11,"QUE","B",3,"ET",1,40,15.03739159,31.59611111,64.30311111,414.6346667,0.751877071,1.109343093,0.898097138,0.087355544,-74.77468819,-77.55815151
2019,"July",11,"QUE","B",3,"ET1",10,80,15.03739159,31.67247312,64.29860215,415.7126882,0.479303188,0.450689343,0.872438223,0.116415344,-100.7508418,-98.46046288
2019,"July",11,"QUE","B",3,"ET2",10,80,15.03739159,31.74450549,64.29648352,415.601978,0.483308974,0.276472356,0.941787157,0.161026127,-160.9195895,-53.04414382
2019,"July",11,"QUE","B",3,"ET3",10,65,15.03739159,31.81549451,64.29197802,417.4764835,0.893678815,0.750099619,0.945780949,0.127296352,-87.52464814,-66.69014904
2019,"July",11,"QUE","B",4,"ET",10,80,12.31747584,30.723,64.26877778,415.8494444,0.530930013,0.479269999,0.979932109,0.055204405,-226.4151647,-202.9174879
2019,"July",11,"QUE","B",4,"ET1",10,80,12.31747584,30.41659341,64.26615385,414.3016484,0.300451113,0.724792214,0.880229116,0.063835817,-172.973007,-182.5794522
2019,"July",11,"QUE","B",4,"ET2",10,80,12.31747584,30.14258065,64.26752688,414.1941935,0.139766295,0.191385171,0.337691809,0.129174632,-92.27267446,-83.9003406
2019,"July",11,"QUE","B",4,"ET3",10,80,12.31747584,29.91808989,64.26505618,413.3583146,0.029900942,0.023213651,0.085456667,0.061946923,-190.8966734,-186.7845603
2019,"July",11,"QUE","B",5,"ET",10,80,14.12256642,29.52626667,64.24426667,408.634,0.768159522,0.679464059,0.848278009,0.195939706,-28.36687592,-23.46268393
2019,"July",11,"QUE","B",5,"ET1",10,80,14.12256642,25.87428571,64.22505495,404.1396703,0.388472787,0.626509171,0.727447741,0.144530709,-66.59888855,-68.17459186
2019,"July",11,"QUE","B",5,"ET2",10,80,14.12256642,25.79236559,64.22193548,404.058172,0.701149587,0.842912366,0.854305898,0.173870992,-38.67773938,-42.29956847
2019,"July",11,"QUE","B",5,"ET3",10,80,14.12256642,25.83956044,64.22274725,403.9406593,0.617502722,0.538454268,0.96922415,0.081956928,-176.0454808,-147.5963351
2019,"July",11,"QUE","B",1,"E",10,80,8.786686017,27.44021505,64.40139785,408.5225806,0.327485002,0.23146644,0.855809479,0.105434885,-147.2209561,-112.3303738
2019,"July",11,"QUE","B",2,"E",10,80,11.81754443,30.75309524,64.37047619,415.8883333,0.360874731,0.902758368,0.91147058,0.049628325,-168.1681739,-208.3206295
2019,"July",11,"QUE","B",3,"E",10,60,15.03739159,31.89333333,64.28811111,420.892,0.324379952,0.286930407,0.963512121,0.03160044,-213.2325913,-199.6056704
2019,"July",11,"QUE","B",4,"E",10,80,12.31747584,29.64206522,64.25815217,416.0901087,0.165910613,0.13563714,0.801801484,0.055509344,-215.242284,-202.1462798
2019,"July",11,"QUE","B",5,"E",10,80,14.12256642,25.94731183,64.21569892,407.276129,0.346479088,0.834459536,0.926365013,0.048141305,-192.8761004,-222.0837962
2019,"November",27,"QUE","B",1,"ET",10,80,18.99181003,20.21228261,64.37858696,401.0158696,1.752376626,1.571641587,0.965261756,0.218834328,-22.09063799,-10.09937907
2019,"November",27,"QUE","B",1,"ET1",10,80,18.99181003,20.65674157,64.37808989,403.4306742,1.712135837,1.524329216,0.974935818,0.190926914,-49.05098804,-29.19877288
2019,"November",27,"QUE","B",1,"ET2",10,80,18.99181003,21.41298851,64.3745977,403.8781609,1.232918916,0.995481163,0.978774947,0.180025499,-107.3116178,-37.42968186
2019,"November",27,"QUE","B",1,"ET3",10,80,18.99181003,21.79144444,64.37544444,404.4618889,0.914187348,0.817276542,0.933259537,0.157028076,-64.92766178,-56.56402535
2019,"November",27,"QUE","B",2,"ET",10,80,19.14651147,24.42608696,64.35358696,414.608913,0.549943843,0.443322545,0.982309408,0.078989513,-233.7045035,-152.7593584
2019,"November",27,"QUE","B",3,"ET",10,80,20.43583206,25.00904255,64.31042553,414.9052128,1.184980115,0.980162496,0.989513177,0.142843322,-161.9603035,-69.81869904
2019,"November",27,"QUE","B",4,"ET",10,80,20.4751212,25.20422222,64.29066667,408.5365556,1.255841011,1.199006921,0.962647576,0.155761585,-61.45468,-57.6977568
2019,"November",27,"QUE","B",5,"ET",10,80,20.84356195,25.6888764,64.27303371,409.0453933,1.368420464,1.039153273,0.97499865,0.247274252,-78.39661893,7.006255625
2019,"November",27,"QUE","B",5,"ET1",10,80,20.84356195,25.90208791,64.26956044,407.1214286,1.335646891,1.195921527,0.904593054,0.277801217,18.65561469,23.30334138
2019,"November",27,"QUE","B",5,"ET2",10,80,20.84356195,26.11844444,64.27077778,410.3165556,1.707024561,1.381674668,0.989018887,0.22685991,-106.2258912,-5.056895382
2019,"November",27,"QUE","B",5,"ET3",10,80,20.84356195,26.38966667,64.27055556,412.2078889,2.691543767,1.688507265,0.958702338,0.74799956,54.80391633,161.9728626
2019,"November",27,"QUE","B",1,"E",10,80,18.99181003,22.20780952,64.37314286,411.3477143,0.656896531,0.615083435,0.967081667,0.074283606,-164.3577337,-161.358832
2019,"November",27,"QUE","B",2,"E",10,80,19.14651147,24.54020833,64.3546875,417.3309375,0.497700942,0.433346185,0.972166623,0.06284291,-214.9015242,-184.7741354
2019,"November",27,"QUE","B",3,"E",10,80,20.43583206,25.03891304,64.31663043,418.163913,0.28828941,0.463530413,0.880510353,0.053812576,-181.6579862,-206.4924639
2019,"November",27,"QUE","B",4,"E",10,80,20.4751212,25.32764706,64.29088235,414.1195098,0.72423761,0.637685007,0.988517333,0.066491917,-225.1759286,-176.8722182
2019,"November",27,"QUE","B",5,"E",10,80,20.84356195,26.63535354,64.27121212,416.0145455,0.587205487,0.523041128,0.965655109,0.07604802,-174.8241629,-158.0723747
2019,"April",13,"TRE","B",1,"ET",10,80,18.07032905,25.59134831,66.46910112,403.8629213,2.458899787,2.447304215,0.97833311,0.212305878,-10.36416448,-14.339544
2019,"April",13,"TRE","B",1,"ET1",10,80,18.07032905,26.04363636,66.45238636,409.7523864,1.226035071,0.972997286,0.977674672,0.187881398,-106.8057605,-31.44994556
2019,"April",13,"TRE","B",1,"ET2",10,80,18.07032905,25.74333333,66.44922222,412.9864444,0.893708418,0.784369546,0.952856223,0.131723447,-96.93370829,-81.1648242
2019,"April",13,"TRE","B",1,"ET3",10,80,18.07032905,25.40633333,66.45511111,410.2273333,0.902386402,0.781123537,0.966971822,0.119420951,-122.2084383,-94.89182063
2019,"April",13,"TRE","B",2,"ET",10,80,14.62794602,20.31247312,66.33569892,401.1730108,0.452051482,0.497798021,0.845520177,0.119021159,-103.3218868,-95.36129256
2019,"April",13,"TRE","B",3,"ET",10,80,19.02478173,20.62228261,66.32358696,401.8277174,0.326097626,0.417180947,0.841082302,0.105766232,-147.1353955,-111.8910894
2019,"April",13,"TRE","B",4,"ET",10,80,16.35775955,20.84246914,66.3162963,416.9569136,1.19931757,1.788483802,0.927596675,0.167897425,-24.85449458,-47.19401981
2019,"April",13,"TRE","B",5,"ET",5,60,16.22025834,20.48870968,66.2972043,397.9091398,0.497179637,4.813872761,0.884948163,0.043888843,-115.0808491,-183.8244971
2019,"April",13,"TRE","B",1,"E",10,80,18.07032905,24.82322222,66.45311111,416.1081111,1.02664122,0.669397686,0.955058483,0.262789656,-81.24449708,15.52607776
2019,"April",13,"TRE","B",2,"E",10,80,14.62794602,20.54719101,66.33393258,410.3875281,0.654981501,2.423701918,0.916111646,0.100538095,-99.61568862,-118.988333
2019,"April",13,"TRE","B",3,"E",10,80,19.02478173,20.86701149,66.32310345,420.0017241,0.250967273,0.240913727,0.90034558,0.049130812,-221.9607945,-219.2353789
2019,"April",13,"TRE","B",4,"E",10,80,16.35775955,20.77119565,66.31543478,418.2380435,0.30979627,0.434447005,0.95456667,0.039427413,-252.2245853,-250.0388849
2019,"April",13,"TRE","B",5,"E",10,80,16.22025834,20.35616438,66.29410959,409.8467123,0.336165711,0.363254679,0.686545581,0.122597075,-85.19140115,-81.70154597
2019,"July",14,"TRE","B",1,"ET",10,80,13.86402124,19.0923913,66.58423913,390.6090217,1.815492188,1.513220728,0.9842433,0.219054879,-79.87456157,-9.958351673
2019,"July",14,"TRE","B",1,"ET1",10,80,13.86402124,20.16213333,66.57433333,396.3594667,1.876279608,1.59009934,0.962616157,0.271124778,-11.72638033,19.89760904
2019,"July",14,"TRE","B",1,"ET2",10,80,13.86402124,20.98879121,66.57098901,394.2448352,1.575402931,1.320183463,0.990327179,0.171222218,-134.1360345,-44.44875908
2019,"July",14,"TRE","B",1,"ET3",10,80,13.86402124,22.06706522,66.57065217,405.3651087,1.576667542,1.307998797,0.968859114,0.228682885,-48.93461736,-3.936395413
2019,"July",14,"TRE","B",3,"ET",10,80,16.2346941,26.70085106,66.53393617,433.6773404,0.558162624,0.502438922,0.696343945,0.230156518,-8.946814694,-3.037129426
2019,"July",14,"TRE","B",4,"ET",10,80,15.43405481,26.98793478,66.52728261,413.953587,0.809701001,0.583164182,0.900523027,0.216907602,-53.51162973,-11.33746697
2019,"July",14,"TRE","B",5,"ET",10,80,15.69283453,27.39826087,66.5123913,413.3531522,0.964769052,0.797378326,0.970292739,0.141760772,-119.4664032,-70.88374174
2019,"July",14,"TRE","B",1,"E",10,80,13.86402124,24.16059701,66.56507463,413.2708955,0.579088056,0.596388221,0.948287999,0.075532665,-95.25233686,-100.8284454
2019,"July",14,"TRE","B",3,"E",10,80,16.2346941,26.83098901,66.53241758,419.3321978,0.508027622,0.455512979,0.772233487,0.168613078,-49.98698293,-46.59854688
2019,"July",14,"TRE","B",4,"E",10,80,15.43405481,27.14268817,66.52236559,415.0336559,0.865184002,0.762760084,0.98997207,0.075286102,-213.6822201,-159.482096
2019,"July",14,"TRE","B",5,"E",10,80,15.69283453,27.52989583,66.5125,426.313125,0.638579197,0.549559368,0.961423592,0.092021417,-158.8164685,-131.3804838
2019,"November",24,"TRE","B",1,"ET",10,80,15.6568953,16.66957895,66.49747368,395.0143158,1.63597218,0.875439659,0.970819655,0.50825075,-50.92216173,107.873018
2019,"November",24,"TRE","B",2,"ET",10,80,14.77314932,18.61698925,66.48043011,401.3077419,2.374789159,2.109410289,0.967022084,0.288548199,11.91590405,28.61722775
2019,"November",24,"TRE","B",3,"ET",10,80,16.80202206,19.90177778,66.46611111,415.989,1.838302058,1.503305072,0.96851145,0.27471402,-27.16137578,21.73881611
2019,"November",24,"TRE","B",4,"ET",10,80,17.11510688,20.86717391,66.46673913,419.3515217,1.089732807,0.959757187,0.971786714,0.128486007,-108.9797726,-84.64867204
2019,"November",24,"TRE","B",5,"ET",10,80,15.86763374,21.48866667,66.46144444,416.7684444,1.233621406,1.006477556,0.973744539,0.177793216,-96.30428571,-39.17650883
2019,"November",24,"TRE","B",1,"E",10,80,15.6568953,17.65042553,66.48659574,411.1039362,1.260051895,-0.15603433,0.935789123,1.506514065,-28.91225813,259.9940453
2019,"November",24,"TRE","B",2,"E",10,80,14.77314932,19.07175824,66.47945055,419.2157143,1.321846953,1.16910354,0.954922241,0.184821493,-47.93770319,-33.74880841
2019,"November",24,"TRE","B",3,"E",10,80,16.80202206,20.33011111,66.46855556,425.4796667,0.999275465,1.470467938,0.95003858,0.12049861,-79.37468526,-93.63412172
2019,"November",24,"TRE","B",4,"E",10,80,17.11510688,21.07586957,66.46554348,433.3152174,1.047304854,0.927310467,0.961936423,0.137372582,-92.57124224,-75.28591805
2019,"November",24,"TRE","B",5,"E",10,80,15.86763374,21.64376344,66.46150538,418.6595699,0.945221239,0.92751668,0.95521108,0.123463288,-94.75934064,-90.23133309
2019,"April",8,"TRE","C",1,"ET",10,80,17.69028411,34.124375,65.904,409.283,2.486676796,2.093594528,0.994052105,0.257778509,-96.51620909,12.8306296
2019,"April",8,"TRE","C",1,"ET1",10,80,17.69028411,34.73144444,65.89555556,411.8891111,2.443663205,1.998577411,0.992648615,0.29920528,-83.53581563,33.69471294
2019,"April",8,"TRE","C",1,"ET2",10,80,17.69028411,35.39692308,65.89450549,412.6898901,1.955230049,1.793417126,0.980683312,0.181407968,-45.49845579,-36.35868751
2019,"April",8,"TRE","C",1,"ET3",10,80,17.69028411,35.90188889,65.88611111,413.595,1.941477073,1.660536851,0.993284249,0.188662062,-122.1286484,-30.86943829
2019,"April",8,"TRE","C",2,"ET",10,80,16.52552644,34.96455556,65.738,413.9385556,1.852891378,1.601367141,0.99024489,0.182182523,-102.0832724,-35.76220372
2019,"April",8,"TRE","C",2,"ET1",10,80,16.52552644,34.82699029,65.73320388,414.1283495,1.537137359,1.250559379,0.998620429,0.180845867,-268.2113189,-36.79315747
2019,"April",8,"TRE","C",2,"ET2",10,80,16.52552644,34.24404494,65.73191011,414.2946067,1.64609311,1.266140591,0.998017064,0.245273857,-232.9466641,5.869079932
2019,"April",8,"TRE","C",2,"ET3",10,80,16.52552644,33.70322222,65.72277778,415.0311111,1.370282266,1.115275299,0.996863187,0.163062183,-226.8576736,-51.28504571
2019,"April",8,"TRE","C",3,"ET",10,80,16.87999359,36.47913043,65.83141304,414.0943478,2.179663169,1.751951854,0.988859327,0.302774758,-69.03644241,35.35500992
2019,"April",8,"TRE","C",3,"ET1",10,80,16.87999359,33.93641304,65.74152174,415.1084783,1.752695699,1.369177414,0.988628456,0.267797867,-99.52384654,18.16907371
2019,"April",8,"TRE","C",3,"ET2",10,80,16.87999359,34.24355556,65.739,415.7236667,1.214390792,1.051793853,0.990025492,0.118755203,-160.8571361,-95.67447587
2019,"April",8,"TRE","C",3,"ET3",10,80,16.87999359,34.47709677,65.74,417.7345161,1.122542433,0.949585,0.992708035,0.118138326,-193.9205522,-96.40360496
2019,"April",8,"TRE","C",4,"ET",10,80,17.40524002,37.00711111,65.80777778,413.1146667,1.857441158,1.441822742,0.99310318,0.28074477,-125.832203,24.77896328
2019,"April",8,"TRE","C",4,"ET1",10,80,17.40524002,32.77688172,65.75021505,408.5072043,1.398111192,1.241039038,0.98865338,0.123513413,-132.293977,-90.17450566
2019,"April",8,"TRE","C",4,"ET2",10,80,17.40524002,33.2210989,65.74956044,412.2018681,1.099244429,1.064508442,0.98226806,0.088575946,-134.1203314,-136.7230264
2019,"April",8,"TRE","C",4,"ET3",10,80,17.40524002,33.40588889,65.74688889,421.5661111,0.752261028,0.715537154,0.978635131,0.065848954,-174.3931057,-178.2325764
2019,"April",8,"TRE","C",5,"ET",10,80,17.70026968,37.45315217,65.7825,410.5513043,2.531322838,2.354614705,0.983300475,0.219859214,-18.0932648,-9.445235536
2019,"April",8,"TRE","C",5,"ET1",10,80,17.70026968,37.55764045,65.78224719,413.294382,2.283491814,1.845715405,0.99780244,0.279446717,-177.7366886,24.13015727
2019,"April",8,"TRE","C",5,"ET2",10,80,17.70026968,37.35717391,65.77815217,417.6252174,2.264768203,1.748655314,0.997627121,0.338145547,-173.3214532,50.15347615
2019,"April",8,"TRE","C",5,"ET3",10,80,17.70026968,37.36122222,65.773,411.1965556,2.041882495,1.801992703,0.978353689,0.228627895,-29.84950402,-3.97006414
2019,"April",8,"TRE","C",1,"E",10,80,17.69028411,36.28610526,65.87378947,425.1268421,1.377772153,1.320317897,0.994135365,0.112231592,-180.2957515,-103.5844389
2019,"April",8,"TRE","C",2,"E",20,70,16.52552644,36.42483516,65.84637363,422.9301099,0.854518896,0.526851898,0.988485685,0.152989685,-175.5044418,-41.8857241
2019,"April",8,"TRE","C",3,"E",10,80,16.87999359,36.43184783,65.82391304,423.1640217,1.022355656,0.585121945,0.98718632,0.304232028,-166.5061151,36.0272205
2019,"April",8,"TRE","C",4,"E",10,80,17.40524002,36.6593617,65.79957447,427.6007447,0.616804049,0.773502834,0.937987568,0.08870071,-122.5175771,-136.5259661
2019,"April",8,"TRE","C",5,"E",10,80,17.70026968,36.68681818,65.76965909,428.8186364,1.019838954,0.854114009,0.987440836,0.123039741,-168.0442907,-90.71243553
2019,"July",8,"TRE","C",1,"ET",10,80,14.32064476,13.93544444,65.95944444,365.2017778,-1.390451537,1.02952651,0.902256061,1.18564348,16.80896159,226.4622578
2019,"July",8,"TRE","C",2,"ET",10,80,15.25560279,15.14538462,65.93538462,407.1196703,0.479252889,0.422507695,0.979502454,0.049959239,-250.5469239,-216.8944283
2019,"July",8,"TRE","C",3,"ET",10,80,14.48758971,15.96725275,65.92516484,409.6695604,0.663828338,0.936174648,0.949367654,0.074484175,-137.4067065,-160.9813351
2019,"July",8,"TRE","C",4,"ET",10,80,14.53876246,17.41587629,65.90391753,408.3763918,0.710295653,0.60967835,0.989033573,0.071276046,-238.5851743,-167.1450282
2019,"July",8,"TRE","C",5,"ET",10,80,14.05519542,17.28175824,65.89461538,408.4227473,0.49410777,-0.007311296,0.941634557,0.662124824,-167.9888038,144.9001011
2019,"July",8,"TRE","C",1,"E",10,80,14.32064476,14.39792683,65.95682927,410.1509756,0.354737934,0.325850151,0.988637317,0.023704237,-336.2270172,-316.6260417
2019,"July",8,"TRE","C",2,"E",10,80,15.25560279,15.42833333,65.93222222,412.824,0.282872459,0.272090793,0.989358185,0.015972151,-372.5075207,-376.5449457
2019,"July",8,"TRE","C",3,"E",10,80,14.48758971,16.02747368,65.92368421,416.8162105,0.524050659,0.697245115,0.8212182,0.14334487,-71.08588264,-69.32799485
2019,"July",8,"TRE","C",4,"E",10,80,14.53876246,17.50266667,65.89555556,413.66,0.272689227,0.26576871,0.964774362,0.029676609,-289.8582699,-289.813188
2019,"July",8,"TRE","C",5,"E",10,80,14.05519542,17.59365591,65.8911828,418.1278495,0.235925259,0.200104666,0.9236869,0.044827877,-252.3643424,-232.0672453
2019,"November",21,"TRE","C",1,"ET",10,80,16.04447882,19.21591398,65.83731183,398.1335484,1.096319177,0.955025749,0.981808872,0.116149338,-139.4418296,-98.78072602
2019,"November",21,"TRE","C",2,"ET",10,80,15.56554823,20.0544086,65.83053763,397.465914,1.333527411,1.182324395,0.985809268,0.121394868,-129.1487076,-92.59666682
2019,"November",21,"TRE","C",3,"ET",10,80,16.69689965,21.14141304,65.82293478,387.2990217,2.390199328,1.948858399,0.991227816,0.290865714,-80.28003262,29.73716547
2019,"November",21,"TRE","C",4,"ET",10,80,16.26327333,22.65681319,65.8021978,400.1617582,1.507579941,1.340193038,0.993336323,0.11155162,-164.6465235,-104.4352293
2019,"November",21,"TRE","C",5,"ET",10,80,16.35027615,24.0772043,65.78903226,414.9054839,1.177073914,0.958356473,0.988406206,0.151892356,-159.3737875,-61.21938016
2019,"November",21,"TRE","C",1,"E",10,80,16.04447882,19.54765957,65.835,413.3702128,0.802101112,0.810963225,0.973489782,0.06481518,-156.3496858,-180.4478947
2019,"November",21,"TRE","C",2,"E",10,80,15.56554823,20.22989247,65.8283871,413.7,0.707543014,0.63276665,0.988845548,0.058189149,-236.3815575,-195.5456271
2019,"November",21,"TRE","C",3,"E",10,80,16.69689965,21.59784946,65.81580645,411.3815054,0.796787226,0.723468106,0.983622525,0.068893608,-191.1895992,-171.9045957
2019,"November",21,"TRE","C",4,"E",10,80,16.26327333,23.14229167,65.80291667,409.0511458,0.945670201,0.864093339,0.980126351,0.086895013,-152.062887,-139.4053818
2019,"November",21,"TRE","C",5,"E",10,80,16.35027615,24.29760417,65.78375,421.5003125,0.502879932,0.545498538,0.912441026,0.098894395,-130.7779174,-121.2961134
2019,"April",11,"WAY","B",1,"ET",10,80,13.97586146,25.32684783,71.14076087,391.5533696,2.221226882,1.908041387,0.983324945,0.228402901,-53.56035366,-4.107906848
2019,"April",11,"WAY","B",1,"ET1",10,80,13.97586146,25.9277907,71.1377907,392.9965116,2.189501161,1.757707532,0.988201417,0.277248392,-80.22256638,23.02446347
2019,"April",11,"WAY","B",1,"ET2",10,80,13.97586146,26.50868132,71.12956044,395.1761538,2.085359684,1.737331469,0.990744343,0.221489976,-104.2519127,-8.410645496
2019,"April",11,"WAY","B",1,"ET3",10,80,13.97586146,27.03752688,71.12967742,395.484086,1.620613852,1.295583356,0.986757037,0.211097533,-114.10558,-15.13863426
2019,"April",11,"WAY","B",2,"ET",10,80,14.51891307,29.37366667,71.09855556,398.467,1.786008324,1.600321692,0.94318864,0.264909491,7.455391925,16.65087963
2019,"April",11,"WAY","B",2,"ET1",10,80,14.51891307,29.61527473,71.09417582,397.0382418,1.84060867,1.591486011,0.973815444,0.216437881,-45.38211139,-11.64097051
2019,"April",11,"WAY","B",2,"ET2",10,80,14.51891307,30.08806452,71.0844086,400.041828,1.671200861,1.483608591,0.97853821,0.167674112,-73.33679398,-47.38035218
2019,"April",11,"WAY","B",2,"ET3",10,80,14.51891307,30.43011111,71.08688889,400.8923333,1.69329464,1.587980047,0.972033478,0.163864809,-52.03028449,-50.59762701
2019,"April",11,"WAY","B",3,"ET",10,80,14.49481508,31.42945652,71.04923913,403.4433696,1.723904914,1.449929863,0.995522068,0.165114924,-180.7193151,-49.53362854
2019,"April",11,"WAY","B",3,"ET1",10,80,14.49481508,31.81802198,71.04725275,402.2123077,1.517794871,1.265906119,0.993107013,0.156989021,-167.8223487,-56.59884998
2019,"April",11,"WAY","B",3,"ET2",10,80,14.49481508,32.43869565,71.04141304,404.4342391,1.453518367,1.269329494,0.993800264,0.115411188,-181.2553198,-99.67329027
2019,"April",11,"WAY","B",3,"ET3",10,80,14.49481508,32.61336957,71.04173913,405.1761957,1.079464818,0.923750546,0.982026801,0.118663225,-146.9840992,-95.78295087
2019,"April",11,"WAY","B",4,"ET",10,80,16.3738249,33.75510638,71.00404255,406.0547872,1.739996628,1.586461568,0.968885551,0.194800904,-38.66244099,-26.38654781
2019,"April",11,"WAY","B",4,"ET1",10,80,16.3738249,34.32182796,71.00053763,401.3607527,1.286760703,1.185490548,0.961444648,0.15297479,-65.45438192,-60.22523324
2019,"April",11,"WAY","B",4,"ET2",10,80,16.3738249,34.81712766,71.00148936,407.6041489,1.020412071,0.912791114,0.933845235,0.165359134,-57.8065497,-49.32671716
2019,"April",11,"WAY","B",4,"ET3",10,80,16.3738249,35.07181818,71.00079545,405.1015909,1.172432166,1.034413687,0.975655442,0.127752823,-112.0243718,-85.44984597
2019,"April",11,"WAY","B",5,"ET",10,80,15.58500032,30.06032967,70.95120879,398.3779121,2.293087796,1.770808376,0.954649685,0.415672839,26.71819945,79.72231887
2019,"April",11,"WAY","B",5,"ET1",10,80,15.58500032,30.11244444,70.95022222,399.9327778,2.523819593,2.181675603,0.989758849,0.231703441,-67.87651364,-2.099312529
2019,"April",11,"WAY","B",5,"ET2",10,80,15.58500032,30.326,70.95422222,398.9495556,2.345381665,1.987379614,0.996771862,0.208879319,-160.6268,-16.61753917
2019,"April",11,"WAY","B",5,"ET3",10,80,15.58500032,30.55373626,70.94835165,405.6961538,2.005651862,1.62728208,0.996718246,0.225113185,-181.5850852,-6.139006972
2019,"April",11,"WAY","B",1,"E",10,80,13.97586146,27.55583333,71.120625,416.93625,1.444805594,1.305825066,0.992558598,0.092808751,-171.4839397,-130.1877413
2019,"April",11,"WAY","B",2,"E",10,80,14.51891307,30.8432967,71.07593407,410.9387912,1.012368417,0.925617384,0.969272909,0.109239229,-118.0040029,-107.367839
2019,"April",11,"WAY","B",3,"E",10,80,14.49481508,32.9172043,71.04086022,418.4925806,0.902186745,0.759580763,0.994184633,0.088768597,-253.3131049,-136.4188587
2019,"April",11,"WAY","B",4,"E",10,80,16.3738249,35.11384615,70.99879121,415.8337363,0.916724254,0.733909968,0.986615904,0.123959018,-190.2070422,-89.67033042
2019,"April",11,"WAY","B",5,"E",10,80,15.58500032,30.73945652,70.93967391,414.7017391,1.430906463,1.218293262,0.991566672,0.138504302,-162.0196148,-74.13727794
2019,"July",13,"WAY","B",1,"ET",10,80,17.08233536,33.06919192,71.0369697,402.9030303,2.057785373,1.823719812,0.992441041,0.150027789,-117.4263183,-62.94859636
2019,"July",13,"WAY","B",1,"ET1",10,80,17.08233536,33.21695652,71.03978261,405.156087,2.0430579,1.831059712,0.995242687,0.123257615,-151.4522893,-90.46474809
2019,"July",13,"WAY","B",1,"ET2",10,80,17.08233536,33.24252747,71.03505495,411.3371429,1.65491455,1.356655999,0.992705283,0.185559342,-150.8112572,-33.19100921
2019,"July",13,"WAY","B",1,"ET3",10,80,17.08233536,33.36340909,71.03386364,406.78,1.831969419,1.444180091,0.995576579,0.233863558,-172.0377326,-0.800171627
2019,"July",13,"WAY","B",2,"ET",10,80,16.43103264,34.36380435,71.00576087,412.838587,1.933542194,1.604665414,0.985883418,0.226534648,-80.80010926,-5.257765534
2019,"July",13,"WAY","B",2,"ET1",10,80,16.43103264,34.49293478,70.99956522,406.6584783,1.828309843,1.393766035,0.982867258,0.291545742,-74.87547256,30.06409578
2019,"July",13,"WAY","B",2,"ET2",10,80,16.43103264,34.60835165,70.99505495,407.6014286,1.365271629,1.114789991,0.966481716,0.205431773,-67.24921011,-18.94751553
2019,"July",13,"WAY","B",2,"ET3",10,80,16.43103264,34.64934066,70.98912088,409.5474725,1.266623676,1.100443882,0.977172562,0.140827028,-105.9156382,-71.80893784
2019,"July",13,"WAY","B",3,"ET",10,80,17.06985923,34.6141573,70.94067416,406.6901124,1.236797938,1.529038994,0.960326288,0.135739284,-68.71510188,-76.9604297
2019,"July",13,"WAY","B",4,"ET",10,80,16.71778775,34.29044444,70.91544444,419.4007778,0.802474787,0.68108068,0.989852521,0.081403153,-229.2194542,-148.5455105
2019,"July",13,"WAY","B",5,"ET",10,80,17.79789717,34.03568421,70.89326316,405.098,2.120480293,1.690620708,0.975714675,0.313817748,-28.35053793,40.37026345
2019,"July",13,"WAY","B",1,"E",10,80,17.08233536,33.77411111,71.021,418.9377778,1.198865223,1.002393407,0.994699251,0.118209742,-219.0800588,-96.31899919
2019,"July",13,"WAY","B",2,"E",10,80,16.43103264,34.734,70.98466667,422.3233333,1.082593192,0.882070221,0.984534529,0.138882838,-156.3463787,-73.75517559
2019,"July",13,"WAY","B",3,"E",10,80,17.06985923,34.53580645,70.93752688,426.7936559,0.426323143,0.359544292,0.971878977,0.056160348,-245.2873987,-200.5139372
2019,"July",13,"WAY","B",4,"E",10,80,16.71778775,34.13319149,70.90851064,424.4657447,0.467941899,1.121577985,0.91961219,0.066300412,-153.7269301,-177.2760171
2019,"July",13,"WAY","B",5,"E",10,80,17.79789717,33.96934783,70.88597826,418.5591304,0.92192178,0.791146433,0.959768478,0.129631268,-109.6089764,-83.40630962
2019,"November",26,"WAY","B",1,"ET",10,80,22.03299889,20.48122222,70.84922222,387.5963333,2.444752924,2.115572958,0.976617187,0.260200751,-17.18648757,14.14001127
2019,"November",26,"WAY","B",2,"ET",10,80,21.80963579,23.52225806,70.82698925,391.7377419,2.573606062,2.144940871,0.993081757,0.251014433,-96.01312536,9.10798967
2019,"November",26,"WAY","B",3,"ET",10,80,21.8985814,26.06098901,70.7921978,395.8454945,3.361726294,2.725734113,0.99709321,0.353845802,-118.7123115,57.1771004
2019,"November",26,"WAY","B",4,"ET",10,80,22.0935429,28.31290323,70.76462366,398.9869892,2.918656516,2.463776787,0.997147118,0.248111983,-138.9191817,7.479754358
2019,"November",26,"WAY","B",5,"ET",10,80,23.57910434,30.29648352,70.73351648,401.0328571,3.682692368,3.159167084,0.99027465,0.33047878,-17.2705696,47.61247135
2019,"November",26,"WAY","B",1,"E",10,80,22.03299889,21.57022472,70.85202247,415.5380899,1.518902421,1.214603007,0.985165978,0.194619077,-117.2350169,-26.51728467
2019,"November",26,"WAY","B",2,"E",10,80,21.80963579,24.31908046,70.82103448,410.5871264,1.853925245,1.395367922,0.98194014,0.294225568,-73.39663577,31.34506781
2019,"November",26,"WAY","B",3,"E",10,80,21.8985814,26.79411111,70.79022222,415.1307778,2.025509194,1.823022534,0.987950955,0.148537531,-88.42148607,-64.34619936
2019,"November",26,"WAY","B",4,"E",10,80,22.0935429,28.92304348,70.7576087,421.2316304,1.711373463,2.56583646,0.9800638,0.089485595,-75.25115579,-135.2925986
2019,"November",26,"WAY","B",5,"E",10,80,23.57910434,30.88340426,70.72861702,420.5212766,2.64742119,2.197260683,0.988733843,0.288530269,-53.42411029,28.6085277
2019,"April",12,"WAY","C",1,"ET",10,80,18.04705536,23.96074468,70.63202128,409.0234043,0.933460301,0.81085024,0.992485752,0.077015442,-233.5618885,-156.30264
2019,"April",12,"WAY","C",1,"ET1",10,80,18.04705536,23.95168539,70.62674157,416.0704494,0.993658936,0.82756871,0.995131672,0.097306617,-255.7112241,-123.5620936
2019,"April",12,"WAY","C",1,"ET2",10,80,18.04705536,23.96068182,70.62420455,410.1439773,0.955868626,0.823134024,0.994866699,0.078057293,-257.3962183,-154.4214406
2019,"April",12,"WAY","C",1,"ET3",10,80,18.04705536,23.94653465,70.62267327,410.1450495,0.750582557,0.605074076,0.992296404,0.08867548,-262.7113687,-136.5657939
2019,"April",12,"WAY","C",2,"ET",10,80,17.87496354,23.97064516,70.61645161,414.8877419,0.81756138,0.676298281,0.994509684,0.084078717,-274.7903891,-144.0179866
2019,"April",12,"WAY","C",2,"ET1",10,80,17.87496354,23.9251087,70.61402174,414.4658696,0.807013391,0.687565772,0.99495084,0.070479354,-282.5460204,-168.718698
2019,"April",12,"WAY","C",2,"ET2",10,80,17.87496354,23.89966667,70.61555556,418.2063333,0.728608279,0.613363274,0.996173357,0.066445286,-316.9281281,-176.9704335
2019,"April",12,"WAY","C",2,"ET3",10,80,17.87496354,23.88706522,70.61369565,410.4525,0.858396707,0.711858748,0.993033994,0.088891946,-250.8632263,-136.224456
2019,"April",12,"WAY","C",3,"ET",10,80,17.39841469,23.96827957,70.58774194,420.0864516,0.937223029,0.845187615,0.989300055,0.067577395,-207.5581496,-174.6051767
2019,"April",12,"WAY","C",3,"ET1",10,80,17.39841469,24.08155556,70.58366667,401.9291111,1.136599561,0.99942186,0.988507847,0.095377836,-174.9636002,-126.3650006
2019,"April",12,"WAY","C",3,"ET2",10,80,17.39841469,24.35777778,70.57911111,413.1464444,0.996443873,0.872782488,0.993172634,0.07176223,-230.8268989,-166.1933108
2019,"April",12,"WAY","C",3,"ET3",10,80,17.39841469,24.56858696,70.57184783,418.0394565,0.795635019,1.033811682,0.9780783,0.057409029,-178.7865892,-197.4352481
2019,"April",12,"WAY","C",4,"ET",10,80,17.14336954,24.12104167,70.53302083,418.5276042,0.827830329,0.692252367,0.991319782,0.084483007,-240.0099576,-143.3464146
2019,"April",12,"WAY","C",4,"ET1",10,80,17.14336954,23.97688889,70.52622222,414.1463333,0.979068425,0.848487211,0.994784633,0.076934037,-252.6526652,-156.4506969
2019,"April",12,"WAY","C",4,"ET2",10,80,17.14336954,23.87758242,70.51747253,409.3602198,1.014435365,0.79629589,0.99473176,0.130120733,-246.9265431,-82.87868898
2019,"April",12,"WAY","C",4,"ET3",10,80,17.14336954,23.80655172,70.51597701,407.075977,0.925033713,0.770717221,0.99374798,0.093430656,-247.7973805,-129.2527401
2019,"April",12,"WAY","C",5,"ET",10,80,17.17919541,23.40827957,70.48774194,413.6349462,0.674614644,0.559424427,0.995672015,0.067553194,-319.0313346,-174.6553226
2019,"April",12,"WAY","C",5,"ET1",10,80,17.17919541,22.95576087,70.4851087,404.0828261,0.466319529,0.382152346,0.991252037,0.052388668,-321.403798,-210.2468276
2019,"April",12,"WAY","C",5,"ET2",10,80,17.17919541,22.28084337,70.47807229,407.3791566,0.498543697,0.417196473,0.984925865,0.055935377,-273.1440149,-201.0758853
2019,"April",12,"WAY","C",5,"ET3",10,80,17.17919541,21.94835294,70.47811765,406.4696471,0.338582413,0.282527779,0.992204593,0.034452904,-375.5734289,-268.9204106
2019,"April",12,"WAY","C",1,"E",10,80,18.04705536,23.91310345,70.62551724,416.1745977,0.546708393,0.462392134,0.98824087,0.055484874,-277.3775936,-202.2080095
2019,"April",12,"WAY","C",2,"E",10,80,17.87496354,23.8975,70.61282609,411.7529348,0.593210269,0.513386924,0.990677124,0.051866726,-282.5085155,-211.6486261
2019,"April",12,"WAY","C",3,"E",10,80,17.39841469,24.62468085,70.565,416.8331915,0.516621914,0.456723645,0.978317249,0.052248449,-240.8524429,-210.6220429
2019,"April",12,"WAY","C",4,"E",10,80,17.14336954,23.7,70.51175824,413.1131868,0.557748517,0.498460754,0.984351944,0.047782338,-253.887512,-223.131622
2019,"April",12,"WAY","C",5,"E",10,80,17.17919541,21.50880435,70.47021739,408.1833696,0.308449117,-0.078961308,0.987175018,0.44662268,-353.2986496,89.77650519
2019,"July",13,"WAY","C",1,"ET",10,80,14.25089108,18.55404494,70.78921348,393.6377528,2.579130463,2.25287023,0.991973484,0.204486209,-87.44474901,-19.59339681
2019,"July",13,"WAY","C",1,"ET1",10,80,14.25089108,19.22411111,70.78588889,391.9081111,2.671335044,2.329588107,0.990346354,0.221382877,-68.88083891,-8.478357352
2019,"July",13,"WAY","C",1,"ET2",10,80,14.25089108,19.95824176,70.78516484,402.8656044,2.099959279,2.194796633,0.981617113,0.146564313,-56.3459855,-66.218466
2019,"July",13,"WAY","C",1,"ET3",10,80,14.25089108,21.61377778,70.77955556,397.3827778,2.631240187,2.791563194,0.970234273,0.248233061,11.51464262,7.548057175
2019,"July",13,"WAY","C",2,"ET",10,80,13.68360167,23.70942529,70.7637931,401.9010345,2.779292379,2.856998062,0.966974413,0.285151155,27.93634214,26.95924492
2019,"July",13,"WAY","C",2,"ET1",10,80,13.68360167,24.30088889,70.76088889,404.2536667,2.532861206,2.277758292,0.971221542,0.267082154,4.95264008,17.79441045
2019,"July",13,"WAY","C",2,"ET2",10,80,13.68360167,24.89897727,70.755,418.2738636,2.301754559,2.061653435,0.967651951,0.258006654,0.258798591,12.95448064
2019,"July",13,"WAY","C",2,"ET3",10,80,13.68360167,25.48166667,70.754,401.4381111,2.390046072,2.231399795,0.983659189,0.174067532,-43.76087813,-42.14140461
2019,"July",13,"WAY","C",3,"ET",10,80,16.24260694,27.46857143,70.74032967,397.3482418,2.879396489,2.594519148,0.993632162,0.156081398,-84.54989811,-59.16353256
2019,"July",13,"WAY","C",3,"ET1",10,80,16.24260694,28.01579545,70.74034091,402.8723864,2.925107972,2.624723545,0.992424259,0.191244137,-69.12912668,-28.96635773
2019,"July",13,"WAY","C",3,"ET2",10,80,16.24260694,28.62120879,70.73604396,401.3021978,2.795446654,1.966966891,0.99355121,0.180593126,-86.72491273,-36.98895073
2019,"July",13,"WAY","C",3,"ET3",10,80,16.24260694,29.16527027,70.73594595,402.8759459,2.528888527,2.85421523,0.984669243,0.139248639,-40.77857824,-65.65444519
2019,"July",13,"WAY","C",4,"ET",10,80,18.52584692,33.90293478,70.66565217,411.6378261,2.029090063,1.667670834,0.986958319,0.246703051,-79.0915448,6.682482503
2019,"July",13,"WAY","C",5,"ET",10,80,16.21158448,31.07738636,70.67897727,404.69125,2.489918452,2.129205762,0.996300015,0.203764294,-141.4331572,-20.08852511
2019,"July",13,"WAY","C",5,"ET1",10,80,16.21158448,31.44326316,70.67736842,403.2566316,2.211052737,1.868399949,0.995468085,0.204214262,-144.1810137,-19.77970758
2019,"July",13,"WAY","C",5,"ET2",10,80,16.21158448,31.88602151,70.67010753,410.9430108,2.146961331,1.765356664,0.998154004,0.221453689,-211.7895293,-8.433583862
2019,"July",13,"WAY","C",5,"ET3",10,80,16.21158448,32.29684783,70.66195652,408.6042391,1.867063985,1.539670805,0.994693414,0.201096065,-155.9249327,-21.93388968
2019,"July",13,"WAY","C",1,"E",10,80,14.25089108,22.42913978,70.78053763,407.7497849,2.467321511,2.184931475,0.987542984,0.20618459,-60.32008062,-18.43541484
2019,"July",13,"WAY","C",2,"E",10,80,13.68360167,26.23114943,70.7516092,419.4181609,1.676556522,1.461404636,0.975647483,0.186162281,-64.22646474,-32.73684383
2019,"July",13,"WAY","C",3,"E",10,80,16.24260694,30.04107527,70.7255914,410.5787097,1.897403278,1.800008274,0.990798183,0.098549796,-115.6553153,-121.7847968
2019,"July",13,"WAY","C",4,"E",10,80,18.52584692,34.19349398,70.65445783,416.5578313,1.352631114,1.272154359,0.989083268,0.079974119,-149.3407546,-151.0250425
2019,"July",13,"WAY","C",5,"E",10,80,16.21158448,32.86406593,70.65802198,413.2950549,1.247581059,1.016179078,0.988909059,0.152676535,-160.3002846,-60.49845749
2019,"November",26,"WAY","C",1,"ET",10,80,22.09139529,32.78601852,70.41768519,394.8752778,3.730175801,3.089682053,0.989650177,0.40444087,-9.30542698,75.88730449
2019,"November",26,"WAY","C",2,"ET",10,80,20.97485468,34.50968085,70.39787234,405.2879787,3.338996653,2.668134856,0.991196014,0.417660909,-35.77191896,80.3903112
2019,"November",26,"WAY","C",3,"ET",10,80,22.74991074,36.72065934,70.36582418,405.8118681,3.042725228,2.555323302,0.992462873,0.298831762,-59.03325818,33.51983255
2019,"November",26,"WAY","C",4,"ET",10,80,22.49219377,37.52307692,70.34406593,404.7164835,3.310291337,3.184868241,0.970255896,0.338480919,52.39865723,50.96200901
2019,"November",26,"WAY","C",5,"ET",10,80,23.34381621,37.58704545,70.33056818,415.1863636,2.340762535,1.660569815,0.993225507,0.42675597,-103.4563098,83.40625725
2019,"November",26,"WAY","C",1,"E",10,80,22.09139529,33.29067416,70.41280899,415.8479775,2.282555848,2.017317042,0.98658793,0.19456566,-60.02543555,-26.55571514
2019,"November",26,"WAY","C",2,"E",10,80,20.97485468,36.46968421,70.38126316,423.294,1.209871052,1.054453892,0.985439286,0.115746359,-142.849894,-99.26729866
2019,"November",26,"WAY","C",3,"E",10,80,22.74991074,36.89053763,70.36473118,432.1713978,1.97974589,1.76609461,0.986206682,0.166318566,-76.58931135,-48.51676928
2019,"November",26,"WAY","C",4,"E",10,80,22.49219377,37.6487234,70.34138298,423.0652128,1.390769262,1.168867999,0.995945195,0.131422767,-213.9731572,-81.48476234
2019,"November",26,"WAY","C",5,"E",10,80,23.34381621,37.475,70.32869565,429.4325,1.123910778,0.972889773,0.985201665,0.112130022,-151.5971526,-103.7111966
2020,"March",14,"ACJ","B",1,"ET",10,80,14.97599437,-66.23505376,67.93430108,270.1513978,1.220289297,2.568990811,0.90767584,0.118341608,-56.89834125,-96.16291299
2020,"March",14,"ACJ","B",2,"ET",10,80,15.02837826,-66.18406504,67.90796748,277.3678049,0.738787368,0.629535939,0.986911033,0.054738293,-272.7055286,-204.1045801
2020,"March",14,"ACJ","B",3,"ET",10,80,15.36501899,-66.23112,67.89392,272.35528,0.765727212,0.583051041,0.961483275,0.099121404,-189.1635716,-120.9751156
2020,"March",14,"ACJ","B",4,"ET",10,80,15.13503352,-66.20846154,67.86586538,282.1926923,0.454817233,0.414030575,0.884471761,0.068325206,-179.105413,-173.064448
2020,"March",14,"ACJ","B",5,"ET",10,80,15.30608868,-66.25435484,67.85064516,277.1668548,0.493089416,0.488060673,0.90900361,0.06277859,-186.5488049,-184.9174996
2020,"March",14,"ACJ","B",1,"E",10,80,14.97599437,-66.24863248,67.93282051,283.0523077,0.284220669,0.275862671,0.950587329,0.025797364,-311.4887096,-309.4253465
2020,"March",14,"ACJ","B",2,"E",10,80,15.02837826,-66.24769231,67.90538462,281.4646154,0.299277518,0.242032958,0.969176186,0.031916484,-338.9694185,-279.6263071
2020,"March",14,"ACJ","B",3,"E",10,80,15.36501899,-66.21021277,67.89638298,282.7217021,0.093476227,0.070328168,0.64910869,0.029705986,-303.029536,-289.6746739
2020,"March",14,"ACJ","B",4,"E",10,60,15.13503352,-66.22010101,67.86343434,286.6784848,0.134930193,0.154944349,0.589672637,0.03384263,-199.3605348,-192.7506486
2020,"March",14,"ACJ","B",5,"E",5,60,15.30608868,-66.23321429,67.84517857,279.7899107,0.210335294,2.86206677,0.711308023,0.037556428,-189.4715248,-200.9642113
2020,"March",14,"ACJ","C",1,"ET",10,75,12.67680714,-65.64549451,67.88230769,271.6404396,2.206982306,1.91314161,0.980030255,0.15803284,-89.50465712,-51.41322029
2020,"March",14,"ACJ","C",2,"ET",10,80,13.8931874,-65.68717391,67.86054348,273.9477174,2.083961204,3.365418191,0.95103796,0.145435637,-28.72987426,-67.30076391
2020,"March",14,"ACJ","C",2,"ET1",10,80,13.8931874,-65.65626506,67.85915663,271.3372289,2.070255066,2.699329478,0.951490066,0.180723911,-30.32012194,-36.88759979
2020,"March",14,"ACJ","C",2,"ET2",10,80,13.8931874,-65.67225806,67.86172043,271.5816129,2.284580251,2.029333164,0.991413882,0.124424442,-141.8694013,-89.14566278
2020,"March",14,"ACJ","C",2,"ET3",10,80,13.8931874,-65.65311828,67.8555914,276.7946237,1.458917501,1.399941108,0.982071195,0.083534504,-152.9234755,-144.9271052
2020,"March",14,"ACJ","C",3,"ET",10,80,12.65312959,-65.67402174,67.82326087,278.1098913,2.002941432,1.624549692,0.988138837,0.179150753,-137.6325092,-38.11160109
2020,"March",14,"ACJ","C",4,"ET",10,80,13.05703408,-65.65340659,67.79461538,286.6836264,1.214231457,1.045196629,0.987873557,0.085440542,-207.0541745,-141.7685718
2020,"March",14,"ACJ","C",5,"ET",10,80,12.96407557,-65.66925532,67.76117021,286.9739362,0.847764603,0.735431326,0.989469383,0.055975098,-268.1539816,-200.9765043
2020,"March",14,"ACJ","C",1,"E",10,80,12.67680714,-65.64404494,67.87202247,284.4275281,1.598650299,1.342064193,0.977081054,0.142302046,-122.1833995,-70.35020802
2020,"March",14,"ACJ","C",2,"E",10,80,13.8931874,-65.69741935,67.84494624,285.1152688,1.235423618,2.541995667,0.942429402,0.084895318,-90.78974036,-142.6648204
2020,"March",14,"ACJ","C",3,"E",10,80,12.65312959,-65.64765306,67.81918367,288.3677551,0.702105859,0.66292722,0.96017474,0.058210512,-198.4333904,-195.494237
2020,"March",14,"ACJ","C",4,"E",10,80,13.05703408,-65.66380435,67.78782609,293.3638043,1.769238331,1.283093935,0.920693861,0.299216535,-15.25074304,33.69997924
2020,"March",14,"ACJ","C",5,"E",10,80,12.96407557,-65.64043011,67.75301075,285.108172,1.060373216,0.803946993,0.949008944,0.148235793,-121.3522731,-64.63088383
2020,"March",14,"ACJ","NB",1,"ET",10,80,14.31111789,-66.20544304,68.32126582,264.2994937,2.268228979,1.904266709,0.993239771,0.157421853,-161.2940207,-55.35404461
2020,"March",14,"ACJ","NB",2,"ET",10,80,14.91940784,-66.19894118,68.294,261.2544706,4.110941445,3.610627926,0.978402446,0.30037815,6.36812615,34.24243319
2020,"March",14,"ACJ","NB",3,"ET",10,80,14.39937047,-66.22043478,68.28663043,267.5541304,2.88041429,2.597443579,0.967592638,0.232052926,-14.5420951,-1.888305479
2020,"March",14,"ACJ","NB",4,"ET",10,80,14.92133798,-66.20988889,68.26455556,262.3173333,3.380758373,2.848497458,0.985034431,0.265297225,-47.87491769,16.85564016
2020,"March",14,"ACJ","NB",5,"ET",10,80,15.22704922,-66.2319802,68.24544554,263.2681188,3.020814213,2.45993142,0.994479833,0.242212276,-135.2884791,4.110559947
2020,"March",14,"ACJ","NB",1,"E",10,80,14.31111789,-66.21133333,68.31991667,273.8605833,2.038398976,1.581256444,0.995167077,0.195871237,-200.8170344,-25.61942349
2020,"March",14,"ACJ","NB",2,"E",10,80,14.91940784,-66.24777027,68.29675676,273.6264189,2.248762527,1.762928471,0.974812877,0.24552277,-68.17776817,6.011085034
2020,"March",14,"ACJ","NB",3,"E",10,80,14.39937047,-66.21478261,68.2848913,280.4172826,1.234893504,1.044262514,0.969724093,0.11530608,-139.7768547,-99.80084942
2020,"March",14,"ACJ","NB",4,"E",10,80,14.92133798,-66.21923913,68.26369565,277.9183696,1.379206893,1.182920842,0.989047107,0.09413916,-197.6189155,-128.1950958
2020,"March",14,"ACJ","NB",5,"E",10,80,15.22704922,-66.20658537,68.24130081,274.5707317,1.122501145,0.936393104,0.960584937,0.117657074,-133.8408271,-96.97507848
2020,"March",15,"QUE","B",1,"ET",10,80,13.04820308,-66.18515789,64.60336842,273.2798947,2.255269121,1.954907116,0.991336234,0.149673167,-136.783119,-63.27990798
2020,"March",15,"QUE","B",2,"ET",10,80,13.25769661,-66.22586957,64.58065217,278.8020652,1.770066846,1.662361189,0.981340577,0.108503533,-115.9587788,-108.3138889
2020,"March",15,"QUE","B",3,"ET",10,80,12.37406632,-66.21602273,64.52920455,281.0459091,0.976802131,2.702685441,0.810094386,0.169208764,-21.89371974,-46.10481799
2020,"March",15,"QUE","B",4,"ET",10,80,12.37434212,-66.19413043,64.51934783,280.6940217,1.046946973,1.050542194,0.94233428,0.112276514,-107.3633938,-103.5284138
2020,"March",15,"QUE","B",5,"ET",10,80,12.37341477,-66.21533333,64.49322222,277.8546667,0.828870139,0.920452284,0.926676582,0.109183296,-122.2370544,-107.4395398
2020,"March",15,"QUE","B",1,"E",10,80,13.04820308,-66.20429907,64.60056075,279.0086916,1.529193794,1.338827755,0.989561208,0.100585522,-178.5802228,-118.9223057
2020,"March",15,"QUE","B",2,"E",10,80,13.25769661,-66.19528926,64.58123967,283.0129752,1.428112203,1.218065042,0.993944624,0.098597434,-227.2236197,-121.717139
2020,"March",15,"QUE","B",3,"E",10,80,12.37406632,-66.22376068,64.53153846,283.0559829,1.161864138,1.079960889,0.946465808,0.119814457,-98.23340375,-94.43126222
2020,"March",15,"QUE","B",4,"E",10,80,12.37434212,-66.25180328,64.5202459,286.1213934,1.020798844,0.851117077,0.991458968,0.083263691,-250.2073052,-145.3817113
2020,"March",15,"QUE","B",5,"E",10,80,12.37341477,-66.1878022,64.49527473,284.8371429,1.05242031,0.905008301,0.983692602,0.084267214,-199.3150253,-143.7044701
2020,"March",13,"TRE","B",1,"ET",10,80,12.53946301,-66.19592308,66.62784615,287.2613077,0.248719501,0.244073337,0.938830543,0.02586946,-311.5552229,-309.0346325
2020,"March",13,"TRE","B",2,"ET",10,80,12.37532693,-66.2,66.61166667,285.4172222,0.229205473,0.229117733,0.91635128,0.017283809,-228.4912079,-228.2829787
2020,"March",13,"TRE","B",3,"ET",4,50,12.45875945,-66.22782609,66.61057971,288.012029,0.063363203,0.9404464,0.366423836,0.020090335,-217.4517822,-224.9939457
2020,"March",13,"TRE","B",4,"ET",10,80,13.72494304,-66.215625,66.39328125,296.15875,0.764889544,2.012373297,0.795434271,0.119174036,-68.67093825,-72.52701559
2020,"March",13,"TRE","B",5,"ET",10,80,7.875805802,-66.22128571,66.61957143,315.8932857,0.733610445,0.200025616,0.341092483,0.333026682,53.31315925,42.29461106
2020,"March",13,"TRE","B",1,"E",10,80,12.53946301,-66.2046,66.624,290.5955,-0.059048063,-0.020633347,0.466598186,0.031640493,-312.3878186,-280.8421913
2020,"March",13,"TRE","B",2,"E",10,80,12.37532693,-66.19950413,66.61735537,294.4460331,0.024134427,0.024032431,0.334779052,0.014144907,-400.1683132,-393.5538228
2020,"March",13,"TRE","B",3,"E",10,80,12.45875945,-66.22663043,66.61793478,289.0386957,0.498249024,0.323621525,0.751276311,0.142531589,-97.51656725,-70.12456077
2020,"March",13,"TRE","B",4,"E",10,80,13.72494304,-66.21947917,66.62364583,302.0778125,-0.003783393,0.034056681,0.006928906,0.025806508,-359.5180216,-309.375731
2020,"March",13,"TRE","B",5,"E",10,80,7.875805802,-66.1875641,66.62423077,310.0451282,0.701972688,0.353033105,0.52262765,0.312141758,18.80438297,38.60113266
2020,"March",13,"TRE","C",1,"ET",10,80,11.93168674,-65.66946809,65.75170213,292.7014894,0.902303692,1.121964615,0.96234222,0.055431263,-162.5860279,-202.3433464
2020,"March",13,"TRE","C",2,"ET",10,80,12.22495467,-65.64365591,65.73741935,294.1541935,0.897001647,1.386942689,0.959509064,0.051444496,-157.9819592,-212.7929845
2020,"March",13,"TRE","C",3,"ET",10,80,13.11042984,-65.66282609,65.73869565,289.5973913,0.466793123,1.131819604,0.918066915,0.043435198,-197.5485514,-236.4856535
2020,"March",13,"TRE","C",4,"ET",10,80,6.969096173,-65.67903226,65.7383871,300.0619355,1.785879532,3.339148068,0.970036507,0.108546285,-82.40233019,-108.2587374
2020,"March",13,"TRE","C",5,"ET",10,80,12.07654605,-65.66164835,65.71703297,280.7681319,1.100768839,2.305441465,0.866054749,0.157504749,-36.6640479,-56.13968622
2020,"March",13,"TRE","C",1,"E",10,80,11.93168674,-65.68419355,65.75086022,301.6422581,0.407197198,0.322820966,0.988133985,0.041412049,-359.4592458,-243.1634099
2020,"March",13,"TRE","C",2,"E",10,80,12.22495467,-65.65722892,65.7460241,295.4098795,0.315058107,0.334846163,0.949267729,0.031814987,-289.8284005,-280.0722282
2020,"March",13,"TRE","C",3,"E",10,80,13.11042984,-65.67924731,65.74032258,293.536129,0.400880846,0.390266891,0.968309528,0.029379781,-290.4471197,-291.2205295
2020,"March",13,"TRE","C",4,"E",10,80,6.969096173,-65.66644444,65.733,286.9626667,0.544635844,2.879845912,0.949784904,0.04390224,-212.8243536,-234.9883253
2020,"March",13,"TRE","C",5,"E",10,80,12.07654605,-65.66296703,65.71472527,291.8731868,0.707722594,0.764275804,0.897334902,0.104555122,-120.8057864,-113.5034541
2020,"March",12,"WAY","B",1,"ET",10,80,13.5111053,-66.19947917,70.97447917,268.4458333,0.585189878,1.747482165,0.538071346,0.195752032,-16.01987371,-25.70465218
2020,"March",12,"WAY","B",2,"ET",10,80,13.36533178,-66.23341176,70.96152941,268.0528824,2.530290166,2.784650955,0.972029615,0.135514253,-49.14311313,-77.1927167
2020,"March",12,"WAY","B",3,"ET",10,80,12.48082073,-66.22232558,70.93546512,272.2967442,1.859386394,1.622925022,0.990842437,0.109631594,-173.520088,-106.8658883
2020,"March",12,"WAY","B",4,"ET",10,80,12.80533527,-66.17979167,70.90979167,271.26375,1.86023717,1.567785582,0.993505448,0.125803189,-197.9938835,-87.6028545
2020,"March",12,"WAY","B",5,"ET",10,80,12.46428072,-66.24630952,70.88571429,269.9852381,2.73301402,2.279690696,0.989180762,0.206732413,-106.7648825,-18.06393498
2020,"March",12,"WAY","B",1,"E",10,80,13.5111053,-66.20473684,70.97631579,279.6158947,1.158910543,0.925303462,0.990545953,0.103027255,-238.4296689,-115.5643732
2020,"March",12,"WAY","B",2,"E",10,80,13.36533178,-66.2298913,70.95967391,278.7633696,0.731981245,0.549697028,0.665607628,0.215697145,-22.27020977,-12.12092785
2020,"March",12,"WAY","B",3,"E",10,80,12.48082073,-66.20422222,70.93555556,280.6846667,1.581476041,1.022288034,0.89359132,0.316749995,-15.02420604,41.6723206
2020,"March",12,"WAY","B",4,"E",10,80,12.80533527,-66.22581081,70.9127027,271.2862162,1.273179391,1.073957585,0.974113862,0.100943673,-150.3885191,-107.9364385
2020,"March",12,"WAY","B",5,"E",10,80,12.46428072,-66.22043956,70.88879121,279.7136264,1.835658987,1.672959234,0.994371522,0.07306669,-210.0641986,-163.6713104
2020,"March",12,"WAY","C",1,"ET",10,80,13.08876781,-65.68851064,70.65595745,270.5706383,2.171556084,1.870231716,0.981551444,0.160232635,-100.1373844,-53.73572999
2020,"March",12,"WAY","C",2,"ET",10,80,13.04585155,-65.65777778,70.62222222,273.0207778,2.468135306,1.358785486,0.993669054,0.128928112,-158.6751605,-84.16777492
2020,"March",12,"WAY","C",3,"ET",10,80,11.24188676,-65.64351648,70.59912088,273.4205495,3.808987369,4.136466953,0.981766401,0.189442516,-21.04504172,-30.29148306
2020,"March",12,"WAY","C",4,"ET",10,80,12.07716224,-65.68445652,70.57521739,283.2317391,1.38766355,1.137282832,0.993534431,0.107832518,-238.8642435,-109.182375
2020,"March",12,"WAY","C",5,"ET",10,80,13.0891263,-65.62931373,70.54558824,284.040098,0.917426986,0.743976066,0.993768465,0.07455482,-300.1624056,-160.8486156
2020,"March",12,"WAY","C",1,"E",10,80,13.08876781,-65.6719,70.6535,289.9126,1.521977987,1.154236508,0.976144631,0.176617876,-131.9638611,-40.10508118
2020,"March",12,"WAY","C",2,"E",10,80,13.04585155,-65.64758242,70.61945055,280.130989,1.814570264,2.047045093,0.981865663,0.083278942,-126.7783778,-145.3560714
2020,"March",12,"WAY","C",3,"E",10,80,11.24188676,-65.64722222,70.59555556,283.0113333,1.484674678,1.28991306,0.992719676,0.087309366,-220.8229058,-138.7393886
2020,"March",12,"WAY","C",4,"E",10,80,12.07716224,-65.64318681,70.57417582,287.9302198,0.927012875,0.812696442,0.99442372,0.049688312,-306.6730681,-217.6557096
2020,"March",12,"WAY","C",5,"E",10,80,13.0891263,-65.64168539,70.54292135,298.7203371,0.651983352,0.567087626,0.991818417,0.038980489,-329.1796309,-251.6348982
