"year","month","day","site","treatment","plot_id","flux","t_start","t_finish","c_amb","t_ave","p_ave","linear_model","nls_model","linear_rsqd","nls_sigma","linear_aic","nls_aic"
2018,"March",15,"ACJ","B",1,"NEE",10,80,421.6516714,21.24913386,67.86322835,4.383607289,3.976796315,0.974266209,0.473080537,79.162834,97.83371793
2018,"March",15,"ACJ","B",2,"NEE",10,65,424.3787588,19.56301205,67.86096386,4.138674136,2.4928679,0.85257482,1.140900035,135.2634547,174.5458888
2018,"March",15,"ACJ","B",3,"NEE",10,45,417.1476864,17.78672414,67.85103448,10.43522596,5.526804452,0.868676714,1.961147765,118.5877536,150.4133726
2018,"March",15,"ACJ","B",4,"NEE",10,80,418.1709644,16.64042735,67.8325641,1.141069087,0.571237245,0.819864387,0.29225453,35.59854442,30.40404209
2018,"March",15,"ACJ","B",5,"NEE",10,80,418.3748584,15.0288785,67.80915888,4.447599974,4.280306998,0.981538735,0.337815425,54.20274755,50.6864815
2018,"March",15,"ACJ","B",1,"Reco",10,80,421.6516714,21.85495146,67.86223301,-3.733871511,-3.446495528,0.975000708,0.379666365,54.59264997,67.0375312
2018,"March",15,"ACJ","B",2,"Reco",10,80,424.3787588,20.05655172,67.86224138,-3.648467331,-2.661020658,0.982775022,0.684155215,23.42389263,149.482402
2018,"March",15,"ACJ","B",3,"Reco",10,80,417.1476864,18.14638655,67.85176471,-3.129830045,-2.652855906,0.959181273,0.471969976,63.70053699,97.50468025
2018,"March",15,"ACJ","B",4,"Reco",10,80,418.1709644,17.01316901,67.83288732,-1.412718504,-1.378751767,0.9243922,0.228714842,-3.354214419,-3.916832725
2018,"March",15,"ACJ","B",5,"Reco",10,80,418.3748584,15.57323077,67.81138462,-2.764539874,-2.25708045,0.990968096,0.344904437,-64.48566705,53.5939617
2018,"March",15,"ACJ","C",1,"NEE",20,90,421.4596958,22.76305344,67.50610687,3.306576643,2.636748262,0.953477111,0.575139514,84.19809995,125.1822982
2018,"March",15,"ACJ","C",2,"NEE",10,80,418.7636739,22.70477064,67.50458716,10.14167167,9.34895065,0.98574909,0.825751944,156.9743757,175.8177467
2018,"March",15,"ACJ","C",3,"NEE",10,60,418.6017507,22.595,67.5072973,8.281456415,5.07869889,0.860381492,2.045109555,183.2727243,217.3978896
2018,"March",15,"ACJ","C",4,"NEE",60,100,423.0867686,22.80139535,67.50403101,-0.291094155,-0.128089818,0.133603577,0.259586227,7.345537063,9.570042875
2018,"March",15,"ACJ","C",5,"NEE",20,80,416.7673942,22.77634146,67.50349593,-0.116770251,2.045285063,0.010626598,0.510196598,107.5340805,93.48343395
2018,"March",15,"ACJ","C",1,"Reco",10,80,421.4596958,23.11852113,67.50126761,-3.936852309,-3.184765815,0.98800972,0.541339,10.37204721,116.7029259
2018,"March",15,"ACJ","C",2,"Reco",10,80,418.7636739,22.75654867,67.4999115,-5.868327876,-5.058928274,0.992625162,0.584345986,32.03742969,127.4055829
2018,"March",15,"ACJ","C",3,"Reco",10,80,418.6017507,22.69358333,67.50366667,-5.672621714,-4.596275078,0.989988875,0.760811684,49.0711418,164.3505497
2018,"March",15,"ACJ","C",4,"Reco",10,80,423.0867686,22.82161616,67.50232323,-5.156272027,-5.067643511,0.9584637,0.619450227,138.9623619,135.5730576
2018,"March",15,"ACJ","C",5,"Reco",10,80,416.7673942,22.90822581,67.50169355,-4.289072847,-3.649063093,0.991983471,0.45682839,-6.409794831,92.93962089
2018,"March",13,"PIL","B",1,"NEE",10,80,422.0124333,22.31925373,65.91179104,-0.872672658,-0.760525048,0.802531886,0.260848271,11.62370737,14.48797407
2018,"March",13,"PIL","B",2,"NEE",20,90,419.7134947,22.92267717,65.90582677,2.45188486,2.219639693,0.924752659,0.420028316,81.51492874,81.18162586
2018,"March",13,"PIL","B",3,"NEE",10,80,420.0926196,22.95233083,65.89488722,3.80551894,5.119204544,0.976903707,0.292207952,56.20481899,30.38172807
2018,"March",13,"PIL","B",4,"NEE",10,80,422.9454502,23.66976563,65.88992188,1.925564624,1.691379336,0.965083463,0.266009723,-9.935669885,17.23112865
2018,"March",13,"PIL","B",5,"NEE",20,80,417.1020464,23.72757576,65.88272727,1.532860016,0.999048869,0.905883449,0.386859223,10.34706986,60.27520094
2018,"March",13,"PIL","B",1,"Reco",10,80,422.0124333,22.04869919,65.9099187,-3.08235896,-2.190340035,0.98007256,0.640078751,15.12828087,140.1592984
2018,"March",13,"PIL","B",2,"Reco",10,80,419.7134947,23.07929688,65.90179688,-4.235043197,-3.584602491,0.983827752,0.530316963,45.65916653,113.82301
2018,"March",13,"PIL","B",3,"Reco",10,80,420.0926196,23.00914063,65.90414063,-3.647166189,-4.411266302,0.965836624,0.308381106,78.80710639,37.92362071
2018,"March",13,"PIL","B",4,"Reco",10,80,422.9454502,23.47354839,65.88451613,-2.73024716,-2.116615051,0.979758123,0.466463361,-0.228457717,95.86165477
2018,"March",13,"PIL","B",5,"Reco",10,80,417.1020464,23.98984615,65.87438462,-4.073511803,-3.515316901,0.967409742,0.572612177,91.63027227,124.5657401
2018,"March",14,"PIL","BB",1,"NEE",10,60,420.5386879,22.5171875,66.00945313,1.10029423,1.969754253,0.861895524,0.177611949,-20.98240998,-26.96266356
2018,"March",14,"PIL","BB",2,"NEE",10,70,416.0403512,22.12488636,65.9825,7.962194616,6.519424948,0.970017849,1.068971011,136.5417076,182.2421126
2018,"March",14,"PIL","BB",3,"NEE",10,80,410.5900501,12.16542857,65.93514286,2.947896091,2.136550651,0.984971302,0.554771408,-16.49340417,120.1343893
2018,"March",14,"PIL","BB",1,"Reco",10,80,420.5386879,22.38584507,66.01112676,-2.492580709,-1.599798975,0.956656615,0.66929259,41.79135444,146.4075127
2018,"March",14,"PIL","BB",2,"Reco",10,80,416.0403512,22.70952381,65.98087302,-2.835195661,-2.19456397,0.984983357,0.466576198,-16.98722467,95.89551651
2018,"March",14,"PIL","BB",3,"Reco",10,80,410.5900501,21.31408759,65.94861314,-2.787563386,-2.208268398,0.95557435,0.519850788,59.14266952,111.0323834
2018,"March",14,"PIL","C",2,"NEE",10,80,423.8331323,18.581,66.12466667,0.616711292,0.58221327,0.580082014,0.309399679,38.12538092,38.38527431
2018,"March",14,"PIL","C",3,"NEE",10,80,429.9638329,19.09920792,66.11514851,-1.935217642,0.529832438,0.313802113,2.339763082,279.2887205,321.6292219
2018,"March",14,"PIL","C",4,"NEE",10,80,422.1155968,20.14329949,66.09786802,1.097282517,0.865204587,0.739211124,0.414184761,69.73050212,79.22022994
2018,"March",14,"PIL","C",5,"NEE",10,80,421.3661423,20.83684211,66.08924812,1.80631221,1.619658882,0.938543227,0.296840141,21.31266464,32.58365292
2018,"March",14,"PIL","C",1,"Reco",10,80,417.1161528,18.19936508,66.12269841,-2.94676305,-2.115394689,0.976907136,0.600229881,17.09341965,131.1603083
2018,"March",14,"PIL","C",2,"Reco",10,80,423.8331323,18.38622449,66.12102041,-2.880972423,-2.126358133,0.986589727,0.524608797,-25.2953807,112.307925
2018,"March",14,"PIL","C",3,"Reco",10,80,429.9638329,19.33573529,66.11772059,-3.276654521,-1.579880833,0.593784338,1.951139958,271.6801605,296.2001985
2018,"March",14,"PIL","C",4,"Reco",10,80,422.1155968,19.93033058,66.1053719,-3.12581727,-2.932538723,0.960934421,0.334920807,64.85935941,49.48170312
2018,"March",14,"PIL","C",5,"Reco",10,80,421.3661423,20.69850746,66.09261194,-1.739428159,-1.492462102,0.970522707,0.238264615,-38.63450637,1.809991955
2018,"March",17,"QUE","B",1,"NEE",10,80,437.7823782,17.87736842,64.36934211,2.723243797,1.872585088,0.926348541,0.688993554,82.87249565,142.0958729
2018,"March",17,"QUE","B",2,"NEE",10,80,411.710143,19.18689922,64.36813953,2.781553803,2.437267354,0.973350965,0.355227062,23.64982412,57.72253558
2018,"March",17,"QUE","B",3,"NEE",10,80,416.1907799,17.44488,64.31888,2.800171917,2.560411699,0.988338194,0.229015616,-35.90385117,-3.732844723
2018,"March",17,"QUE","B",4,"NEE",10,80,411.0840399,15.50210145,64.31471014,4.603887423,4.03742939,0.973591912,0.575588204,92.8530675,125.2914754
2018,"March",17,"QUE","B",5,"NEE",10,80,410.0380998,14.5210687,64.29381679,4.192370335,3.757947051,0.987928979,0.379467731,22.53530368,66.9642667
2018,"March",17,"QUE","B",1,"Reco",10,50,437.7823782,17.53118182,64.37172727,-0.350122547,55.80867146,0.116183374,0.295656431,31.47622992,19.97877452
2018,"March",17,"QUE","B",2,"Reco",10,80,411.710143,19.50175573,64.36740458,-3.026059084,-2.009217366,0.940797273,0.807437396,93.49350474,175.088217
2018,"March",17,"QUE","B",3,"Reco",10,80,416.1907799,18.26713115,64.31811475,-2.858711541,-2.306548848,0.98365274,0.424856118,-8.23445761,82.78160717
2018,"March",17,"QUE","B",4,"Reco",10,80,411.0840399,16.70346457,64.30574803,-2.21441226,-1.741576785,0.975285727,0.37538175,-15.27126933,65.448619
2018,"March",17,"QUE","B",5,"Reco",10,80,410.0380998,13.82669231,64.29892308,-2.200159268,-1.227653453,0.964185004,0.684549892,9.102956051,149.5631422
2018,"March",12,"WAY","B",1,"NEE",10,80,420.930948,29.79829457,71.01162791,4.115106276,2.613275696,0.934360239,1.12773711,137.300148,219.4520964
2018,"March",12,"WAY","B",2,"NEE",10,80,427.2901262,30.43044444,70.99074074,4.555878297,4.273245756,0.974905949,0.433957333,80.77601495,85.74899859
2018,"March",12,"WAY","B",3,"NEE",10,80,420.7019629,31.55896825,70.95365079,5.7253573,4.20340946,0.930324544,1.315882702,189.6599257,241.0533446
2018,"March",12,"WAY","B",4,"NEE",10,80,421.9562371,33.84783582,70.91798507,4.427817629,7.474655989,0.807265941,1.171267697,236.6079171,224.7544001
2018,"March",12,"WAY","B",5,"NEE",10,80,428.1516056,35.01603053,70.87541985,5.219551108,9.780040891,0.912778961,0.819224494,195.5904747,174.7066695
2018,"March",12,"WAY","B",1,"Reco",10,80,420.930948,30.05719697,71.00757576,-4.717018361,-3.738894394,0.987169746,0.678290754,36.98984824,148.2771732
2018,"March",12,"WAY","B",2,"Reco",10,80,427.2901262,30.73464286,70.98607143,-3.954002979,-3.023804053,0.981088396,0.665501273,41.11044897,145.6122052
2018,"March",12,"WAY","B",3,"Reco",10,80,420.7019629,32.20406504,70.95333333,-5.455560735,-4.573195892,0.964515924,0.814787188,132.6738172,173.9463024
2018,"March",12,"WAY","B",4,"Reco",10,80,421.9562371,34.56736486,70.90243243,-3.987070279,-3.615179698,0.981765237,0.378349237,40.78966104,66.55100261
2018,"March",12,"WAY","B",5,"Reco",10,80,428.1516056,35.10640845,70.86584507,-3.513525556,-2.532420192,0.964315283,0.73927869,72.09411299,160.3310235
2018,"March",12,"WAY","C",1,"NEE",20,90,429.1873932,28.39096774,70.44379032,1.380551075,1.292294903,0.90624762,0.245125415,10.94714569,5.784324997
2018,"March",12,"WAY","C",2,"NEE",10,80,414.4917091,28.16173228,70.42700787,5.199182085,4.745888434,0.966998117,0.602261063,119.6354812,131.6332695
2018,"March",12,"WAY","C",3,"NEE",10,80,420.1885676,29.86618321,70.38862595,4.011341122,3.450460715,0.945750585,0.649785176,120.5348735,142.2663814
2018,"March",12,"WAY","C",4,"NEE",10,80,430.4518003,30.1040146,70.33737226,2.651457454,3.768153929,0.915666369,0.452787486,95.587007,91.69573257
2018,"March",12,"WAY","C",5,"NEE",10,80,432.2765884,29.8502963,70.27681481,1.714829817,1.066615542,0.85661036,0.578000291,76.13213478,125.87694
2018,"March",12,"WAY","C",1,"Reco",10,80,429.1873932,28.12676923,70.44069231,-5.252886546,-3.990862457,0.992856209,0.827492606,10.52047028,176.1125521
2018,"March",12,"WAY","C",2,"Reco",10,80,414.4917091,29.01945701,70.41117647,-1.906702529,-10.15627028,0.909455228,0.290174777,53.6597841,29.40420702
2018,"March",12,"WAY","C",3,"Reco",10,80,420.1885676,30.09639535,70.38135659,-10.92567332,-7.484364094,0.975350864,2.392487869,204.7822761,324.7489954
2018,"March",12,"WAY","C",4,"Reco",25,90,430.4518003,30.13412214,70.32709924,-1.264179746,-0.482283346,0.83780056,0.527668352,30.94961583,103.7634393
2018,"March",12,"WAY","C",5,"Reco",10,80,432.2765884,29.85353846,70.27084615,-3.634709916,-2.804401078,0.990412413,0.560904439,-19.48324308,121.673605
2019,"July",7,"ACJ","B",1,"NEE",10,80,413.2023716,17.62673913,68.09934783,28.16100503,20.94354042,0.993248306,4.662494176,244.6862526,418.1593421
2019,"July",7,"ACJ","B",2,"NEE",10,80,410.502829,18.49769231,68.07153846,17.92134469,13.35173192,0.987054014,3.089613293,227.6655271,360.548698
2019,"July",7,"ACJ","B",3,"NEE",10,80,420.9144208,18.34247423,68.04876289,10.85792971,8.303547965,0.986750014,1.748413726,158.1671783,280.8415179
2019,"July",7,"ACJ","B",4,"NEE",10,80,411.9657586,17.8127957,68.02709677,20.9197058,17.38250766,0.99830225,2.220311931,104.3338088,314.2929444
2019,"July",7,"ACJ","B",5,"NEE",10,80,409.2285159,17.03786517,68.0205618,17.31296463,14.23453522,0.992203365,2.085845742,185.7824717,305.5466837
2019,"July",7,"ACJ","B",1,"Reco",10,80,413.2023716,18.01976471,68.09376471,0.870011114,0.526770321,0.607128037,0.453335262,74.62130866,91.86500011
2019,"July",7,"ACJ","B",2,"Reco",10,80,410.502829,18.56588889,68.06866667,-0.06795194,0.387963156,0.024190873,0.379788607,6.294243863,67.08260017
2019,"July",7,"ACJ","B",3,"Reco",10,80,420.9144208,18.22444444,68.04344444,1.639341569,1.043240761,0.944901879,0.439906348,-6.099272048,87.65518829
2019,"July",7,"ACJ","B",4,"Reco",10,80,411.9657586,17.672,68.02644444,0.803197211,1.92835991,0.81726751,0.19191429,-12.23004107,-28.47663045
2019,"July",7,"ACJ","B",5,"Reco",10,80,409.2285159,16.65532609,68.01782609,6.155478734,8.830146773,0.935339539,0.876856528,193.174143,184.2246018
2019,"April",10,"ACJ","B",1,"NEE",10,80,422.2866208,27.43012346,67.96148148,3.193981194,4.969045322,0.942336857,0.416952464,96.60497871,80.15263867
2019,"April",10,"ACJ","B",1,"NEE1",10,80,422.2866208,27.67965116,67.95627907,1.760891899,1.730786854,0.904678778,0.335220701,50.82333495,49.60700555
2019,"April",10,"ACJ","B",1,"NEE2",25,95,422.2866208,28.56870968,67.95086022,2.466791557,1.258662274,0.952349762,0.798491469,41.1481177,166.3414237
2019,"April",10,"ACJ","B",1,"NEE3",5,75,422.2866208,28.97489362,67.94553191,1.270088811,2.322697083,0.865837751,0.300709093,32.38794417,34.39659415
2019,"April",10,"ACJ","B",2,"NEE",50,100,425.3714475,31.5141,67.9126,2.033249017,1.179857938,0.622644004,0.750792964,109.6412624,117.1902191
2019,"April",10,"ACJ","B",2,"NEE1",1,40,425.3714475,31.795,67.90639535,1.640185343,48.12884736,0.273766101,0.820282114,109.8255977,99.17175734
2019,"April",10,"ACJ","B",2,"NEE2",5,75,425.3714475,32.09818182,67.90125,1.610590124,7.507792367,0.729688678,0.554702631,129.5207676,120.1170318
2019,"April",10,"ACJ","B",2,"NEE3",10,80,425.3714475,32.40097826,67.8951087,-0.466239172,0.426468398,0.228307759,0.838050782,110.7787872,177.8875457
2019,"April",10,"ACJ","B",3,"NEE",50,90,424.6455237,33.09989247,67.86817204,1.555397453,0.585247377,0.523459539,0.638600711,67.80490199,81.58528002
2019,"April",10,"ACJ","B",3,"NEE1",50,90,424.6455237,33.12057471,67.86137931,3.395548604,0.877669535,0.892792289,0.904280406,38.88862405,101.499799
2019,"April",10,"ACJ","B",3,"NEE2",10,80,424.6455237,33.08235849,67.85792453,3.251415889,3.259411596,0.69426911,0.773589911,146.3369638,213.1779712
2019,"April",10,"ACJ","B",3,"NEE3",30,85,424.6455237,33.0451087,67.8573913,1.808839171,1.154402479,0.921445892,0.390017464,8.0416444,56.47395508
2019,"April",10,"ACJ","B",4,"NEE",25,95,425.3124994,33.33863636,67.83189394,2.91614297,2.011852489,0.932181706,0.744749861,99.99553966,161.3633048
2019,"April",10,"ACJ","B",4,"NEE1",1,40,425.3124994,33.7225,67.82770833,0.404910209,53.29789909,0.088433549,0.435229241,52.70234729,49.73727308
2019,"April",10,"ACJ","B",4,"NEE2",5,40,425.3124994,34.00820225,67.82247191,1.621448975,5.301493085,0.752024135,0.254097667,16.56012307,7.363719892
2019,"April",10,"ACJ","B",4,"NEE3",1,40,425.3124994,34.32989362,67.82010638,0.972583177,11.01974771,0.700333585,0.194969926,-4.491516511,-12.89887661
2019,"April",10,"ACJ","B",5,"NEE",5,75,430.4322246,34.96433333,67.79077778,1.705041222,6.653933977,0.78322733,0.496986401,118.5675793,104.735301
2019,"April",10,"ACJ","B",5,"NEE1",5,70,430.4322246,34.91655914,67.78978495,2.601464853,5.785395679,0.966613992,0.185331681,19.31483741,-30.69847028
2019,"April",10,"ACJ","B",5,"NEE2",5,60,430.4322246,34.87702128,67.78744681,1.327065869,19.0800146,0.746729564,0.224359304,51.47658239,-4.34974349
2019,"April",10,"ACJ","B",5,"NEE3",10,80,430.4322246,34.90247312,67.78204301,1.562580389,6.616320899,0.86576448,0.243111443,64.91826581,4.629320941
2019,"April",10,"ACJ","B",1,"Reco",10,80,422.2866208,29.49868132,67.94395604,-1.214178033,-1.049923945,0.88265843,0.283620552,15.4194747,26.20574445
2019,"April",10,"ACJ","B",2,"Reco",10,80,425.3714475,32.78956044,67.89010989,-5.694952866,-5.043009856,0.934984574,0.995541988,190.5291699,201.99675
2019,"April",10,"ACJ","B",3,"Reco",10,80,424.6455237,33.03308511,67.85191489,-2.976425982,-3.36788366,0.912261399,0.505651222,121.6115521,107.1551286
2019,"April",10,"ACJ","B",4,"Reco",10,80,425.3124994,34.60224719,67.81775281,-2.372340988,-2.146859815,0.970083884,0.299431824,9.037323212,34.22723258
2019,"April",10,"ACJ","B",5,"Reco",10,80,430.4322246,34.87988764,67.78078652,-2.188390688,-1.910134111,0.976857536,0.267988891,-20.61174646,18.26890205
2019,"November",23,"ACJ","B",1,"NEE",20,85,420.7095457,19.44314607,67.96078652,7.917515966,3.871608155,0.948889554,2.510543842,188.4642377,308.095516
2019,"November",23,"ACJ","B",2,"NEE",15,85,420.4309091,20.41021978,67.9389011,1.3348016,1.183113905,0.833562249,0.353558133,53.41072398,57.06323715
2019,"November",23,"ACJ","B",3,"NEE",30,85,423.8904025,20.61088889,67.922,2.40335601,0.838789414,0.876820762,0.849558442,63.09190494,142.1117288
2019,"November",23,"ACJ","B",4,"NEE",15,85,422.0731635,20.68306818,67.89579545,1.371769082,1.148299539,0.861871276,0.343274701,41.87413211,52.93086865
2019,"November",23,"ACJ","B",5,"NEE",5,60,420.7810294,21.10663043,67.87543478,1.5624291,1.371026643,0.866984652,0.297708601,20.03224994,26.76555536
2019,"November",23,"ACJ","B",1,"Reco",10,80,420.7095457,19.51354839,67.95903226,-5.569600413,-4.92897994,0.973365064,0.651020044,114.6765077,142.5321884
2019,"November",23,"ACJ","B",2,"Reco",10,80,420.4309091,20.25688889,67.93877778,-2.164387598,-1.89975089,0.916908395,0.409359327,65.85937933,77.57959272
2019,"November",23,"ACJ","B",3,"Reco",10,80,423.8904025,20.62768421,67.91273684,-1.559454287,-1.283979303,0.893542672,0.356647331,38.99352341,57.50487566
2019,"November",23,"ACJ","B",4,"Reco",10,80,422.0731635,20.79179775,67.89044944,-1.67577316,-1.377040993,0.926164705,0.331314572,20.8073593,47.96608913
2019,"November",23,"ACJ","B",5,"Reco",10,80,420.7810294,21.19155556,67.869,-1.885855141,-1.798435382,0.937542229,0.281854868,25.05694815,25.33144804
2019,"April",10,"ACJ","C",1,"NEE",10,80,420.8451723,25.62466667,67.31822222,3.275590617,3.56272672,0.945186506,0.461342837,96.8843774,94.3163306
2019,"April",10,"ACJ","C",1,"NEE1",10,80,420.8451723,25.43044944,67.32224719,3.067352517,3.410113067,0.921610646,0.522869876,114.6388754,111.8430961
2019,"April",10,"ACJ","C",1,"NEE2",10,80,420.8451723,25.25786517,67.32730337,3.086128033,2.790039308,0.933345283,0.522207374,102.9120868,113.204511
2019,"April",10,"ACJ","C",1,"NEE3",10,80,420.8451723,25.09477273,67.32602273,2.345944202,1.985308448,0.86254645,0.599950233,120.9863048,131.095067
2019,"April",10,"ACJ","C",2,"NEE",10,80,429.6706652,24.79703297,67.32164835,5.225872423,4.620296035,0.962322037,0.71871942,134.9355657,156.3824743
2019,"April",10,"ACJ","C",2,"NEE1",5,70,429.6706652,24.60406593,67.32373626,4.197349818,5.614405262,0.910561801,0.734320428,147.8905881,148.2853205
2019,"April",10,"ACJ","C",2,"NEE2",10,80,429.6706652,23.54011236,67.30786517,6.937153961,5.299243857,0.97714392,1.222474356,138.0233065,230.7450423
2019,"April",10,"ACJ","C",2,"NEE3",10,80,429.6706652,23.36197802,67.30978022,7.950020176,7.424629944,0.97766425,0.74107855,155.6254551,158.4324453
2019,"April",10,"ACJ","C",3,"NEE",10,80,450.5987159,22.83880435,67.305,1.20872489,-32.37978837,0.723237435,0.496948124,87.99460846,104.724518
2019,"April",10,"ACJ","C",3,"NEE1",10,80,450.5987159,22.6756044,67.30483516,0.936882645,0.82603912,0.621476853,0.435700801,84.73986643,86.31033615
2019,"April",10,"ACJ","C",3,"NEE2",10,80,450.5987159,22.4956044,67.30637363,0.88699921,7.431471545,0.564053737,0.462683075,93.81239293,94.72245222
2019,"April",10,"ACJ","C",3,"NEE3",25,90,450.5987159,22.35021978,67.30406593,0.531039126,0.962794645,0.448416794,0.319136473,40.87599529,39.95285515
2019,"April",10,"ACJ","C",4,"NEE",20,90,457.1253915,21.80848485,67.30484848,-0.447437312,3.974570745,0.310327945,0.388547062,71.2703521,70.27452997
2019,"April",10,"ACJ","C",4,"NEE1",10,80,457.1253915,21.62404255,67.30180851,-0.195570077,93.99074305,0.103132321,0.322741082,50.5400831,44.29558362
2019,"April",10,"ACJ","C",4,"NEE2",10,60,457.1253915,21.40244681,67.30585106,-0.330733363,-0.019263239,0.160983098,0.361100634,31.64040557,43.99289399
2019,"April",10,"ACJ","C",4,"NEE3",10,80,457.1253915,21.15606383,67.30414894,-0.758620998,-0.500796113,0.701531013,0.333920081,28.5816867,49.06276412
2019,"April",10,"ACJ","C",1,"Reco",10,80,420.8451723,24.97835294,67.33211765,-1.459192785,-0.878421123,0.76736242,0.61216867,99.16758292,133.9176268
2019,"April",10,"ACJ","C",2,"Reco",10,80,429.6706652,23.18383838,67.31020202,-0.636406225,-0.397615569,0.802759682,0.241719714,-34.42403352,3.825566922
2019,"April",10,"ACJ","C",3,"Reco",10,80,450.5987159,22.17117021,67.30787234,-2.123919314,-1.793869227,0.910521226,0.442214691,71.17355415,88.38789657
2019,"April",10,"ACJ","C",4,"Reco",10,80,457.1253915,20.90696629,67.30247191,-2.103643507,-1.818617404,0.935353852,0.368192985,44.20640634,62.74153819
2019,"July",12,"ACJ","C",1,"NEE",10,80,411.2327365,19.42824176,67.57076923,5.741451535,5.244281834,0.989785946,0.433123568,50.49331726,85.47975682
2019,"July",12,"ACJ","C",2,"NEE",10,80,416.8940652,21.01086022,67.55516129,4.59903639,3.722349463,0.896079367,1.067370148,191.5945312,211.7499616
2019,"July",12,"ACJ","C",3,"NEE",10,80,415.897556,23.37252747,67.54208791,3.15310095,2.77753241,0.980581588,0.346168906,13.68379536,54.10628339
2019,"July",12,"ACJ","C",3,"NEE1",10,80,415.897556,23.39623529,67.53258824,3.65084768,3.121154335,0.99183023,0.383915813,-27.79609239,68.59578865
2019,"July",12,"ACJ","C",3,"NEE2",10,80,415.897556,23.40280899,67.53235955,2.825120877,2.299369636,0.966454239,0.256209612,37.9132865,11.97595472
2019,"July",12,"ACJ","C",3,"NEE3",10,80,415.897556,23.40758242,67.53307692,1.406184425,1.051500892,0.921698839,0.254121217,2.393557084,10.83012214
2019,"July",12,"ACJ","C",4,"NEE",10,80,419.9220529,22.45690722,67.53731959,1.82451138,1.527268313,0.974250774,0.254102224,-43.96998169,10.81965785
2019,"July",12,"ACJ","C",5,"NEE",10,80,419.1745395,23.06288889,67.52433333,2.929398073,3.296001372,0.978138069,0.24536502,11.66685572,5.921105263
2019,"July",12,"ACJ","C",1,"Reco",40,90,411.2327365,20.00852632,67.57073684,-1.898868613,-0.614659585,0.841468425,0.647739651,39.72561139,102.4261099
2019,"July",12,"ACJ","C",2,"Reco",10,80,416.8940652,21.81162791,67.55651163,-1.741257885,-2.358067326,0.859943905,0.346182049,78.17520714,54.11159845
2019,"July",12,"ACJ","C",3,"Reco",10,80,415.897556,23.40142857,67.52755102,0.323268257,0.215467537,0.535546568,0.190161455,-41.4392864,-29.76118562
2019,"July",12,"ACJ","C",4,"Reco",10,80,419.9220529,22.66173469,67.53908163,-0.41264756,-0.318686231,0.677523124,0.177462415,-49.7011091,-39.43723405
2019,"July",12,"ACJ","C",5,"Reco",10,80,419.1745395,23.25377778,67.52166667,-0.763568119,-0.667524808,0.88982311,0.168532724,-57.5806462,-46.66528094
2019,"November",20,"ACJ","C",1,"NEE",10,80,415.8834744,23.3672043,67.65569892,4.016034141,3.647270109,0.982559701,0.379042507,39.99913756,66.80729756
2019,"November",20,"ACJ","C",2,"NEE",10,80,421.8429624,23.36465116,67.63476744,5.952022366,3.964206213,0.959306802,1.480909286,157.7535296,257.5941465
2019,"November",20,"ACJ","C",3,"NEE",5,50,424.4024963,23.99747368,67.60431579,6.700173623,19.25532357,0.936749331,0.384456397,96.8675456,45.62542032
2019,"November",20,"ACJ","C",4,"NEE",10,80,430.4720451,24.68617021,67.57510638,3.499345944,2.318876642,0.959746919,0.873500957,82.27034525,181.120004
2019,"November",20,"ACJ","C",5,"NEE",10,60,425.4141252,25.27945652,67.55793478,9.667063244,6.171436798,0.934763334,1.945571419,156.8536254,212.4083258
2019,"November",20,"ACJ","C",1,"Reco",10,80,415.8834744,23.45956522,67.64619565,0.096554664,0.070776601,0.049272659,0.249883254,7.050520203,8.475663548
2019,"November",20,"ACJ","C",2,"Reco",1,45,421.8429624,23.41206186,67.62989691,-2.594242909,-1.353669586,0.837393985,0.43321994,54.86063512,55.20685359
2019,"November",20,"ACJ","C",3,"Reco",10,80,424.4024963,24.23414894,67.60148936,-2.405831476,-2.057963997,0.961852772,0.355124604,24.81443319,57.68214948
2019,"November",20,"ACJ","C",4,"Reco",10,80,430.4720451,25.06663043,67.5675,-2.142780798,-1.924444687,0.956088559,0.265256381,19.24066612,16.83408483
2019,"November",20,"ACJ","C",5,"Reco",10,80,425.4141252,25.43723404,67.54808511,-2.483673203,-1.804508198,0.984886772,0.474947219,-37.39278046,98.38504311
2019,"July",10,"ACJ","NB",1,"NEE",10,80,407.7645887,15.24285714,68.32846154,5.657454457,4.283145844,0.971057247,0.673329919,120.0755814,147.2494883
2019,"July",10,"ACJ","NB",1,"NEE1",10,80,407.7645887,15.92388889,68.32066667,4.865226924,4.409903945,0.983473582,0.436948059,58.31545537,86.71053408
2019,"July",10,"ACJ","NB",1,"NEE2",10,80,407.7645887,16.59622222,68.31977778,5.262562167,4.455126646,0.986251582,0.601877251,56.53407596,131.5440212
2019,"July",10,"ACJ","NB",1,"NEE3",10,80,407.7645887,17.261,68.314,3.58299798,3.18124595,0.986987507,0.332221013,-1.653836537,48.34859092
2019,"July",10,"ACJ","NB",2,"NEE",10,80,417.2283878,19.38433333,68.31255556,2.32788219,3.31590356,0.952755918,0.281661835,32.17815727,25.23553409
2019,"July",10,"ACJ","NB",2,"NEE1",10,80,417.2283878,19.94978261,68.31119565,3.733747591,3.163751406,0.986006341,0.433511671,10.74415051,85.60514868
2019,"July",10,"ACJ","NB",2,"NEE2",10,80,417.2283878,20.58543478,68.31108696,2.714716056,2.35616741,0.984663903,0.289810812,-27.61016924,29.22849517
2019,"July",10,"ACJ","NB",2,"NEE3",10,80,417.2283878,21.12347826,68.31347826,2.047930379,5.697597147,0.907916417,0.317499082,65.66227502,42.00301785
2019,"July",10,"ACJ","NB",3,"NEE",10,80,414.5290014,22.89835165,68.29857143,2.912121163,2.326787045,0.936442097,0.574036828,87.97709763,124.9136255
2019,"July",10,"ACJ","NB",3,"NEE1",10,80,414.5290014,23.29521739,68.29652174,3.414385599,3.411379338,0.953002134,0.451562145,88.13874681,91.31634872
2019,"July",10,"ACJ","NB",3,"NEE2",10,80,414.5290014,23.65197802,68.30186813,3.953308958,3.407388347,0.983548688,0.44808021,32.31496807,90.23264379
2019,"July",10,"ACJ","NB",3,"NEE3",10,80,414.5290014,24.00868132,68.30032967,2.197631623,3.460876948,0.917343131,0.315946272,68.7013634,41.31663256
2019,"July",10,"ACJ","NB",4,"NEE",10,80,417.5541872,25.93880435,68.28434783,3.545361184,2.708203515,0.982375576,0.602379153,22.93260551,131.6607176
2019,"July",10,"ACJ","NB",4,"NEE1",10,80,417.5541872,25.98611111,68.28533333,4.501960733,3.919332791,0.990962801,0.437449874,8.875624794,86.87122543
2019,"July",10,"ACJ","NB",4,"NEE2",10,80,417.5541872,25.97359551,68.28213483,2.942337709,4.228861182,0.940439589,0.346606136,86.05361221,54.28299928
2019,"July",10,"ACJ","NB",4,"NEE3",10,80,417.5541872,25.90741573,68.27898876,3.94982052,3.470674466,0.987000908,0.394543083,16.3403275,72.41849613
2019,"July",10,"ACJ","NB",5,"NEE",10,80,418.8464321,25.18388889,68.28466667,6.33153534,5.160850584,0.966125755,1.014557578,152.5469517,204.6456358
2019,"July",10,"ACJ","NB",5,"NEE1",10,80,418.8464321,25.37611111,68.28133333,6.415920183,5.825696577,0.988376977,0.525595921,76.97791107,112.5711069
2019,"July",10,"ACJ","NB",5,"NEE2",10,80,418.8464321,25.54263736,68.28021978,5.593984665,4.525295902,0.975205147,0.855452216,112.2990412,180.7647611
2019,"July",10,"ACJ","NB",5,"NEE3",10,80,418.8464321,25.69677778,68.27988889,5.08676369,4.523458822,0.983647815,0.512554111,68.82360535,109.0534084
2019,"July",10,"ACJ","NB",1,"Reco",10,80,407.7645887,18.01923913,68.31793478,-1.619497783,-1.29713554,0.87154864,0.406960923,57.36907079,76.75693144
2019,"July",10,"ACJ","NB",2,"Reco",20,80,417.2283878,21.66494505,68.31274725,-0.250086637,-0.071613284,0.129411028,0.336577027,38.26481849,43.56714093
2019,"July",10,"ACJ","NB",3,"Reco",20,85,414.5290014,24.43226804,68.30020619,-0.610670872,-0.497564281,0.67510237,0.237226033,-3.650844543,1.394151388
2019,"July",10,"ACJ","NB",4,"Reco",20,85,417.5541872,25.67277778,68.28033333,-0.582453673,-0.257855595,0.668627071,0.291972013,-7.380143963,28.38794127
2019,"July",10,"ACJ","NB",5,"Reco",10,80,418.8464321,25.84582418,68.28032967,-1.571886064,-1.254571145,0.932173378,0.320009906,6.825882261,43.10580121
2019,"November",23,"ACJ","NB",1,"NEE",25,85,417.0250524,16.2176087,68.17336957,1.447220179,0.99986566,0.905234343,0.319278649,-3.522818497,37.23560507
2019,"November",23,"ACJ","NB",2,"NEE",5,70,418.7893054,17.4432967,68.16615385,-0.07893419,-0.001951201,0.027672449,0.252959965,6.557502447,9.74246833
2019,"November",23,"ACJ","NB",3,"NEE",1,40,423.1138694,18.24698925,68.14741935,4.464607148,18.55431304,0.941523433,0.300002095,35.82150324,20.71476582
2019,"November",23,"ACJ","NB",4,"NEE",30,85,429.4274946,18.89,68.14456522,4.252046713,2.733555893,0.800648769,1.166794463,158.0045678,177.0145922
2019,"November",23,"ACJ","NB",5,"NEE",10,80,419.9886704,20.385,68.13522222,1.285287369,0.934090063,0.833330135,0.304461895,47.70889387,36.13295968
2019,"November",23,"ACJ","NB",1,"Reco",10,80,417.0250524,16.43538462,68.16791209,-4.43502107,-3.51851896,0.985567677,0.640913756,35.98280479,140.3418143
2019,"November",23,"ACJ","NB",2,"Reco",10,80,418.7893054,17.69516484,68.1567033,-2.520279882,-2.034464881,0.966090869,0.403417461,18.43421279,75.53259515
2019,"November",23,"ACJ","NB",3,"Reco",10,80,423.1138694,18.46645833,68.149375,-4.011737348,-2.95163457,0.952540152,0.838804513,109.7018685,178.0134031
2019,"November",23,"ACJ","NB",4,"Reco",10,80,429.4274946,19.04159574,68.1487234,-4.084703472,-2.911246935,0.981469509,0.80318827,43.64713753,171.9390082
2019,"November",23,"ACJ","NB",5,"Reco",10,80,419.9886704,20.55966667,68.13822222,-2.83813205,-1.919751762,0.98173834,0.622918646,-8.347589617,136.3547576
2019,"April",9,"PIL","B",1,"NEE",10,80,424.6715351,28.87450549,65.97978022,3.248472633,4.207439494,0.863736709,0.775157193,171.1484527,166.9657453
2019,"April",9,"PIL","B",1,"NEE1",10,80,424.6715351,29.33021978,65.9789011,1.115363369,10.44481872,0.602135299,0.482451054,121.2529241,100.5796544
2019,"April",9,"PIL","B",1,"NEE2",5,75,424.6715351,29.19955556,65.97777778,1.521298246,10.24273455,0.685764513,0.619849523,139.294804,133.7815217
2019,"April",9,"PIL","B",1,"NEE3",10,80,424.6715351,29.03544444,65.97844444,1.413716817,4.017174543,0.837053677,0.376602807,68.0220376,65.90327769
2019,"April",9,"PIL","B",2,"NEE",1,45,430.0371649,29.34538462,65.97428571,3.080337594,18.83396302,0.771100241,0.542325887,93.41193505,74.97354947
2019,"April",9,"PIL","B",2,"NEE1",10,80,430.0371649,29.38846154,65.96923077,1.429838996,3.753099054,0.740791183,0.510983604,111.4167679,108.6237784
2019,"April",9,"PIL","B",2,"NEE2",10,80,430.0371649,29.21933333,65.97111111,1.935733027,1.446535407,0.888242065,0.533209917,81.74887596,114.5846541
2019,"April",9,"PIL","B",2,"NEE3",20,70,430.0371649,28.89784946,65.96892473,1.973997908,4.007675141,0.652558869,0.603025882,102.0965929,95.27323756
2019,"April",9,"PIL","B",3,"NEE",10,80,427.9589092,30.26655556,65.98433333,2.424542102,2.242186502,0.953106325,0.345347021,47.51496366,53.77349576
2019,"April",9,"PIL","B",3,"NEE1",5,60,427.9589092,30.31444444,65.974,3.013700357,4.86836839,0.933372716,0.358073333,57.41182303,47.07404661
2019,"April",9,"PIL","B",3,"NEE2",40,90,427.9589092,30.08989474,65.97421053,2.645824006,0.000730797,0.948725627,1.668493071,15.69942845,197.0448402
2019,"April",9,"PIL","B",3,"NEE3",5,60,427.9589092,29.74923077,65.97241758,2.135137283,5.338985963,0.906548618,0.283922815,39.19786729,21.55015437
2019,"April",9,"PIL","B",4,"NEE",5,50,436.158405,30.99633333,65.98444444,3.450216003,11.34854632,0.906374758,0.382411718,59.73265826,45.14549011
2019,"April",9,"PIL","B",4,"NEE1",10,80,436.158405,30.98811111,65.98255556,1.640501781,1.557621366,0.890939197,0.354952522,57.11687366,57.61429369
2019,"April",9,"PIL","B",4,"NEE2",5,60,436.158405,30.97935484,65.98473118,1.536087845,20.56786048,0.772327009,0.287124373,61.53638595,22.78359059
2019,"April",9,"PIL","B",4,"NEE3",20,90,436.158405,30.85262626,65.98171717,2.620863673,5.427772488,0.834640368,0.624601618,157.7407896,136.732493
2019,"April",9,"PIL","B",5,"NEE",10,80,424.0729001,29.49811111,65.996,3.582671376,2.944383882,0.944329287,0.681034591,115.4337392,148.8423619
2019,"April",9,"PIL","B",5,"NEE1",10,80,424.0729001,29.73252747,65.99450549,2.286878312,0.860566819,0.878302965,1.097595335,112.4623506,215.659309
2019,"April",9,"PIL","B",5,"NEE2",5,60,424.0729001,29.98978022,65.99054945,3.805665262,3.671622231,0.976908544,0.288324859,21.50238754,23.24254884
2019,"April",9,"PIL","B",5,"NEE3",15,85,424.0729001,30.24066667,65.99155556,1.769334852,1.462747606,0.922981058,0.367517965,40.27233465,62.48463641
2019,"April",9,"PIL","B",1,"Reco",20,90,424.6715351,28.78307692,65.97241758,-4.811454903,-2.859544408,0.974900692,1.347701118,98.19829138,244.3983043
2019,"April",9,"PIL","B",2,"Reco",10,80,430.0371649,28.544,65.96222222,-3.52101825,-2.689944809,0.96377014,0.691645729,80.60758633,151.0068701
2019,"April",9,"PIL","B",3,"Reco",10,80,427.9589092,29.08967033,65.96175824,-2.192866321,-1.790408309,0.943229923,0.4234327,47.08416961,82.31177026
2019,"April",9,"PIL","B",4,"Reco",10,80,436.158405,30.62633333,65.97733333,-1.315512684,-1.186703409,0.80397223,0.40700604,74.51883325,77.81289229
2019,"April",9,"PIL","B",5,"Reco",10,80,424.0729001,30.49747126,65.98908046,-2.228481444,-2.004520572,0.968319729,0.28344603,6.679835619,26.11957078
2019,"July",9,"PIL","B",1,"NEE",10,80,422.7695502,24.30784946,66.19096774,3.761557729,3.628734036,0.985338446,0.280637825,21.72261713,24.72562242
2019,"July",9,"PIL","B",2,"NEE",10,80,421.4662845,25.33857143,66.1743956,5.700052806,5.080131983,0.969133751,0.719721327,135.2747259,156.5775009
2019,"July",9,"PIL","B",3,"NEE",10,80,423.6973262,26.34896552,66.15275862,3.743504584,7.145325993,0.950089227,0.436825472,111.6357966,86.67125133
2019,"July",9,"PIL","B",4,"NEE",10,80,423.521849,26.50896552,66.12632184,3.741911625,5.844215903,0.96729841,0.368034613,80.41291026,62.6813068
2019,"July",9,"PIL","B",5,"NEE",10,80,427.9751185,27.47808989,66.10629213,1.524649865,8.48974601,0.885638198,0.290694291,48.59914077,29.65463158
2019,"July",9,"PIL","B",1,"Reco",20,85,422.7695502,24.175,66.19223404,-0.615519743,-0.353407408,0.843298866,0.214669262,-61.41304685,-11.59478388
2019,"July",9,"PIL","B",2,"Reco",5,40,421.4662845,25.7848913,66.17293478,-0.924585854,-0.771005755,0.775879405,0.163906563,-28.82671951,-23.32583293
2019,"July",9,"PIL","B",3,"Reco",40,85,423.6973262,25.96766667,66.14944444,0.051206042,0.154964623,0.01294098,0.180334238,-25.59045896,-22.50623331
2019,"July",9,"PIL","B",4,"Reco",20,90,423.521849,27.1028125,66.124375,-0.383681052,-0.274611018,0.423020725,0.280367394,19.77398812,24.59064893
2019,"July",9,"PIL","B",5,"Reco",30,90,427.9751185,27.39633333,66.10311111,-1.200979773,-0.467515882,0.904168839,0.448621968,-17.13440309,78.04956837
2019,"November",25,"PIL","B",1,"NEE",10,80,431.7655614,28.37711111,65.85777778,6.621157886,5.528865885,0.967614706,1.033754692,162.2036938,207.2699179
2019,"November",25,"PIL","B",2,"NEE",10,70,439.6471628,28.64934066,65.83901099,1.853873029,1.821023988,0.76965906,0.533318983,100.1616837,98.80226298
2019,"November",25,"PIL","B",3,"NEE",1,45,430.499587,28.52247312,65.81139785,1.010598633,17.89700976,0.606232966,0.291976691,28.34879636,20.48455538
2019,"November",25,"PIL","B",4,"NEE",10,80,429.5115219,27.63902174,65.79065217,-0.411398863,0.024378538,0.47807788,0.582204915,14.8619533,126.8916742
2019,"November",25,"PIL","B",5,"NEE",10,80,429.0075959,25.75255556,65.75266667,2.249843404,6.486234872,0.898378548,0.374558427,94.38211151,65.14122041
2019,"November",25,"PIL","B",1,"Reco",10,80,431.7655614,28.47873684,65.86136842,-3.361236202,-2.389149168,0.970004631,0.748973411,60.35891013,162.1550157
2019,"November",25,"PIL","B",2,"Reco",10,80,439.6471628,28.61644444,65.83433333,-1.719066964,-0.167329305,0.810676902,0.503702451,108.8153941,106.6145286
2019,"November",25,"PIL","B",3,"Reco",10,80,430.499587,28.41139785,65.80967742,-2.078705882,-1.431306776,0.913499056,0.586965752,71.63900989,128.0318343
2019,"November",25,"PIL","B",4,"Reco",10,80,429.5115219,28.14782609,65.78956522,-1.828212533,-1.656058306,0.901474555,0.384953104,63.55358166,68.97354052
2019,"November",25,"PIL","B",5,"Reco",10,80,429.0075959,27.18795699,65.77473118,-3.528848825,-3.088965186,0.983340437,0.396041159,24.1411812,72.94906795
2019,"April",9,"PIL","C",1,"NEE",10,80,422.1314276,27.27747253,65.96802198,4.870124844,3.983806816,0.944507639,0.933093142,157.77854,192.9272317
2019,"April",9,"PIL","C",1,"NEE1",10,80,422.1314276,27.28533333,65.96466667,2.937545527,2.214459196,0.847646295,0.899543222,165.4151323,187.8007226
2019,"April",9,"PIL","C",1,"NEE2",10,80,422.1314276,27.08613636,65.97045455,3.097609719,5.417530485,0.865123266,0.721925984,162.706414,157.0056947
2019,"April",9,"PIL","C",1,"NEE3",20,85,422.1314276,26.73782609,65.96521739,1.576051719,0.685091443,0.442806993,1.132506904,190.5662195,204.6069717
2019,"April",9,"PIL","C",2,"NEE",10,80,422.9053753,27.63494505,65.97571429,6.201776771,4.432559609,0.862599879,1.920123277,263.0692782,293.9567818
2019,"April",9,"PIL","C",2,"NEE1",10,80,422.9053753,27.53428571,65.96912088,4.659524048,18.8531218,0.707286374,1.676866841,290.2416055,274.9920578
2019,"April",9,"PIL","C",2,"NEE2",10,80,422.9053753,27.27222222,65.97344444,3.435512966,2.246603815,0.595513693,1.90156142,282.0295331,292.5968159
2019,"April",9,"PIL","C",2,"NEE3",10,80,422.9053753,27.14630435,65.96913043,4.542606792,7.005911612,0.791095494,1.380758651,254.5451913,247.7909004
2019,"April",9,"PIL","C",3,"NEE",10,80,422.9280758,26.64511111,65.96944444,4.731778108,3.736523625,0.950171709,0.932230046,145.343248,192.797674
2019,"April",9,"PIL","C",3,"NEE1",10,80,422.9280758,26.83311111,65.96755556,4.227990105,5.206474883,0.905132557,0.815565613,178.6092332,174.0799908
2019,"April",9,"PIL","C",3,"NEE2",10,80,422.9280758,26.62197802,65.96538462,1.831855974,11.84909612,0.522525523,1.019874761,213.5124594,205.3774442
2019,"April",9,"PIL","C",3,"NEE3",10,80,422.9280758,26.46274725,65.96395604,3.541087336,3.018697851,0.871706007,0.891082508,177.3542817,186.4777115
2019,"April",9,"PIL","C",4,"NEE",10,80,425.314912,26.39065217,66.00228261,0.113406897,0.249385019,0.024228594,0.445611607,87.02250749,89.45921096
2019,"April",9,"PIL","C",4,"NEE1",10,80,425.314912,26.00703297,65.9989011,4.913697666,4.300829776,0.981239249,0.566641961,78.67224023,123.098398
2019,"April",9,"PIL","C",4,"NEE2",10,80,425.314912,26.10088889,65.99666667,0.905783534,0.927230447,0.609038859,0.439904856,88.10758638,87.65471355
2019,"April",9,"PIL","C",4,"NEE3",50,90,425.314912,26.059,65.99644444,1.299897341,0.066681321,0.706516546,0.597776652,19.91333449,76.30030402
2019,"April",9,"PIL","C",5,"NEE",5,65,438.6101875,29.08054348,65.995,4.518705243,6.885183534,0.968423344,0.40988617,73.54534405,67.21343596
2019,"April",9,"PIL","C",5,"NEE1",40,90,438.6101875,28.61622222,65.994,0.650780357,-19.91912997,0.65864137,0.237517335,-12.56371466,2.101286658
2019,"April",9,"PIL","C",5,"NEE2",10,80,438.6101875,28.23044444,65.98944444,4.512841517,3.468402381,0.984500945,0.777156301,53.86917638,167.3263366
2019,"April",9,"PIL","C",5,"NEE3",40,85,438.6101875,27.73787234,65.98882979,1.395559752,-49.68342123,0.379744498,0.557862075,102.4925709,79.13074396
2019,"April",9,"PIL","C",1,"Reco",10,80,422.1314276,26.19758242,65.96054945,-3.273000867,-2.607244472,0.845932535,0.95614396,181.1757815,196.3437163
2019,"April",9,"PIL","C",2,"Reco",10,80,422.9053753,26.99228261,65.96695652,-1.863495991,-1.318995735,0.910488866,0.50764517,57.77461852,107.7061087
2019,"April",9,"PIL","C",3,"Reco",10,80,422.9280758,26.27634409,65.95709677,-1.931038413,-1.331359807,0.854017983,0.632741027,101.7945682,136.6221792
2019,"April",9,"PIL","C",4,"Reco",20,80,425.314912,25.82847826,65.99413043,-3.094219241,-1.9038798,0.98439836,0.67889668,-17.99302379,127.7641715
2019,"April",9,"PIL","C",5,"Reco",10,80,438.6101875,27.05758242,65.99076923,-1.979572811,-1.453467055,0.852137226,0.611141491,106.7281488,133.6825188
2019,"July",9,"PIL","C",1,"NEE",1,40,415.0413156,17.38373626,66.34714286,4.501573179,19.44266064,0.910302951,0.339038114,56.83692355,30.25596574
2019,"July",9,"PIL","C",2,"NEE",10,80,428.7739851,18.89175824,66.33307692,3.73661989,6.112939575,0.872481149,0.823871236,180.0886015,175.4985231
2019,"July",9,"PIL","C",3,"NEE",10,80,422.5565701,19.91296703,66.31736264,3.603046059,3.132218975,0.993018131,0.338883785,-39.96282031,51.12854047
2019,"July",9,"PIL","C",4,"NEE",10,80,419.174522,21.27913978,66.30182796,3.340380688,2.965110931,0.988775647,0.310506164,-16.05240326,38.88505324
2019,"July",9,"PIL","C",5,"NEE",10,80,414.7515206,22.93096774,66.27365591,4.565600369,4.405596335,0.974030672,0.453946638,89.82253758,92.0536795
2019,"July",9,"PIL","C",1,"Reco",10,80,415.0413156,17.84684783,66.34836957,-1.655703584,-1.505798008,0.967535168,0.196805001,-40.53894317,-24.95359663
2019,"July",9,"PIL","C",2,"Reco",10,80,428.7739851,19.18709677,66.32967742,-1.047936745,-1.023070139,0.728755674,0.376343141,66.097274,65.80671526
2019,"July",9,"PIL","C",3,"Reco",10,80,422.5565701,20.48875,66.31875,-0.005560821,0.127475332,0.000520749,0.168458568,-70.293085,-46.72689513
2019,"July",9,"PIL","C",4,"Reco",10,80,419.174522,21.72956989,66.29967742,-0.853334562,-0.662777354,0.90048595,0.209938221,-48.03081452,-15.90960949
2019,"July",9,"PIL","C",5,"Reco",40,90,414.7515206,23.3910101,66.27222222,-0.987015217,-0.383035442,0.853919841,0.314748278,-28.82891682,29.72777052
2019,"November",25,"PIL","C",1,"NEE",10,80,421.384343,23.86206522,66.04565217,3.760254379,3.29239886,0.951031648,0.59177302,109.903656,129.173769
2019,"November",25,"PIL","C",2,"NEE",10,80,415.9019374,26.09698925,66.03817204,4.595382702,4.230138222,0.966027689,0.560048781,112.3966257,121.4598724
2019,"November",25,"PIL","C",3,"NEE",10,80,429.8753363,29.05386364,65.9925,1.787420672,1.655444714,0.931306473,0.305862454,32.39028158,36.77549836
2019,"November",25,"PIL","C",4,"NEE",10,80,427.912083,29.08747253,65.96901099,0.896967171,1.688026282,0.638256905,0.41904736,79.33770053,80.8542802
2019,"November",25,"PIL","C",5,"NEE",10,80,429.370673,29.05138298,65.93712766,1.236657391,5.799437179,0.531417256,0.675703735,156.3899197,147.7421885
2019,"November",25,"PIL","C",1,"Reco",10,80,421.384343,24.58086957,66.04391304,-2.32931394,-2.07940374,0.881463504,0.528772295,110.3926176,113.4146334
2019,"November",25,"PIL","C",2,"Reco",10,80,415.9019374,28.89113402,66.01484536,-3.167047294,-2.084068285,0.974988678,0.789995574,38.51795677,169.620356
2019,"November",25,"PIL","C",3,"Reco",10,80,429.8753363,29.04421053,65.99473684,-1.463820828,-0.881165265,0.882049661,0.51196566,46.28644643,108.8925852
2019,"November",25,"PIL","C",4,"Reco",10,80,427.912083,29.1084375,65.9678125,-1.596304589,-0.849091373,0.8635051,0.637296035,70.55113287,139.5493273
2019,"November",25,"PIL","C",5,"Reco",10,80,429.370673,28.95489583,65.93479167,-1.674812885,-1.738085852,0.862204976,0.399163705,78.13705727,74.04855485
2019,"April",5,"QUE","B",1,"NEE",10,80,428.6763216,28.03147059,64.36411765,5.652239958,6.710266075,0.973569131,0.520791606,127.9707294,111.2855243
2019,"April",5,"QUE","B",2,"NEE",10,80,426.5536073,28.41876404,64.34775281,2.36648921,1.527909742,0.902282855,0.757524619,102.8066881,163.7443732
2019,"April",5,"QUE","B",3,"NEE",10,80,426.6146149,24.29233645,64.26345794,3.938666102,3.154826153,0.982085161,0.618888659,46.90934308,135.4460817
2019,"April",5,"QUE","B",4,"NEE",1,30,420.6198483,24.42929293,64.24151515,5.330940953,25.21740525,0.688183501,0.743546767,86.12962355,69.03935535
2019,"April",5,"QUE","B",5,"NEE",10,80,424.1356741,23.01340426,64.21478723,4.028464108,3.659667496,0.941255716,0.659397497,136.934964,144.3222429
2019,"April",5,"QUE","B",1,"Reco",20,90,428.6763216,28.21269231,64.36173077,-1.92674579,-1.418027291,0.818102787,0.65807888,124.5646145,144.0420004
2019,"April",5,"QUE","B",2,"Reco",20,90,426.5536073,27.29286822,64.33457364,-0.506355923,1.059156929,0.502030662,0.305630188,40.59405946,36.66914512
2019,"April",5,"QUE","B",3,"Reco",20,80,426.6146149,23.9522807,64.2654386,-0.005922494,-0.049866697,0.000112166,0.299497424,28.57954008,29.56059558
2019,"April",5,"QUE","B",4,"Reco",10,80,420.6198483,23.55757895,64.23589474,-1.393317319,-1.00658434,0.898112923,0.391012474,28.83172288,71.16005269
2019,"April",5,"QUE","B",5,"Reco",20,90,424.1356741,23.73959184,64.20377551,-1.231937215,-1.017980192,0.719043383,0.492585919,99.2910504,103.4901739
2019,"July",11,"QUE","B",1,"NEE",10,80,417.5082642,24.90733333,64.40855556,1.756303694,3.9521517,0.93902435,0.2475639,22.37517464,7.170150015
2019,"July",11,"QUE","B",1,"NEE1",10,60,417.5082642,25.6101087,64.4051087,3.564904774,3.223533461,0.971454569,0.295626141,15.99340043,23.98678751
2019,"July",11,"QUE","B",1,"NEE2",10,80,417.5082642,26.25258427,64.40157303,1.442311551,1.15348688,0.956731667,0.272181827,-30.65682806,20.44237364
2019,"July",11,"QUE","B",1,"NEE3",10,80,417.5082642,26.82054348,64.40152174,2.06255651,2.491840291,0.946579359,0.294324556,36.12977493,31.39216078
2019,"July",11,"QUE","B",2,"NEE",10,80,420.7339082,28.44826087,64.38076087,1.697584517,2.506848641,0.923673473,0.300572421,38.98599746,34.33294965
2019,"July",11,"QUE","B",2,"NEE1",10,75,420.7339082,28.93404494,64.37651685,1.636078613,4.67642323,0.892113678,0.269331803,45.26664004,17.89513931
2019,"July",11,"QUE","B",2,"NEE2",20,85,420.7339082,29.41073684,64.37315789,1.535670762,1.887017522,0.929704108,0.22148889,6.107596837,-7.529176355
2019,"July",11,"QUE","B",2,"NEE3",10,80,420.7339082,29.83902174,64.37217391,1.095476837,2.801090879,0.889005706,0.213666154,4.157061753,-13.44540415
2019,"July",11,"QUE","B",3,"NEE",10,80,427.4801682,31.59611111,64.30311111,0.699757754,11.19605232,0.510148853,0.340314688,86.22454059,51.71843196
2019,"July",11,"QUE","B",3,"NEE1",10,80,427.4801682,31.67247312,64.29860215,0.728213793,-1.642720322,0.718344987,0.294444079,28.67837695,31.449002
2019,"July",11,"QUE","B",3,"NEE2",10,80,427.4801682,31.74450549,64.29648352,0.991883918,0.773748125,0.928506231,0.230660366,-43.22953695,-2.730982714
2019,"July",11,"QUE","B",3,"NEE3",5,60,427.4801682,31.81549451,64.29197802,1.16275466,4.726563543,0.758574059,0.280132614,37.9036911,20.07183037
2019,"July",11,"QUE","B",4,"NEE",10,80,428.2884101,30.723,64.26877778,1.462997899,1.116569288,0.959195736,0.302714086,-30.57734555,35.32695271
2019,"July",11,"QUE","B",4,"NEE1",10,80,428.2884101,30.41659341,64.26615385,1.625928854,4.713327098,0.906654013,0.278013316,47.00292366,23.41018987
2019,"July",11,"QUE","B",4,"NEE2",5,40,428.2884101,30.14258065,64.26752688,2.190228949,9.879419129,0.850913823,0.246978473,18.37400805,5.374492833
2019,"July",11,"QUE","B",4,"NEE3",5,60,428.2884101,29.91808989,64.26505618,0.939337762,8.257464537,0.644907605,0.325174902,44.01251164,36.4728398
2019,"July",11,"QUE","B",5,"NEE",10,80,422.9041394,29.52626667,64.24426667,1.46492842,0.967844334,0.828106975,0.506147648,66.67424952,99.91010244
2019,"July",11,"QUE","B",5,"NEE1",5,60,422.9041394,25.87428571,64.22505495,1.911198524,12.67482732,0.834918915,0.335301588,64.78933899,39.84623087
2019,"July",11,"QUE","B",5,"NEE2",10,80,422.9041394,25.79236559,64.22193548,1.380337803,6.450255748,0.780325382,0.438791879,93.0940787,87.30005888
2019,"July",11,"QUE","B",5,"NEE3",10,80,422.9041394,25.83956044,64.22274725,1.151671169,1.345519347,0.899948488,0.240886485,1.432156445,3.342141109
2019,"July",11,"QUE","B",1,"Reco",40,90,417.5082642,27.44021505,64.40139785,-1.080577503,-0.314359354,0.848455156,0.409687261,-13.09552325,56.61663484
2019,"July",11,"QUE","B",2,"Reco",30,90,420.7339082,30.75309524,64.37047619,-0.307568764,-0.050556544,0.372747252,0.257324666,-10.85847977,10.4826014
2019,"July",11,"QUE","B",3,"Reco",10,80,427.4801682,31.89333333,64.28811111,-0.514500687,-0.431161151,0.600008135,0.272970297,16.89258647,20.84734644
2019,"July",11,"QUE","B",4,"Reco",10,80,428.2884101,29.64206522,64.25815217,0.164438468,0.140434506,0.069954659,0.40486609,66.42554438,76.03441999
2019,"July",11,"QUE","B",5,"Reco",30,90,422.9041394,25.94731183,64.21569892,-0.518185991,-0.331179374,0.493163757,0.299257199,21.86846679,29.46430568
2019,"November",27,"QUE","B",1,"NEE",5,70,418.2503387,20.21228261,64.37858696,2.384407945,2.009881597,0.834316037,0.648546245,123.6065225,132.1377382
2019,"November",27,"QUE","B",1,"NEE1",10,80,418.2503387,20.65674157,64.37808989,2.582641234,4.339593995,0.909028017,0.441518195,105.8177254,88.1672204
2019,"November",27,"QUE","B",1,"NEE2",10,80,418.2503387,21.41298851,64.3745977,2.755888004,2.659893005,0.957124029,0.365426457,58.41719318,61.68563446
2019,"November",27,"QUE","B",1,"NEE3",10,80,418.2503387,21.79144444,64.37544444,0.982935377,1.454426765,0.78406721,0.313955911,41.10090372,40.43188733
2019,"November",27,"QUE","B",2,"NEE",1,50,429.0670527,24.42608696,64.35358696,0.949488096,12.78237769,0.731357014,0.167446207,7.494437332,-32.12111302
2019,"November",27,"QUE","B",3,"NEE",10,80,426.0844019,25.00904255,64.31042553,-0.809191239,-0.461902138,0.848405647,0.31821332,-15.55469147,42.31760466
2019,"November",27,"QUE","B",4,"NEE",10,80,424.1061157,25.20422222,64.29066667,1.632354668,4.70449097,0.782607065,0.480730836,115.5342233,100.0795809
2019,"November",27,"QUE","B",5,"NEE",10,80,425.1261444,25.6888764,64.27303371,2.940462851,3.656255377,0.930173461,0.476084965,106.4851842,98.72001522
2019,"November",27,"QUE","B",5,"NEE1",10,80,425.1261444,25.90208791,64.26956044,2.387195808,3.818919874,0.858461687,0.581349535,132.8356461,126.6858339
2019,"November",27,"QUE","B",5,"NEE2",10,80,425.1261444,26.11844444,64.27077778,2.66800605,2.270123354,0.949981986,0.467156416,67.69825871,96.06950766
2019,"November",27,"QUE","B",5,"NEE3",5,55,425.1261444,26.38966667,64.27055556,2.988780219,1.933922803,0.82900117,0.803734771,97.84042761,124.0041584
2019,"November",27,"QUE","B",1,"Reco",10,80,418.2503387,22.20780952,64.37314286,-1.684298544,-1.437465098,0.936790205,0.31307827,17.92830649,40.03997933
2019,"November",27,"QUE","B",2,"Reco",5,55,429.0670527,24.54020833,64.3546875,-0.402445159,0.297800266,0.536138938,0.169885588,-34.25035169,-31.41025456
2019,"November",27,"QUE","B",3,"Reco",10,80,426.0844019,25.03891304,64.31663043,-1.237674806,-0.939425399,0.922579473,0.302146301,-8.886578102,35.0641157
2019,"November",27,"QUE","B",4,"Reco",20,90,424.1061157,25.32764706,64.29088235,-1.329651706,-0.718379541,0.898607315,0.490146703,22.52970751,102.7951917
2019,"November",27,"QUE","B",5,"Reco",10,80,425.1261444,26.63535354,64.27121212,-0.640008054,-0.225152091,0.677317479,0.39726267,21.63952257,73.38020581
2019,"April",13,"TRE","B",1,"NEE",10,80,424.3111503,25.59134831,66.46910112,2.984655496,6.402033355,0.956183437,0.286828942,68.77724164,27.78057022
2019,"April",13,"TRE","B",1,"NEE1",10,80,424.3111503,26.04363636,66.45238636,0.71539424,0.000420929,0.573673596,0.907432546,63.9624417,189.0232208
2019,"April",13,"TRE","B",1,"NEE2",20,80,424.3111503,25.74333333,66.44922222,0.823966494,-1.973142678,0.64326203,0.337505413,36.556301,43.89768333
2019,"April",13,"TRE","B",1,"NEE3",1,40,424.3111503,25.40633333,66.45511111,1.205395822,0.77363218,0.572893558,0.396580908,34.27930011,42.48383421
2019,"April",13,"TRE","B",2,"NEE",10,80,439.1391996,20.31247312,66.33569892,0.986531506,0.7300828,0.827557123,0.313631352,16.82962538,40.28708401
2019,"April",13,"TRE","B",3,"NEE",40,90,418.0166569,20.62228261,66.32358696,2.26623039,0.7929534,0.903281168,0.715835474,31.03749023,112.4222613
2019,"April",13,"TRE","B",4,"NEE",5,60,417.58534,20.84246914,66.3162963,5.974268042,5.705342266,0.960980393,0.575636065,98.32526698,99.29520734
2019,"April",13,"TRE","B",5,"NEE",40,90,415.0507298,20.48870968,66.2972043,10.26954128,3.20115262,0.968971675,3.19628528,123.5881762,262.0516821
2019,"April",13,"TRE","B",1,"Reco",40,85,424.3111503,24.82322222,66.45311111,-0.640885109,-0.197691798,0.328485728,0.401442127,39.676878,49.51639044
2019,"April",13,"TRE","B",2,"Reco",10,60,439.1391996,20.54719101,66.33393258,-1.143127658,60.87518085,0.209518045,0.803350819,142.8141606,123.9563761
2019,"April",13,"TRE","B",3,"Reco",10,80,418.0166569,20.86701149,66.32310345,-2.259000156,-1.756799608,0.943839064,0.463964297,45.99647963,95.10959237
2019,"April",13,"TRE","B",4,"Reco",10,70,417.58534,20.77119565,66.31543478,-2.366550264,-3.804570371,0.947137329,0.253819317,23.39502742,9.702617258
2019,"April",13,"TRE","B",5,"Reco",5,40,415.0507298,20.35616438,66.29410959,-0.507424063,-34.47331169,0.080119621,0.503553593,59.12985359,55.24172058
2019,"July",14,"TRE","B",1,"NEE",10,80,414.8391806,19.0923913,66.58423913,5.249341081,4.779679797,0.980406395,0.511471376,86.64425373,108.7573553
2019,"July",14,"TRE","B",1,"NEE1",10,80,414.8391806,20.16213333,66.57433333,5.066392954,4.454055961,0.955069936,0.747904811,142.9410966,161.9551277
2019,"July",14,"TRE","B",1,"NEE2",10,80,414.8391806,20.98879121,66.57098901,4.698959897,3.963319061,0.943842284,0.8217731,149.3371887,175.1415332
2019,"July",14,"TRE","B",1,"NEE3",10,80,414.8391806,22.06706522,66.57065217,4.205685349,5.00115028,0.901681654,0.72094858,177.1147778,156.8160224
2019,"July",14,"TRE","B",3,"NEE",10,80,427.1825485,26.70085106,66.53393617,2.334521369,1.957930251,0.645187576,1.105643474,210.7143939,216.6821163
2019,"July",14,"TRE","B",4,"NEE",10,80,436.3723374,26.98793478,66.52728261,1.193919385,1.016774205,0.513737305,0.710457571,154.1456166,154.76382
2019,"July",14,"TRE","B",5,"NEE",10,80,443.1693,27.39826087,66.5123913,1.414264012,5.317325247,0.824833658,0.382854192,72.35516406,68.20811826
2019,"July",14,"TRE","B",1,"Reco",10,80,414.8391806,24.16059701,66.56507463,-0.764817513,-0.614453787,0.657113938,0.434901828,68.01038857,56.72151506
2019,"July",14,"TRE","B",3,"Reco",10,80,427.1825485,26.83098901,66.53241758,-1.660519866,-1.62571241,0.62341788,0.778043475,169.0895785,167.4860645
2019,"July",14,"TRE","B",4,"Reco",10,80,436.3723374,27.14268817,66.52236559,-1.314691322,-1.191524725,0.915327509,0.252158919,2.771310336,9.744860637
2019,"July",14,"TRE","B",5,"Reco",10,80,443.1693,27.52989583,66.5125,-0.754441795,-0.661333177,0.68815308,0.306583422,36.98308304,37.10511315
2019,"November",24,"TRE","B",1,"NEE",10,80,425.8611203,16.66957895,66.49747368,4.232760124,3.631660042,0.980894405,0.503727041,53.26294609,106.6213631
2019,"November",24,"TRE","B",2,"NEE",20,80,418.4975707,18.61698925,66.48043011,2.952364952,1.188783739,0.921352961,1.042741078,75.10069022,179.2608786
2019,"November",24,"TRE","B",3,"NEE",10,80,421.9842364,19.90177778,66.46611111,3.80723487,2.862480947,0.967505359,0.734967709,78.53009052,159.5122471
2019,"November",24,"TRE","B",4,"NEE",10,80,436.9986165,20.86717391,66.46673913,1.982313562,1.225542356,0.911630934,0.614228538,61.58312055,134.3879179
2019,"November",24,"TRE","B",5,"NEE",10,80,434.6495167,21.48866667,66.46144444,2.147718361,1.928599799,0.930539751,0.371225757,54.72469633,63.88998223
2019,"November",24,"TRE","B",1,"Reco",10,80,425.8611203,17.65042553,66.48659574,-2.366117959,-1.205525452,0.837224495,0.966602824,134.5079227,197.8668034
2019,"November",24,"TRE","B",2,"Reco",10,80,418.4975707,19.07175824,66.47945055,-2.006523107,-1.790136035,0.841774297,0.528172841,109.4336873,113.2558294
2019,"November",24,"TRE","B",3,"Reco",10,80,421.9842364,20.33011111,66.46855556,-1.897690743,-1.79880443,0.870724215,0.433281216,85.38786339,85.53070483
2019,"November",24,"TRE","B",4,"Reco",10,80,436.9986165,21.07586957,66.46554348,-2.349158907,-2.085717227,0.918146321,0.445621045,79.81261142,89.46217621
2019,"November",24,"TRE","B",5,"Reco",10,80,434.6495167,21.64376344,66.46150538,-2.600398052,-1.629972145,0.926471084,0.767425301,86.30976223,165.5622886
2019,"April",8,"TRE","C",1,"NEE",10,80,427.6383843,34.124375,65.904,3.23739846,4.690693701,0.919520341,0.557198979,131.4328551,120.7456654
2019,"April",8,"TRE","C",1,"NEE1",10,80,427.6383843,34.73144444,65.89555556,2.811210263,2.639498921,0.909318649,0.560714549,120.9710161,121.6262012
2019,"April",8,"TRE","C",1,"NEE2",5,60,427.6383843,35.39692308,65.89450549,2.294632067,5.814004848,0.77528557,0.547626886,107.3046979,93.80824899
2019,"April",8,"TRE","C",1,"NEE3",5,50,427.6383843,35.90188889,65.88611111,1.333946197,-7.238053842,0.567451501,0.617590529,65.85447304,88.28499568
2019,"April",8,"TRE","C",2,"NEE",10,80,436.5323724,34.96455556,65.738,2.812727503,5.874739125,0.784354905,0.892036113,193.5428383,186.6274544
2019,"April",8,"TRE","C",2,"NEE1",5,65,436.5323724,34.82699029,65.73320388,2.627036043,3.172155964,0.891576598,0.495089196,90.42201796,89.87645024
2019,"April",8,"TRE","C",2,"NEE2",10,80,436.5323724,34.24404494,65.73191011,2.926932774,2.436542501,0.964393034,0.480503047,56.26010584,100.0132278
2019,"April",8,"TRE","C",2,"NEE3",5,75,436.5323724,33.70322222,65.72277778,2.277674902,5.616926518,0.875510808,0.543401977,115.9262442,117.2354348
2019,"April",8,"TRE","C",3,"NEE",5,75,433.324419,36.47913043,65.83141304,4.068331503,5.006209428,0.930884689,0.685191352,153.4571597,149.6942683
2019,"April",8,"TRE","C",3,"NEE1",10,80,433.324419,33.93641304,65.74152174,2.776055211,2.579887069,0.908682245,0.560269579,119.6748859,121.5150563
2019,"April",8,"TRE","C",3,"NEE2",10,80,433.324419,34.24355556,65.739,1.190935414,1.190960274,0.682795906,0.50682435,108.3777357,107.4795571
2019,"April",8,"TRE","C",3,"NEE3",10,80,433.324419,34.47709677,65.74,1.69094523,1.100996968,0.817306761,0.647135446,106.7531241,141.6943143
2019,"April",8,"TRE","C",4,"NEE",15,70,429.9405801,37.00711111,65.80777778,3.603677568,1.596243993,0.906037113,1.224331805,101.0488436,182.309444
2019,"April",8,"TRE","C",4,"NEE1",10,80,429.9405801,32.77688172,65.75021505,1.840758364,1.321834906,0.743018904,0.762000602,148.568949,164.5691565
2019,"April",8,"TRE","C",4,"NEE2",10,70,429.9405801,33.2210989,65.74956044,1.834828138,1.327587338,0.762694658,0.62505116,103.2603397,117.8479177
2019,"April",8,"TRE","C",4,"NEE3",10,80,429.9405801,33.40588889,65.74688889,1.240687216,0.005533141,0.746883583,1.139496362,91.36172747,220.9043598
2019,"April",8,"TRE","C",5,"NEE",5,70,432.2367387,37.45315217,65.7825,3.152613228,1.986859089,0.792044256,1.225920386,183.6180364,214.9105406
2019,"April",8,"TRE","C",5,"NEE1",10,80,432.2367387,37.55764045,65.78224719,3.642553487,3.374152168,0.928455299,0.656243257,140.9799038,143.6509435
2019,"April",8,"TRE","C",5,"NEE2",10,80,432.2367387,37.35717391,65.77815217,3.335203346,2.941413185,0.951539779,0.545526497,99.18078517,116.1554212
2019,"April",8,"TRE","C",5,"NEE3",10,60,432.2367387,37.36122222,65.773,1.334941499,3.053815227,0.514480055,0.593031115,94.57877454,93.60191243
2019,"April",8,"TRE","C",1,"Reco",20,90,427.6383843,36.28610526,65.87378947,-1.53949863,-1.112464407,0.924936787,0.39102473,21.57999844,71.16444103
2019,"April",8,"TRE","C",2,"Reco",10,80,436.5323724,36.42483516,65.84637363,-2.874779473,-2.492217172,0.927144746,0.567464284,108.1283465,123.3014217
2019,"April",8,"TRE","C",3,"Reco",10,80,433.324419,36.43184783,65.82391304,-2.994199259,-2.469378007,0.973143899,0.473110749,39.63821601,97.84265846
2019,"April",8,"TRE","C",4,"Reco",10,80,429.9405801,36.6593617,65.79957447,-0.926322649,-3.402545973,0.666374021,0.402417963,78.97429483,75.18530391
2019,"April",8,"TRE","C",5,"Reco",20,80,432.2367387,36.68681818,65.76965909,-2.257481379,-1.13513813,0.910625625,0.748583707,59.52412913,139.489861
2019,"July",8,"TRE","C",1,"NEE",10,40,424.0060444,13.93544444,65.95944444,24.7464419,15.54536886,0.990722881,2.559744081,61.93302193,145.460963
2019,"July",8,"TRE","C",2,"NEE",10,80,421.934224,15.14538462,65.93538462,0.849214137,0.74332493,0.867244267,0.204819156,-28.02612948,-19.36563252
2019,"July",8,"TRE","C",3,"NEE",10,80,422.8755508,15.96725275,65.92516484,3.908922922,3.506829352,0.947442885,0.590118711,117.1514726,128.7818489
2019,"July",8,"TRE","C",4,"NEE",10,80,422.9241177,17.41587629,65.90391753,2.396810358,1.913486826,0.971354887,0.393827726,3.567878285,72.16442773
2019,"July",8,"TRE","C",5,"NEE",10,70,425.4408312,17.28175824,65.89461538,5.197741073,3.538292953,0.948003149,1.122430865,117.6213515,188.0981407
2019,"July",8,"TRE","C",1,"Reco",10,80,424.0060444,14.39792683,65.95682927,-1.52366709,-1.370616212,0.970335153,0.178276603,-59.80227996,-38.18586059
2019,"July",8,"TRE","C",2,"Reco",10,80,421.934224,15.42833333,65.93222222,-2.170608261,-1.913056845,0.983784901,0.225540618,-52.8417967,-5.873434747
2019,"July",8,"TRE","C",3,"Reco",40,90,422.8755508,16.02747368,65.92368421,-1.35872602,-0.562565858,0.877474537,0.400877167,-8.57629913,54.44273194
2019,"July",8,"TRE","C",4,"Reco",10,80,422.9241177,17.50266667,65.89555556,-1.928047611,-1.381354139,0.922174003,0.485189524,47.37202292,101.37207
2019,"July",8,"TRE","C",5,"Reco",40,90,425.4408312,17.59365591,65.8911828,-0.9007149,-0.315780805,0.722288525,0.347894816,1.739578561,40.26724386
2019,"November",21,"TRE","C",1,"NEE",10,80,413.525486,19.21591398,65.83731183,2.660849035,2.441047252,0.936129519,0.430478514,79.0209021,84.6221658
2019,"November",21,"TRE","C",2,"NEE",10,80,416.0063128,20.0544086,65.83053763,4.990143362,4.325305198,0.979324225,0.597222057,85.43089096,130.4569878
2019,"November",21,"TRE","C",3,"NEE",10,80,417.1559453,21.14141304,65.82293478,8.795836114,7.266765614,0.978750683,1.252787904,168.4478558,234.1742618
2019,"November",21,"TRE","C",4,"NEE",10,80,417.7260428,22.65681319,65.8021978,2.394371923,1.507793941,0.786449966,0.953492776,163.7973757,195.9549868
2019,"November",21,"TRE","C",5,"NEE",10,80,429.4368207,24.0772043,65.78903226,2.675118581,1.575938636,0.897451394,0.911121064,118.8273485,189.5911371
2019,"November",21,"TRE","C",1,"Reco",10,80,413.525486,19.54765957,65.835,-3.638564856,-3.33990247,0.978230858,0.363506827,44.03536956,60.9482588
2019,"November",21,"TRE","C",2,"Reco",10,80,416.0063128,20.22989247,65.8283871,-3.446996926,-2.59133038,0.985901076,0.609429843,5.313973005,133.2898651
2019,"November",21,"TRE","C",3,"Reco",10,80,417.1559453,21.59784946,65.81580645,-3.664950244,-2.786338919,0.991408247,0.608690697,-20.86227087,133.1199633
2019,"November",21,"TRE","C",4,"Reco",10,80,417.7260428,23.14229167,65.80291667,-3.459185321,-2.760828729,0.982355542,0.533623372,23.48775304,114.6931692
2019,"November",21,"TRE","C",5,"Reco",10,80,429.4368207,24.29760417,65.78375,-0.197860192,-0.118801697,0.21152901,0.237316201,-3.406555345,1.251608898
2019,"April",11,"WAY","B",1,"NEE",10,80,413.2389036,25.32684783,71.14076087,3.135886279,2.822025665,0.900511003,0.610438722,128.4704918,133.5214361
2019,"April",11,"WAY","B",1,"NEE1",10,80,413.2389036,25.9277907,71.1377907,4.199001953,5.92513445,0.957949192,0.446365516,104.6853771,89.69587039
2019,"April",11,"WAY","B",1,"NEE2",10,80,413.2389036,26.50868132,71.12956044,3.639493566,3.300152064,0.970693605,0.403305929,58.11250779,75.4938844
2019,"April",11,"WAY","B",1,"NEE3",10,80,413.2389036,27.03752688,71.12967742,1.775137464,1.726620522,0.847399308,0.423660915,83.18609058,82.38720477
2019,"April",11,"WAY","B",2,"NEE",10,80,415.8462213,29.37366667,71.09855556,3.94310423,3.633543499,0.850827456,0.954467921,195.7754076,196.0980929
2019,"April",11,"WAY","B",2,"NEE1",10,80,415.8462213,29.61527473,71.09417582,3.752397096,5.293222426,0.910674171,0.642645563,147.6494679,140.7195969
2019,"April",11,"WAY","B",2,"NEE2",10,80,415.8462213,30.08806452,71.0844086,2.683523104,3.489522959,0.925841269,0.421565819,85.87835419,81.69315673
2019,"April",11,"WAY","B",2,"NEE3",10,80,415.8462213,30.43011111,71.08688889,2.13049976,5.029464544,0.862956555,0.469176307,101.8747583,96.6735346
2019,"April",11,"WAY","B",3,"NEE",10,80,419.5197462,31.42945652,71.04923913,4.969622197,4.316702226,0.974019265,0.607022031,96.00558145,132.7356399
2019,"April",11,"WAY","B",3,"NEE1",10,80,419.5197462,31.81802198,71.04725275,3.520677895,5.007356178,0.959819543,0.36113925,79.24056544,60.03343471
2019,"April",11,"WAY","B",3,"NEE2",10,80,419.5197462,32.43869565,71.04141304,3.143818241,3.650527418,0.957007512,0.371457189,68.46202535,63.97723462
2019,"April",11,"WAY","B",3,"NEE3",10,80,419.5197462,32.61336957,71.04173913,2.640927787,2.274834228,0.94803451,0.418999332,57.94005141,80.83823363
2019,"April",11,"WAY","B",4,"NEE",5,50,417.3159779,33.75510638,71.00404255,3.325980407,7.92399634,0.780485227,0.449660012,96.58119785,59.72494511
2019,"April",11,"WAY","B",4,"NEE1",10,80,417.3159779,34.32182796,71.00053763,2.713119369,3.53836135,0.877081751,0.580807297,129.313064,126.5551918
2019,"April",11,"WAY","B",4,"NEE2",10,80,417.3159779,34.81712766,71.00148936,3.217524102,3.722849194,0.921270342,0.521056679,118.5852422,111.3567636
2019,"April",11,"WAY","B",4,"NEE3",10,80,417.3159779,35.07181818,71.00079545,1.981989833,1.617318112,0.906746343,0.434295317,63.0831805,85.85799387
2019,"April",11,"WAY","B",5,"NEE",5,70,428.6493419,30.06032967,70.95120879,4.834378715,15.21897971,0.88887796,0.83604099,177.940569,165.1505013
2019,"April",11,"WAY","B",5,"NEE1",10,80,428.6493419,30.11244444,70.95022222,3.232023202,7.986446119,0.928895828,0.457404949,109.3300021,93.1162023
2019,"April",11,"WAY","B",5,"NEE2",10,80,428.6493419,30.326,70.95422222,2.189695049,9.107103579,0.901694008,0.36011945,79.28606951,59.63753762
2019,"April",11,"WAY","B",5,"NEE3",10,80,428.6493419,30.55373626,70.94835165,2.346071152,2.84309619,0.95535704,0.291549503,29.01848794,30.06590192
2019,"April",11,"WAY","B",1,"Reco",10,80,413.2389036,27.55583333,71.120625,-2.325412058,-1.844841242,0.949340394,0.423680978,35.44081274,82.39383453
2019,"April",11,"WAY","B",2,"Reco",10,80,415.8462213,30.8432967,71.07593407,-2.145251426,-1.737120059,0.961378387,0.353048742,5.448943763,56.86138574
2019,"April",11,"WAY","B",3,"Reco",10,80,419.5197462,32.9172043,71.04086022,-0.888621813,-0.461227692,0.725730983,0.416459313,40.48841408,79.98695553
2019,"April",11,"WAY","B",4,"Reco",10,80,417.3159779,35.11384615,70.99879121,-1.541298356,-1.140516239,0.916779136,0.371339073,18.53243226,63.93271056
2019,"April",11,"WAY","B",5,"Reco",10,80,428.6493419,30.73945652,70.93967391,-2.767847561,-2.144524916,0.982342178,0.444028901,-15.20172665,88.96107927
2019,"July",13,"WAY","B",1,"NEE",10,80,432.7201695,33.06919192,71.0369697,3.235852073,2.153739855,0.68247645,1.446117146,238.8220003,254.2657659
2019,"July",13,"WAY","B",1,"NEE1",10,80,432.7201695,33.21695652,71.03978261,3.171074172,2.652719346,0.970794505,0.450428101,41.58188572,90.9643134
2019,"July",13,"WAY","B",1,"NEE2",10,80,432.7201695,33.24252747,71.03505495,4.4487923,3.902558463,0.978391941,0.500793555,67.7413651,105.8036811
2019,"July",13,"WAY","B",1,"NEE3",10,80,432.7201695,33.36340909,71.03386364,3.080948987,3.379050536,0.963104382,0.346763149,54.73852587,54.34640497
2019,"July",13,"WAY","B",2,"NEE",10,80,422.8457307,34.36380435,71.00576087,4.987745831,4.348859542,0.95205658,0.755148275,143.051949,163.3045049
2019,"July",13,"WAY","B",2,"NEE1",10,80,422.8457307,34.49293478,70.99956522,5.175357083,3.69258134,0.976101796,1.048407158,96.99791414,209.2403499
2019,"July",13,"WAY","B",2,"NEE2",10,80,422.8457307,34.60835165,70.99505495,3.299264172,2.934859963,0.934080721,0.552750501,108.4851273,119.6234697
2019,"July",13,"WAY","B",2,"NEE3",10,80,422.8457307,34.64934066,70.98912088,1.647060446,3.878803841,0.810976379,0.404592901,94.70251062,75.93992111
2019,"July",13,"WAY","B",3,"NEE",10,80,430.1024718,34.6141573,70.94067416,3.420313611,13.57534095,0.795007871,0.833450248,205.7436982,177.1168894
2019,"July",13,"WAY","B",4,"NEE",1,50,430.3906893,34.29044444,70.91544444,2.539247314,8.475085952,0.850448324,0.391751311,62.57652582,51.17546521
2019,"July",13,"WAY","B",5,"NEE",5,65,435.6377824,34.03568421,70.89326316,5.774657327,14.93456884,0.937837558,0.723599622,139.9204339,135.4164852
2019,"July",13,"WAY","B",1,"Reco",10,80,432.7201695,33.77411111,71.021,-3.205783073,-2.287356203,0.986005942,0.624514371,-9.862618809,136.7129358
2019,"July",13,"WAY","B",2,"Reco",10,80,422.8457307,34.734,70.98466667,-2.091039696,-1.632479182,0.971554239,0.356365991,-18.6585309,58.17068528
2019,"July",13,"WAY","B",3,"Reco",10,80,430.1024718,34.53580645,70.93752688,-1.068603616,-1.277250129,0.765364507,0.342319466,52.78591719,52.54074591
2019,"July",13,"WAY","B",4,"Reco",40,90,430.3906893,34.13319149,70.90851064,-1.292693562,-0.324403453,0.699795737,0.547290751,42.30644758,85.57524556
2019,"July",13,"WAY","B",5,"Reco",10,80,435.6377824,33.96934783,70.88597826,-1.844749786,-1.346051725,0.935314894,0.423538642,24.43661586,82.34679367
2019,"November",26,"WAY","B",1,"NEE",5,50,413.6209138,20.48122222,70.84922222,2.65968724,20.08613668,0.834316446,0.344715114,56.08568068,35.80533469
2019,"November",26,"WAY","B",2,"NEE",10,80,417.7330558,23.52225806,70.82698925,5.981970138,4.504985514,0.96726862,1.095115953,135.9717772,215.3427022
2019,"November",26,"WAY","B",3,"NEE",10,80,417.4163955,26.06098901,70.7921978,5.830841818,4.961281116,0.985840124,0.654597168,72.71267271,143.2993329
2019,"November",26,"WAY","B",4,"NEE",10,80,421.070324,28.31290323,70.76462366,4.334471647,3.944937482,0.976956582,0.436476623,67.01341617,86.55940245
2019,"November",26,"WAY","B",5,"NEE",10,80,422.8008661,30.29648352,70.73351648,2.927662104,2.547332186,0.938073938,0.489650524,85.4294396,102.6533968
2019,"November",26,"WAY","B",1,"Reco",10,80,413.6209138,21.57022472,70.85202247,-5.252556082,-3.775528851,0.976966232,1.006284612,90.78431458,203.4993595
2019,"November",26,"WAY","B",2,"Reco",10,80,417.7330558,24.31908046,70.82103448,-4.05503865,-2.894620696,0.977657935,0.793256683,53.15802995,170.1970877
2019,"November",26,"WAY","B",3,"Reco",10,80,417.4163955,26.79411111,70.79022222,-5.159794855,-4.613370276,0.993053209,0.395751351,4.893428249,72.84658366
2019,"November",26,"WAY","B",4,"Reco",10,80,421.070324,28.92304348,70.7576087,-1.81302236,-8.912337639,0.892948991,0.270334638,58.88591659,19.48901059
2019,"November",26,"WAY","B",5,"Reco",10,80,422.8008661,30.88340426,70.72861702,-4.527307009,-3.461787106,0.970559309,0.806351136,92.28277575,172.4892301
2019,"April",12,"WAY","C",1,"NEE",10,80,416.1907109,23.96074468,70.63202128,1.038693542,0.634119571,0.831670414,0.238622623,14.90548976,2.0201928
2019,"April",12,"WAY","C",1,"NEE1",5,60,416.1907109,23.95168539,70.62674157,1.067334319,-6.768247285,0.767104772,0.231625939,12.19079909,-0.84350084
2019,"April",12,"WAY","C",1,"NEE2",1,40,416.1907109,23.96068182,70.62420455,1.159126678,-6.486786092,0.634286103,0.224285639,15.81569811,-1.973019517
2019,"April",12,"WAY","C",1,"NEE3",10,80,416.1907109,23.94653465,70.62267327,-1.124916148,-0.969411329,0.858456795,0.530461117,11.70587201,113.8610605
2019,"April",12,"WAY","C",2,"NEE",10,80,429.4611591,23.97064516,70.61645161,0.890964635,0.753928104,0.883921116,0.199500987,-37.57061233,-23.0487861
2019,"April",12,"WAY","C",2,"NEE1",1,40,429.4611591,23.9251087,70.61402174,0.675866431,33.93201646,0.520885562,0.179313769,-8.694880689,-19.4281123
2019,"April",12,"WAY","C",2,"NEE2",10,80,429.4611591,23.89966667,70.61555556,0.504692428,0.631350619,0.831020141,0.543806767,-87.2655022,117.3396846
2019,"April",12,"WAY","C",2,"NEE3",1,40,429.4611591,23.88706522,70.61369565,0.725473259,46.9863812,0.543423894,0.162894833,-6.651002585,-26.91863766
2019,"April",12,"WAY","C",3,"NEE",20,90,421.993594,23.96827957,70.58774194,2.323450761,-0.396881684,0.830109765,0.481006179,130.1324582,100.1597443
2019,"April",12,"WAY","C",3,"NEE1",10,80,421.993594,24.08155556,70.58366667,1.389654928,3.034566747,0.873908977,0.289771569,32.39821413,29.20953686
2019,"April",12,"WAY","C",3,"NEE2",5,60,421.993594,24.35777778,70.57911111,1.020978627,1.17658572,0.838227818,0.200254443,-17.91035323,-16.85234697
2019,"April",12,"WAY","C",3,"NEE3",20,80,421.993594,24.56858696,70.57184783,-1.837019949,-0.984638386,0.863056148,0.563888116,50.20152032,105.4906001
2019,"April",12,"WAY","C",4,"NEE",10,80,420.6604502,24.12104167,70.53302083,0.724675405,-5.202806945,0.681502062,0.257312555,23.48087405,12.57734011
2019,"April",12,"WAY","C",4,"NEE1",10,80,420.6604502,23.97688889,70.52622222,1.65578439,1.498709714,0.960185635,0.210048879,-31.21252867,-15.83583554
2019,"April",12,"WAY","C",4,"NEE2",10,80,420.6604502,23.87758242,70.51747253,1.204444488,0.710735266,0.861179072,0.410696994,19.96471173,78.03632616
2019,"April",12,"WAY","C",4,"NEE3",5,60,420.6604502,23.80655172,70.51597701,0.860845059,6.420057326,0.753483425,0.204675812,-7.548628666,-14.45010668
2019,"April",12,"WAY","C",5,"NEE",10,80,432.1128421,23.40827957,70.48774194,0.54651967,0.79071801,0.47341806,0.357338894,44.74436308,58.55237393
2019,"April",12,"WAY","C",5,"NEE1",5,60,432.1128421,22.95576087,70.4851087,0.231531976,0.175801269,0.133011723,0.265379712,12.65622317,14.12067234
2019,"April",12,"WAY","C",5,"NEE2",5,60,432.1128421,22.28084337,70.47807229,-0.043471455,-0.278979542,0.003874567,0.424794662,30.8126289,65.86953744
2019,"April",12,"WAY","C",5,"NEE3",20,80,432.1128421,21.94835294,70.47811765,-0.110985154,5.910373261,0.041474456,0.257619805,10.74914568,11.48608241
2019,"April",12,"WAY","C",1,"Reco",10,80,416.1907109,23.91310345,70.62551724,-3.656291454,-2.862223767,0.985040105,0.547177214,9.786543926,118.2047094
2019,"April",12,"WAY","C",2,"Reco",10,80,429.4611591,23.8975,70.61282609,-3.423756427,-2.627572989,0.989422618,0.52762204,-24.53688391,113.1097552
2019,"April",12,"WAY","C",3,"Reco",10,80,421.993594,24.62468085,70.565,-4.01544136,-2.990915387,0.976971189,0.722945514,54.70553172,157.2032681
2019,"April",12,"WAY","C",4,"Reco",10,80,420.6604502,23.7,70.51175824,-1.834301841,-1.388498843,0.954310469,0.353847168,-6.556238753,57.17764088
2019,"April",12,"WAY","C",5,"Reco",10,80,432.1128421,21.50880435,70.47021739,-2.162156689,-1.453464127,0.944294171,0.524393088,30.64865812,112.2503481
2019,"July",13,"WAY","C",1,"NEE",10,80,414.4528615,18.55404494,70.78921348,6.551172411,5.146071683,0.988986159,0.924732518,67.60516832,191.6671616
2019,"July",13,"WAY","C",1,"NEE1",10,80,414.4528615,19.22411111,70.78588889,5.481419907,4.704048146,0.992326894,0.526987925,16.74229259,112.9413969
2019,"July",13,"WAY","C",1,"NEE2",5,70,414.4528615,19.95824176,70.78516484,1.283785026,2.866916608,0.752312685,0.365961344,62.6661013,57.75100989
2019,"July",13,"WAY","C",1,"NEE3",10,80,414.4528615,21.61377778,70.77955556,2.083632654,2.112837211,0.946805022,0.287519853,21.3386158,28.11739553
2019,"July",13,"WAY","C",2,"NEE",10,80,422.726854,23.70942529,70.7637931,5.743900196,5.111782986,0.984541797,0.540130087,75.84267131,116.3899298
2019,"July",13,"WAY","C",2,"NEE1",10,80,422.726854,24.30088889,70.76088889,4.898450474,3.810716837,0.982714428,0.759642257,61.58364675,164.1351931
2019,"July",13,"WAY","C",2,"NEE2",10,80,422.726854,24.89897727,70.755,5.971439017,4.49293057,0.980257778,1.025127646,99.65136301,206.0966663
2019,"July",13,"WAY","C",2,"NEE3",10,80,422.726854,25.48166667,70.754,2.637119816,1.951696957,0.974074772,0.487591282,3.673629563,102.0633805
2019,"July",13,"WAY","C",3,"NEE",10,80,423.1080868,27.46857143,70.74032967,6.37199764,5.693324355,0.987530475,0.556441907,76.39659018,123.8871251
2019,"July",13,"WAY","C",3,"NEE1",10,80,423.1080868,28.01579545,70.74034091,5.299434092,4.537150626,0.985389338,0.597435446,62.39492964,130.5070013
2019,"July",13,"WAY","C",3,"NEE2",10,80,423.1080868,28.62120879,70.73604396,3.556878069,3.147260239,0.982346483,0.363501216,19.78691547,60.94609773
2019,"July",13,"WAY","C",3,"NEE3",10,80,423.1080868,29.16527027,70.73594595,2.675899449,3.170299364,0.946191155,0.349194958,50.77062619,50.18608422
2019,"July",13,"WAY","C",4,"NEE",5,70,427.8052888,33.90293478,70.66565217,4.064700222,3.687880641,0.945906471,0.611418228,105.5643672,124.4739667
2019,"July",13,"WAY","C",5,"NEE",10,80,428.8629624,31.07738636,70.67897727,3.927864517,3.523846753,0.978138104,0.39210162,50.72875473,71.54947373
2019,"July",13,"WAY","C",5,"NEE1",10,80,428.8629624,31.44326316,70.67736842,3.57965343,5.285290071,0.941698124,0.497053826,109.5454623,104.7542931
2019,"July",13,"WAY","C",5,"NEE2",10,80,428.8629624,31.88602151,70.67010753,3.020893983,2.94943328,0.963179295,0.320327066,51.74174839,43.24448557
2019,"July",13,"WAY","C",5,"NEE3",10,80,428.8629624,32.29684783,70.66195652,1.729837292,4.493390315,0.881752229,0.360487311,62.16416716,59.78047418
2019,"July",13,"WAY","C",1,"Reco",20,90,414.4528615,22.42913978,70.78053763,-2.353735737,-1.520442701,0.915213716,0.633352423,74.58938429,138.6803105
2019,"July",13,"WAY","C",2,"Reco",10,80,422.726854,26.23114943,70.7516092,-0.894957256,-0.385432442,0.69468794,0.465301643,50.2890905,95.51255257
2019,"July",13,"WAY","C",3,"Reco",10,80,423.1080868,30.04107527,70.7255914,-3.099855393,-2.35853303,0.96159254,0.624092745,57.6208409,136.6183863
2019,"July",13,"WAY","C",4,"Reco",10,80,427.8052888,34.19349398,70.65445783,-2.133683411,-1.824552166,0.955436353,0.384143766,17.7100588,68.67889013
2019,"July",13,"WAY","C",5,"Reco",10,80,428.8629624,32.86406593,70.65802198,-2.27885225,-1.756450021,0.946420828,0.455908594,40.19502551,92.65745542
2019,"November",26,"WAY","C",1,"NEE",10,80,429.677314,32.78601852,70.41768519,5.833120135,5.242690509,0.972500867,0.663290971,124.8035612,145.1464549
2019,"November",26,"WAY","C",2,"NEE",10,70,431.2026051,34.50968085,70.39787234,4.348433616,3.533670823,0.978973437,0.542638472,37.72905207,100.8810934
2019,"November",26,"WAY","C",3,"NEE",10,80,437.264009,36.72065934,70.36582418,6.137268529,5.678085208,0.965191743,0.728986861,151.206888,158.3683272
2019,"November",26,"WAY","C",4,"NEE",5,60,435.1736312,37.52307692,70.34406593,2.877029941,16.16786347,0.803642613,0.574544552,116.5686495,99.08642884
2019,"November",26,"WAY","C",5,"NEE",10,80,437.8660004,37.58704545,70.33056818,4.143277647,2.994768991,0.960128528,0.897357981,105.8806584,187.4602096
2019,"November",26,"WAY","C",1,"Reco",10,80,429.677314,33.29067416,70.41280899,-5.080646416,-4.020692996,0.986394832,0.755015489,54.62364647,163.279885
2019,"November",26,"WAY","C",2,"Reco",10,80,431.2026051,36.46968421,70.38126316,-2.342788618,-1.81726821,0.967176278,0.420545824,10.02641599,81.35401094
2019,"November",26,"WAY","C",3,"Reco",10,80,437.264009,36.89053763,70.36473118,-4.413698533,-3.763553789,0.984377903,0.523124173,46.22984224,111.9111684
2019,"November",26,"WAY","C",4,"Reco",10,80,435.1736312,37.6487234,70.34138298,-3.524052383,-2.493126997,0.983143747,0.722794926,20.13266976,157.1741034
2019,"November",26,"WAY","C",5,"Reco",10,80,437.8660004,37.475,70.32869565,-4.416053181,-3.496838842,0.973412142,0.730282162,85.17667803,158.6168656
2020,"March",14,"ACJ","B",1,"NEE",5,60,284.6491699,-66.23505376,67.93430108,2.350513692,22.6992322,0.564605806,0.554967664,116.65142,95.27297142
2020,"March",14,"ACJ","B",2,"NEE",10,80,283.5698465,-66.18406504,67.90796748,2.210812165,2.051297055,0.84917095,0.38444944,67.16486544,68.79024777
2020,"March",14,"ACJ","B",3,"NEE",10,80,284.2131428,-66.23112,67.89392,2.637356647,1.967567811,0.767507289,0.663367546,130.0885233,145.1626167
2020,"March",14,"ACJ","B",4,"NEE",10,80,286.3810338,-66.20846154,67.86586538,0.910590348,0.113961456,0.302178713,0.669561826,123.4124494,146.463819
2020,"March",14,"ACJ","B",5,"NEE",10,80,287.1180559,-66.25435484,67.85064516,1.398148193,5.094366486,0.52448685,0.562797537,117.8942385,122.1453208
2020,"March",14,"ACJ","B",1,"Reco",10,80,284.6491699,-66.24863248,67.93282051,-2.01454588,-1.67694999,0.838967647,0.389061277,59.35157305,70.45968781
2020,"March",14,"ACJ","B",2,"Reco",10,80,283.5698465,-66.24769231,67.90538462,-5.45337639,-3.850918849,0.974458068,0.801724326,59.47098579,171.6836022
2020,"March",14,"ACJ","B",3,"Reco",10,80,284.2131428,-66.21021277,67.89638298,-3.872793568,-2.53461972,0.932003048,0.735947375,83.58668719,159.6987341
2020,"March",14,"ACJ","B",4,"Reco",10,80,286.3810338,-66.22010101,67.86343434,-3.269358987,-2.837888661,0.89584615,0.491529234,92.68433522,103.1895263
2020,"March",14,"ACJ","B",5,"Reco",10,80,287.1180559,-66.23321429,67.84517857,-2.114411647,-1.651453682,0.909338894,0.340940666,19.91250665,51.97571272
2020,"March",14,"ACJ","C",1,"NEE",10,60,291.6544094,-65.64549451,67.88230769,9.335303306,7.094948294,0.97663626,0.822438585,61.19632136,126.3046068
2020,"March",14,"ACJ","C",2,"NEE",10,80,285.9523502,-65.68717391,67.86054348,2.597713032,12.0323491,0.560766999,0.952071575,195.839938,195.7461582
2020,"March",14,"ACJ","C",2,"NEE1",10,80,285.9523502,-65.65626506,67.85915663,3.188254587,11.13592013,0.617902805,0.952964571,208.1836512,195.8774098
2020,"March",14,"ACJ","C",2,"NEE2",10,80,285.9523502,-65.67225806,67.86172043,6.379597971,8.087196065,0.928983769,0.680395774,158.5776176,148.7109789
2020,"March",14,"ACJ","C",2,"NEE3",40,85,285.9523502,-65.65311828,67.8555914,3.818444409,1.50968591,0.791005164,0.830069936,74.50864563,114.8965822
2020,"March",14,"ACJ","C",3,"NEE",10,80,293.9107901,-65.67402174,67.82326087,4.719712636,3.711858682,0.941125548,0.658131934,101.2929065,144.0532866
2020,"March",14,"ACJ","C",4,"NEE",10,80,290.04966,-65.65340659,67.79461538,0.280683403,-0.91169104,0.089998171,0.369305271,61.64852388,63.16383118
2020,"March",14,"ACJ","C",5,"NEE",10,80,288.9632513,-65.66925532,67.76117021,1.160271671,0.471827679,0.546271419,0.538162449,85.77236079,115.8789931
2020,"March",14,"ACJ","C",1,"Reco",10,80,291.6544094,-65.64404494,67.87202247,-1.092263149,-4.636431857,0.573151723,0.451600945,69.2374372,91.32837754
2020,"March",14,"ACJ","C",2,"Reco",10,80,285.9523502,-65.69741935,67.84494624,-3.305888467,-4.770909176,0.921488821,0.365525186,72.6012879,61.72345379
2020,"March",14,"ACJ","C",3,"Reco",10,80,293.9107901,-65.64765306,67.81918367,-4.182576588,-3.327212565,0.956786377,0.527321043,61.0280635,113.0298655
2020,"March",14,"ACJ","C",4,"Reco",10,55,290.04966,-65.66380435,67.78782609,-1.480751472,-11.35320039,0.175532383,0.851744403,119.8590317,117.2164697
2020,"March",14,"ACJ","C",5,"Reco",10,80,288.9632513,-65.64043011,67.75301075,-3.290167162,-2.984015153,0.906560638,0.450138636,85.6878177,90.87431425
2020,"March",14,"ACJ","NB",1,"NEE",10,80,284.6927074,-66.20544304,68.32126582,8.035854328,6.503065509,0.973539012,0.845324309,112.7193643,176.5951395
2020,"March",14,"ACJ","NB",2,"NEE",10,80,277.5233539,-66.19894118,68.294,6.560557042,6.789691301,0.946437684,0.634472511,139.5874536,138.9276828
2020,"March",14,"ACJ","NB",3,"NEE",10,80,280.5824827,-66.22043478,68.28663043,5.924121527,5.191328975,0.946112372,0.651734042,125.5523845,142.6856476
2020,"March",14,"ACJ","NB",4,"NEE",10,80,282.2314347,-66.20988889,68.26455556,7.792380209,9.70000241,0.924122722,0.880144486,190.4926321,184.7485796
2020,"March",14,"ACJ","NB",5,"NEE",10,80,280.63171,-66.2319802,68.24544554,12.27040368,9.580265396,0.994213294,1.24660868,67.11482069,233.4820203
2020,"March",14,"ACJ","NB",1,"Reco",10,80,284.6927074,-66.21133333,68.31991667,-2.802400069,-1.930370419,0.946839701,0.471309166,18.1657297,97.30852747
2020,"March",14,"ACJ","NB",2,"Reco",10,80,277.5233539,-66.24777027,68.29675676,-1.627775187,-1.149509158,0.656543639,0.521704014,99.49950384,111.5305846
2020,"March",14,"ACJ","NB",3,"Reco",10,80,280.5824827,-66.21478261,68.2848913,-7.176695487,-9.696514653,0.809723044,1.29652408,253.4322469,238.9784329
2020,"March",14,"ACJ","NB",4,"Reco",10,80,282.2314347,-66.21923913,68.26369565,-5.907002712,-5.254695627,0.952491134,0.597825479,115.7916792,130.5983697
2020,"March",14,"ACJ","NB",5,"Reco",10,60,280.63171,-66.20658537,68.24130081,-1.586615252,-0.407892641,0.532617202,0.425172251,63.30426346,60.32666401
2020,"March",15,"QUE","B",1,"NEE",10,80,282.0870212,-66.18515789,64.60336842,6.987420795,5.896629276,0.987708086,0.597376599,48.89204103,130.4932107
2020,"March",15,"QUE","B",2,"NEE",10,80,283.3742741,-66.22586957,64.58065217,3.903225022,2.686027735,0.969945829,0.645232372,31.00420599,141.2820005
2020,"March",15,"QUE","B",3,"NEE",10,80,297.5799869,-66.21602273,64.52920455,4.720195337,3.663174396,0.958146848,0.649052626,82.50697799,142.1084602
2020,"March",15,"QUE","B",4,"NEE",10,80,287.34612,-66.19413043,64.51934783,2.356044612,2.073300274,0.951232229,0.26098312,-4.752741331,14.56033052
2020,"March",15,"QUE","B",5,"NEE",10,80,286.063326,-66.21533333,64.49322222,4.281541163,2.476082029,0.958117588,0.934956471,68.79765284,193.2065242
2020,"March",15,"QUE","B",1,"Reco",10,80,282.0870212,-66.20429907,64.60056075,-3.378342226,-1.61379046,0.94723497,0.902789487,52.12171942,188.3050441
2020,"March",15,"QUE","B",2,"Reco",10,80,283.3742741,-66.19528926,64.58123967,-2.201181665,-1.224910193,0.823901128,0.634703073,86.81023002,138.9785483
2020,"March",15,"QUE","B",3,"Reco",10,80,297.5799869,-66.22376068,64.53153846,-0.957215021,-0.816517654,0.600180057,0.34166576,49.35379685,52.27314109
2020,"March",15,"QUE","B",4,"Reco",10,80,287.34612,-66.25180328,64.5202459,-1.956725507,-1.028320771,0.755959091,0.649006085,99.46898683,142.0984209
2020,"March",15,"QUE","B",5,"Reco",10,80,286.063326,-66.1878022,64.49527473,-2.201580287,-1.424717833,0.879459623,0.507252874,55.4711278,107.5978783
2020,"March",13,"TRE","B",1,"NEE",10,80,290.0651443,-66.19592308,66.62784615,0.626334665,0.274675699,0.451388405,0.329515039,27.33968292,47.20360711
2020,"March",13,"TRE","B",2,"NEE",10,80,289.4461686,-66.2,66.61166667,-1.47948233,-1.410612442,0.715593505,0.242826373,5.541338408,4.263753049
2020,"March",13,"TRE","B",3,"NEE",10,80,290.8954063,-66.22782609,66.61057971,-0.939639193,-3.246894368,0.334305963,0.461830773,82.11615247,80.23836645
2020,"March",13,"TRE","B",4,"NEE",10,80,309.5569623,-66.215625,66.39328125,10.83650542,8.194665539,0.972323925,1.092358071,101.871248,166.7479664
2020,"March",13,"TRE","B",5,"NEE",10,80,308.8698515,-66.22128571,66.61957143,-4.531730671,-2.756286975,0.646091458,1.388996257,198.5803886,213.6682952
2020,"March",13,"TRE","B",1,"Reco",10,80,290.0651443,-66.2046,66.624,-0.98023424,-0.691519785,0.546716373,0.394405504,63.74611161,72.36966884
2020,"March",13,"TRE","B",2,"Reco",10,80,289.4461686,-66.19950413,66.61735537,-3.099268326,-2.426946728,0.949122604,0.426347103,32.77522441,83.27206132
2020,"March",13,"TRE","B",3,"Reco",10,80,290.8954063,-66.22663043,66.61793478,-1.389366281,-1.192975037,0.667374928,0.417422296,77.15059505,80.3103055
2020,"March",13,"TRE","B",4,"Reco",10,80,309.5569623,-66.21947917,66.62364583,-1.890226135,-1.264122942,0.84738972,0.439678092,48.61039038,87.58252694
2020,"March",13,"TRE","B",5,"Reco",10,80,308.8698515,-66.1875641,66.62423077,-1.250177131,-1.555713651,0.149215224,1.252447382,224.8131281,227.5591769
2020,"March",13,"TRE","C",1,"NEE",5,60,295.6740417,-65.66946809,65.75170213,0.542146234,-1.898423794,0.195919332,0.328426316,49.94568564,37.56726396
2020,"March",13,"TRE","C",2,"NEE",10,80,300.1069375,-65.64365591,65.73741935,1.631356731,1.096293946,0.778645296,0.443850805,62.38596797,88.90491545
2020,"March",13,"TRE","C",3,"NEE",10,80,295.9278166,-65.66282609,65.73869565,-1.189538714,-0.460223059,0.651652576,0.500385628,62.37716475,105.689596
2020,"March",13,"TRE","C",4,"NEE",10,80,331.6747976,-65.67903226,65.7383871,3.919128277,3.477530544,0.927908032,0.499961568,94.69157986,105.5709005
2020,"March",13,"TRE","C",5,"NEE",10,70,293.7358845,-65.66164835,65.71703297,4.381925404,3.228042252,0.914984179,0.666562255,88.28496899,125.5639223
2020,"March",13,"TRE","C",1,"Reco",10,80,295.6740417,-65.68419355,65.75086022,-3.031068,-7.24784533,0.85723612,0.472991016,112.2906004,97.80722314
2020,"March",13,"TRE","C",2,"Reco",10,80,300.1069375,-65.65722892,65.7460241,-2.494477352,-2.201191066,0.853148788,0.42155764,87.02323043,81.69044041
2020,"March",13,"TRE","C",3,"Reco",10,80,295.9278166,-65.67924731,65.74032258,-2.872745794,-2.179884415,0.897516726,0.519801224,77.92375892,111.0190347
2020,"March",13,"TRE","C",4,"Reco",10,80,331.6747976,-65.66644444,65.733,-2.132232821,-1.602174289,0.882246149,0.410499538,46.72753166,77.9690005
2020,"March",13,"TRE","C",5,"Reco",10,80,293.7358845,-65.66296703,65.71472527,-2.035431977,-1.437634706,0.83262785,0.474259027,69.21948174,98.18203808
2020,"March",12,"WAY","B",1,"NEE",10,80,281.2717341,-66.19947917,70.97447917,8.609319592,7.316627827,0.984514594,0.68112278,81.79387384,148.8604897
2020,"March",12,"WAY","B",2,"NEE",10,80,289.2655721,-66.23341176,70.96152941,6.043973579,4.767793891,0.948011831,0.767382855,120.2873497,165.554545
2020,"March",12,"WAY","B",3,"NEE",10,80,282.7712234,-66.22232558,70.93546512,6.189857401,5.396829716,0.945425922,0.665229654,127.3232361,145.5550535
2020,"March",12,"WAY","B",4,"NEE",10,80,281.9041886,-66.17979167,70.90979167,4.79063974,4.193091454,0.947738951,0.501620458,87.73624547,106.0346562
2020,"March",12,"WAY","B",5,"NEE",10,80,281.3242785,-66.24630952,70.88571429,3.397534006,1.7409443,0.843624574,0.910864996,125.0780232,189.5517851
2020,"March",12,"WAY","B",1,"Reco",10,80,281.2717341,-66.20473684,70.97631579,-3.494549162,-2.857864027,0.959659429,0.386140467,23.56321543,69.40469709
2020,"March",12,"WAY","B",2,"Reco",10,80,289.2655721,-66.2298913,70.95967391,-4.993175395,-3.827093736,0.93530101,0.711607539,109.6057123,154.990245
2020,"March",12,"WAY","B",3,"Reco",10,80,282.7712234,-66.20422222,70.93555556,-7.520595005,-6.123810037,0.979207888,0.72723585,83.9756658,158.0316456
2020,"March",12,"WAY","B",4,"Reco",10,80,281.9041886,-66.22581081,70.9127027,-1.835404444,-1.597328512,0.773517562,0.366439742,53.1287486,57.09030371
2020,"March",12,"WAY","B",5,"Reco",10,80,281.3242785,-66.22043956,70.88879121,-3.826523115,-3.475145124,0.953718557,0.355666345,46.796075,57.89555632
2020,"March",12,"WAY","C",1,"NEE",10,80,289.844898,-65.68851064,70.65595745,6.333946713,13.35690349,0.952094991,0.478856957,121.784665,99.53279737
2020,"March",12,"WAY","C",2,"NEE",10,80,284.8518219,-65.65777778,70.62222222,2.621811564,2.142313303,0.84311892,0.489183451,89.4797629,102.5197883
2020,"March",12,"WAY","C",3,"NEE",10,80,287.3719348,-65.64351648,70.59912088,4.746351032,5.773878867,0.860751457,0.760138255,163.8792528,164.2265743
2020,"March",12,"WAY","C",4,"NEE",10,80,290.4313681,-65.68445652,70.57521739,-1.362799317,-0.861547491,0.70614416,0.409674795,53.78970591,77.68744062
2020,"March",12,"WAY","C",5,"NEE",10,80,289.4733217,-65.62931373,70.54558824,0.507715445,1.096827484,0.170559811,0.439912553,88.2248358,87.65716306
2020,"March",12,"WAY","C",1,"Reco",10,80,289.844898,-65.6719,70.6535,-4.692969074,-3.173258141,0.916941559,0.859559711,120.9531551,181.4353692
2020,"March",12,"WAY","C",2,"Reco",10,80,284.8518219,-65.64758242,70.61945055,-6.276343663,-5.000824647,0.970386788,0.69404253,85.08924354,151.4911818
2020,"March",12,"WAY","C",3,"Reco",10,80,287.3719348,-65.64722222,70.59555556,-4.951475306,-3.312092887,0.963621973,0.803268178,66.55091938,171.9529359
2020,"March",12,"WAY","C",4,"Reco",10,80,290.4313681,-65.64318681,70.57417582,-3.570853837,-3.746399472,0.947306615,0.324859694,47.73718944,45.21160093
2020,"March",12,"WAY","C",5,"Reco",10,80,289.4733217,-65.64168539,70.54292135,-2.89102937,-2.189315233,0.862214591,0.547861608,92.74109257,118.3797081
